case_id,activity,timestamp,resource
173688,A_SUBMITTED,2011-10-01 00:38:44,112
173688,A_PARTLYSUBMITTED,2011-10-01 00:38:44,112
173688,A_PREACCEPTED,2011-10-01 00:39:37,112
173688,W_Completeren aanvraag,2011-10-01 00:39:38,112
173688,W_Completeren aanvraag,2011-10-01 11:36:46,SYSTEM
173688,A_ACCEPTED,2011-10-01 11:42:43,10862
173688,O_SELECTED,2011-10-01 11:45:09,10862
173688,A_FINALIZED,2011-10-01 11:45:09,10862
173688,O_CREATED,2011-10-01 11:45:11,10862
173688,O_SENT,2011-10-01 11:45:11,10862
173688,W_Nabellen offertes,2011-10-01 11:45:11,SYSTEM
173688,W_Completeren aanvraag,2011-10-01 11:45:13,SYSTEM
173688,W_Nabellen offertes,2011-10-01 12:15:41,SYSTEM
173688,W_Nabellen offertes,2011-10-01 12:17:08,SYSTEM
173688,W_Nabellen offertes,2011-10-08 16:26:57,10913
173688,W_Nabellen offertes,2011-10-08 16:32:00,10913
173688,W_Nabellen offertes,2011-10-10 11:32:22,11049
173688,O_SENT_BACK,2011-10-10 11:33:03,11049
173688,W_Valideren aanvraag,2011-10-10 11:33:04,11049
173688,W_Nabellen offertes,2011-10-10 11:33:05,11049
173688,W_Valideren aanvraag,2011-10-13 10:05:26,10629
173688,A_REGISTERED,2011-10-13 10:37:29,10629
173688,A_APPROVED,2011-10-13 10:37:29,10629
173688,O_ACCEPTED,2011-10-13 10:37:29,10629
173688,A_ACTIVATED,2011-10-13 10:37:29,10629
173688,W_Valideren aanvraag,2011-10-13 10:37:37,10629
173691,A_SUBMITTED,2011-10-01 08:08:58,112
173691,A_PARTLYSUBMITTED,2011-10-01 08:09:02,112
173691,A_PREACCEPTED,2011-10-01 08:09:56,112
173691,W_Completeren aanvraag,2011-10-01 08:09:59,112
173691,W_Completeren aanvraag,2011-10-01 11:37:32,SYSTEM
173691,W_Completeren aanvraag,2011-10-01 11:43:13,SYSTEM
173691,W_Completeren aanvraag,2011-10-01 14:27:57,SYSTEM
173691,A_ACCEPTED,2011-10-01 14:33:54,10862
173691,A_FINALIZED,2011-10-01 14:35:46,10862
173691,O_SELECTED,2011-10-01 14:35:46,10862
173691,O_CREATED,2011-10-01 14:35:47,10862
173691,O_SENT,2011-10-01 14:35:47,10862
173691,W_Nabellen offertes,2011-10-01 14:35:47,SYSTEM
173691,W_Completeren aanvraag,2011-10-01 14:35:48,SYSTEM
173691,W_Nabellen offertes,2011-10-01 14:36:13,SYSTEM
173691,W_Nabellen offertes,2011-10-01 14:36:25,SYSTEM
173691,W_Nabellen offertes,2011-10-03 16:54:43,SYSTEM
173691,O_SELECTED,2011-10-03 16:56:17,11120
173691,O_CANCELLED,2011-10-03 16:56:17,11120
173691,O_CREATED,2011-10-03 16:56:19,11120
173691,O_SENT,2011-10-03 16:56:19,11120
173691,W_Nabellen offertes,2011-10-03 16:56:19,SYSTEM
173691,W_Nabellen offertes,2011-10-03 16:56:21,SYSTEM
173691,W_Nabellen offertes,2011-10-03 16:56:34,SYSTEM
173691,W_Nabellen offertes,2011-10-03 16:57:16,SYSTEM
173691,W_Nabellen offertes,2011-10-10 10:13:44,11049
173691,O_SENT_BACK,2011-10-10 10:14:43,11049
173691,W_Valideren aanvraag,2011-10-10 10:14:44,11049
173691,W_Nabellen offertes,2011-10-10 10:14:45,11049
173691,W_Valideren aanvraag,2011-10-10 11:12:36,10809
173691,W_Valideren aanvraag,2011-10-10 11:30:54,10809
173691,W_Valideren aanvraag,2011-10-10 14:11:42,10809
173691,W_Valideren aanvraag,2011-10-10 14:14:13,10809
173691,W_Valideren aanvraag,2011-10-10 14:14:52,10809
173691,O_ACCEPTED,2011-10-10 14:17:26,10809
173691,A_APPROVED,2011-10-10 14:17:26,10809
173691,A_REGISTERED,2011-10-10 14:17:26,10809
173691,A_ACTIVATED,2011-10-10 14:17:26,10809
173691,W_Valideren aanvraag,2011-10-10 14:17:34,10809
173694,A_SUBMITTED,2011-10-01 08:10:30,112
173694,A_PARTLYSUBMITTED,2011-10-01 08:10:30,112
173694,A_PREACCEPTED,2011-10-01 08:11:13,112
173694,W_Completeren aanvraag,2011-10-01 08:11:13,112
173694,W_Completeren aanvraag,2011-10-01 11:31:25,10912
173694,W_Completeren aanvraag,2011-10-01 11:35:59,10912
173694,W_Completeren aanvraag,2011-10-03 11:12:02,SYSTEM
173694,W_Completeren aanvraag,2011-10-03 11:21:22,SYSTEM
173694,W_Completeren aanvraag,2011-10-03 13:21:06,11201
173694,W_Completeren aanvraag,2011-10-03 13:32:43,11201
173694,W_Completeren aanvraag,2011-10-03 13:32:52,11201
173694,A_ACCEPTED,2011-10-03 13:34:25,11201
173694,A_FINALIZED,2011-10-03 13:40:14,11201
173694,O_SELECTED,2011-10-03 13:40:14,11201
173694,O_CREATED,2011-10-03 13:40:15,11201
173694,O_SENT,2011-10-03 13:40:15,11201
173694,W_Nabellen offertes,2011-10-03 13:40:15,11201
173694,W_Completeren aanvraag,2011-10-03 13:40:17,11201
173694,W_Nabellen offertes,2011-10-03 13:40:42,11201
173694,O_SELECTED,2011-10-03 13:44:17,11201
173694,O_CANCELLED,2011-10-03 13:44:17,11201
173694,O_CREATED,2011-10-03 13:44:19,11201
173694,O_SENT,2011-10-03 13:44:19,11201
173694,W_Nabellen offertes,2011-10-03 13:44:19,11201
173694,W_Nabellen offertes,2011-10-03 13:44:21,11201
173694,W_Nabellen offertes,2011-10-10 16:46:59,SYSTEM
173694,W_Nabellen offertes,2011-10-10 16:47:18,SYSTEM
173694,W_Nabellen offertes,2011-10-10 19:29:54,11119
173694,W_Nabellen offertes,2011-10-10 19:34:36,11119
173694,W_Nabellen offertes,2011-10-14 18:15:44,10912
173694,W_Nabellen offertes,2011-10-14 18:16:42,10912
173694,W_Nabellen offertes,2011-10-17 19:41:28,10861
173694,O_SELECTED,2011-10-17 19:43:53,10861
173694,O_CANCELLED,2011-10-17 19:43:53,10861
173694,O_CREATED,2011-10-17 19:43:55,10861
173694,O_SENT,2011-10-17 19:43:55,10861
173694,W_Nabellen offertes,2011-10-17 19:43:56,10861
173694,W_Nabellen offertes,2011-10-17 19:43:57,10861
173694,W_Nabellen offertes,2011-10-25 10:46:08,SYSTEM
173694,W_Nabellen offertes,2011-10-25 10:50:48,SYSTEM
173694,W_Nabellen offertes,2011-10-26 18:48:57,11203
173694,W_Nabellen offertes,2011-10-26 18:50:22,11203
173694,W_Nabellen offertes,2011-10-29 12:39:08,11181
173694,W_Nabellen offertes,2011-10-29 12:41:29,11181
173694,W_Nabellen offertes,2011-11-01 14:54:40,11189
173694,W_Nabellen offertes,2011-11-01 14:55:35,11189
173694,W_Nabellen offertes,2011-11-01 17:16:31,11119
173694,W_Nabellen offertes,2011-11-01 17:21:02,11119
173694,W_Nabellen offertes,2011-11-02 09:11:44,11049
173694,O_SENT_BACK,2011-11-02 09:15:16,11049
173694,W_Valideren aanvraag,2011-11-02 09:15:16,11049
173694,W_Nabellen offertes,2011-11-02 09:15:18,11049
173694,W_Valideren aanvraag,2011-11-04 15:24:21,10609
173694,O_ACCEPTED,2011-11-04 16:04:52,10609
173694,A_APPROVED,2011-11-04 16:04:52,10609
173694,A_REGISTERED,2011-11-04 16:04:52,10609
173694,A_ACTIVATED,2011-11-04 16:04:52,10609
173694,W_Valideren aanvraag,2011-11-04 16:05:01,10609
173694,W_Wijzigen contractgegevens,2012-02-15 12:29:26,10912
173697,A_SUBMITTED,2011-10-01 08:11:08,112
173697,A_PARTLYSUBMITTED,2011-10-01 08:11:09,112
173697,A_DECLINED,2011-10-01 08:11:46,112
173700,A_SUBMITTED,2011-10-01 08:15:39,112
173700,A_PARTLYSUBMITTED,2011-10-01 08:15:40,112
173700,A_DECLINED,2011-10-01 08:16:21,112
173703,A_SUBMITTED,2011-10-01 09:45:25,112
173703,A_PARTLYSUBMITTED,2011-10-01 09:45:25,112
173703,A_PREACCEPTED,2011-10-01 09:46:18,112
173703,W_Completeren aanvraag,2011-10-01 09:46:18,112
173703,W_Completeren aanvraag,2011-10-01 11:37:46,10912
173703,W_Completeren aanvraag,2011-10-01 11:40:24,10912
173703,W_Completeren aanvraag,2011-10-01 12:40:26,10912
173703,A_CANCELLED,2011-10-01 13:02:11,10912
173703,W_Completeren aanvraag,2011-10-01 13:02:12,10912
173706,A_SUBMITTED,2011-10-01 09:45:37,112
173706,A_PARTLYSUBMITTED,2011-10-01 09:45:37,112
173706,W_Afhandelen leads,2011-10-01 09:46:18,112
173706,W_Afhandelen leads,2011-10-01 10:15:43,10912
173706,A_PREACCEPTED,2011-10-01 10:16:48,10912
173706,W_Completeren aanvraag,2011-10-01 10:16:48,10912
173706,W_Afhandelen leads,2011-10-01 10:16:49,10912
173706,W_Completeren aanvraag,2011-10-01 11:49:28,10912
173706,W_Completeren aanvraag,2011-10-01 11:50:14,10912
173706,W_Completeren aanvraag,2011-10-01 11:50:21,10912
173706,W_Completeren aanvraag,2011-10-01 11:53:55,10912
173706,W_Completeren aanvraag,2011-10-01 14:50:26,SYSTEM
173706,A_DECLINED,2011-10-01 14:59:58,11111
173706,W_Completeren aanvraag,2011-10-01 15:00:02,SYSTEM
173709,A_SUBMITTED,2011-10-01 09:57:42,112
173709,A_PARTLYSUBMITTED,2011-10-01 09:57:43,112
173709,A_PREACCEPTED,2011-10-01 09:58:27,112
173709,W_Completeren aanvraag,2011-10-01 09:58:27,112
173709,W_Completeren aanvraag,2011-10-01 10:26:42,10912
173709,W_Completeren aanvraag,2011-10-01 10:27:07,10912
173709,W_Completeren aanvraag,2011-10-01 11:40:40,10912
173709,W_Completeren aanvraag,2011-10-01 11:43:02,10912
173709,W_Completeren aanvraag,2011-10-10 17:42:24,10982
173709,W_Completeren aanvraag,2011-10-10 17:43:13,10982
173709,W_Completeren aanvraag,2011-11-01 09:15:08,10982
173709,A_CANCELLED,2011-11-01 09:15:08,112
173712,A_SUBMITTED,2011-10-01 09:58:30,112
173712,A_PARTLYSUBMITTED,2011-10-01 09:58:30,112
173712,W_Afhandelen leads,2011-10-01 09:58:44,112
173712,W_Afhandelen leads,2011-10-01 10:08:36,10912
173712,A_PREACCEPTED,2011-10-01 10:10:24,10912
173712,W_Completeren aanvraag,2011-10-01 10:10:24,10912
173712,W_Afhandelen leads,2011-10-01 10:10:25,10912
173712,W_Completeren aanvraag,2011-10-01 12:59:13,11019
173712,W_Completeren aanvraag,2011-10-01 13:03:35,11019
173712,W_Completeren aanvraag,2011-10-03 11:16:05,11180
173712,W_Completeren aanvraag,2011-10-03 11:17:29,11180
173712,W_Completeren aanvraag,2011-10-03 14:39:34,11180
173712,A_CANCELLED,2011-10-03 14:42:53,11180
173712,W_Completeren aanvraag,2011-10-03 14:42:55,11180
173715,A_SUBMITTED,2011-10-01 09:59:10,112
173715,A_PARTLYSUBMITTED,2011-10-01 09:59:10,112
173715,A_PREACCEPTED,2011-10-01 09:59:42,112
173715,W_Completeren aanvraag,2011-10-01 09:59:43,112
173715,W_Completeren aanvraag,2011-10-01 11:44:00,SYSTEM
173715,W_Completeren aanvraag,2011-10-01 11:46:06,SYSTEM
173715,W_Completeren aanvraag,2011-10-01 12:18:51,10912
173715,A_ACCEPTED,2011-10-01 12:24:32,10912
173715,O_SELECTED,2011-10-01 12:30:20,10912
173715,A_FINALIZED,2011-10-01 12:30:20,10912
173715,O_CREATED,2011-10-01 12:30:21,10912
173715,O_SENT,2011-10-01 12:30:21,10912
173715,W_Nabellen offertes,2011-10-01 12:30:21,10912
173715,W_Completeren aanvraag,2011-10-01 12:30:24,10912
173715,W_Nabellen offertes,2011-10-08 16:35:18,10913
173715,W_Nabellen offertes,2011-10-08 16:38:17,10913
173715,W_Nabellen offertes,2011-10-10 12:53:54,10899
173715,O_SENT_BACK,2011-10-10 12:54:03,10899
173715,W_Valideren aanvraag,2011-10-10 12:54:03,10899
173715,W_Nabellen offertes,2011-10-10 12:54:04,10899
173715,W_Valideren aanvraag,2011-10-13 11:00:48,10138
173715,A_DECLINED,2011-10-13 11:05:24,10138
173715,O_DECLINED,2011-10-13 11:05:24,10138
173715,W_Valideren aanvraag,2011-10-13 11:05:28,10138
173718,A_SUBMITTED,2011-10-01 10:37:39,112
173718,A_PARTLYSUBMITTED,2011-10-01 10:37:39,112
173718,A_PREACCEPTED,2011-10-01 10:38:20,112
173718,W_Completeren aanvraag,2011-10-01 10:38:21,112
173718,W_Completeren aanvraag,2011-10-01 10:38:48,SYSTEM
173718,A_ACCEPTED,2011-10-01 10:42:21,10862
173718,A_FINALIZED,2011-10-01 10:44:40,10862
173718,O_SELECTED,2011-10-01 10:44:40,10862
173718,O_CREATED,2011-10-01 10:44:42,10862
173718,O_SENT,2011-10-01 10:44:42,10862
173718,W_Nabellen offertes,2011-10-01 10:44:42,SYSTEM
173718,W_Completeren aanvraag,2011-10-01 10:44:43,SYSTEM
173718,W_Nabellen offertes,2011-10-01 10:44:54,SYSTEM
173718,W_Nabellen offertes,2011-10-01 10:44:58,SYSTEM
173718,W_Nabellen offertes,2011-10-01 10:45:27,SYSTEM
173718,O_SELECTED,2011-10-01 10:46:52,10862
173718,O_CANCELLED,2011-10-01 10:46:52,10862
173718,O_CREATED,2011-10-01 10:46:54,10862
173718,O_SENT,2011-10-01 10:46:54,10862
173718,W_Nabellen offertes,2011-10-01 10:46:54,SYSTEM
173718,W_Nabellen offertes,2011-10-01 10:46:56,SYSTEM
173718,W_Nabellen offertes,2011-10-01 10:47:14,SYSTEM
173718,W_Nabellen offertes,2011-10-01 10:50:20,SYSTEM
173718,W_Nabellen offertes,2011-10-01 10:50:29,SYSTEM
173718,W_Nabellen offertes,2011-10-01 10:50:34,SYSTEM
173718,W_Nabellen offertes,2011-10-08 16:29:16,11002
173718,W_Nabellen offertes,2011-10-08 16:31:37,11002
173718,W_Nabellen offertes,2011-10-10 10:54:21,11049
173718,O_SENT_BACK,2011-10-10 10:55:04,11049
173718,W_Valideren aanvraag,2011-10-10 10:55:05,11049
173718,W_Nabellen offertes,2011-10-10 10:55:07,11049
173718,W_Valideren aanvraag,2011-10-13 12:09:25,10629
173718,W_Nabellen incomplete dossiers,2011-10-13 12:36:10,10629
173718,W_Valideren aanvraag,2011-10-13 12:36:12,10629
173718,W_Nabellen incomplete dossiers,2011-10-13 13:01:57,SYSTEM
173718,W_Nabellen incomplete dossiers,2011-10-13 13:05:42,SYSTEM
173718,W_Nabellen incomplete dossiers,2011-10-13 13:52:13,10629
173718,W_Nabellen incomplete dossiers,2011-10-13 13:53:16,10629
173718,W_Nabellen incomplete dossiers,2011-10-13 16:51:40,11122
173718,W_Nabellen incomplete dossiers,2011-10-13 17:12:01,11122
173718,W_Nabellen incomplete dossiers,2011-10-13 17:12:16,11122
173718,W_Nabellen incomplete dossiers,2011-10-13 17:14:13,11122
173718,W_Nabellen incomplete dossiers,2011-10-13 17:14:15,11122
173718,W_Nabellen incomplete dossiers,2011-10-13 17:14:26,11122
173718,W_Nabellen incomplete dossiers,2011-10-15 15:13:04,10913
173718,W_Nabellen incomplete dossiers,2011-10-15 15:17:31,10913
173718,W_Nabellen incomplete dossiers,2011-10-15 16:56:05,10913
173718,W_Nabellen incomplete dossiers,2011-10-15 16:56:14,10913
173718,W_Nabellen incomplete dossiers,2011-10-17 13:31:52,SYSTEM
173718,W_Nabellen incomplete dossiers,2011-10-17 13:32:51,SYSTEM
173718,W_Nabellen incomplete dossiers,2011-10-17 14:28:20,SYSTEM
173718,W_Nabellen incomplete dossiers,2011-10-17 14:28:36,SYSTEM
173718,W_Nabellen incomplete dossiers,2011-10-18 16:14:48,10889
173718,W_Nabellen incomplete dossiers,2011-10-18 16:46:24,10889
173718,W_Nabellen incomplete dossiers,2011-10-18 17:23:36,11002
173718,W_Valideren aanvraag,2011-10-18 17:46:32,11002
173718,W_Nabellen incomplete dossiers,2011-10-18 17:46:34,11002
173718,W_Valideren aanvraag,2011-10-19 08:40:06,10972
173718,W_Nabellen incomplete dossiers,2011-10-19 08:53:19,10972
173718,W_Valideren aanvraag,2011-10-19 08:53:21,10972
173718,W_Nabellen incomplete dossiers,2011-10-19 09:04:40,SYSTEM
173718,W_Nabellen incomplete dossiers,2011-10-19 09:17:01,SYSTEM
173718,W_Nabellen incomplete dossiers,2011-10-19 09:17:06,SYSTEM
173718,W_Nabellen incomplete dossiers,2011-10-19 09:24:19,SYSTEM
173718,W_Nabellen incomplete dossiers,2011-10-20 09:30:20,11049
173718,W_Nabellen incomplete dossiers,2011-10-20 09:30:32,11049
173718,W_Nabellen incomplete dossiers,2011-10-24 15:18:56,11121
173718,W_Nabellen incomplete dossiers,2011-10-24 15:24:55,11121
173718,W_Nabellen incomplete dossiers,2011-10-26 08:11:48,SYSTEM
173718,W_Valideren aanvraag,2011-10-26 08:12:36,SYSTEM
173718,W_Nabellen incomplete dossiers,2011-10-26 08:12:38,SYSTEM
173718,W_Valideren aanvraag,2011-10-27 09:02:10,10972
173718,O_ACCEPTED,2011-10-27 09:17:53,10972
173718,A_APPROVED,2011-10-27 09:17:53,10972
173718,A_REGISTERED,2011-10-27 09:17:53,10972
173718,A_ACTIVATED,2011-10-27 09:17:53,10972
173718,W_Valideren aanvraag,2011-10-27 09:18:01,10972
173721,A_SUBMITTED,2011-10-01 11:07:34,112
173721,A_PARTLYSUBMITTED,2011-10-01 11:07:34,112
173721,A_PREACCEPTED,2011-10-01 11:08:17,112
173721,W_Completeren aanvraag,2011-10-01 11:08:17,112
173721,W_Completeren aanvraag,2011-10-01 11:09:08,10939
173721,A_ACCEPTED,2011-10-01 11:18:36,10939
173721,O_SELECTED,2011-10-01 11:20:47,10939
173721,A_FINALIZED,2011-10-01 11:20:47,10939
173721,O_CREATED,2011-10-01 11:20:49,10939
173721,O_SENT,2011-10-01 11:20:49,10939
173721,W_Nabellen offertes,2011-10-01 11:20:49,10939
173721,W_Completeren aanvraag,2011-10-01 11:20:50,10939
173721,W_Nabellen offertes,2011-10-01 11:21:20,10939
173721,W_Nabellen offertes,2011-10-01 11:22:52,10939
173721,W_Nabellen offertes,2011-10-01 11:26:32,10939
173721,W_Nabellen offertes,2011-10-01 11:32:54,10939
173721,W_Nabellen offertes,2011-10-04 14:44:10,SYSTEM
173721,W_Nabellen offertes,2011-10-04 14:47:39,SYSTEM
173721,W_Nabellen offertes,2011-10-06 09:49:01,SYSTEM
173721,O_SENT_BACK,2011-10-06 09:49:46,11029
173721,W_Valideren aanvraag,2011-10-06 09:49:46,SYSTEM
173721,W_Nabellen offertes,2011-10-06 09:49:47,SYSTEM
173721,W_Valideren aanvraag,2011-10-10 09:32:46,10609
173721,W_Nabellen incomplete dossiers,2011-10-10 10:06:07,10609
173721,W_Valideren aanvraag,2011-10-10 10:06:09,10609
173721,W_Nabellen incomplete dossiers,2011-10-10 10:17:26,10912
173721,W_Nabellen incomplete dossiers,2011-10-10 10:20:04,10912
173721,W_Nabellen incomplete dossiers,2011-10-10 11:40:34,10912
173721,W_Nabellen incomplete dossiers,2011-10-10 11:42:32,10912
173721,W_Nabellen incomplete dossiers,2011-10-10 14:15:47,SYSTEM
173721,W_Nabellen incomplete dossiers,2011-10-10 14:22:14,SYSTEM
173721,W_Nabellen incomplete dossiers,2011-10-10 16:22:05,11009
173721,O_DECLINED,2011-10-10 16:28:25,11009
173721,A_DECLINED,2011-10-10 16:28:25,11009
173721,W_Nabellen incomplete dossiers,2011-10-10 16:28:29,11009
173724,A_SUBMITTED,2011-10-01 11:52:14,112
173724,A_PARTLYSUBMITTED,2011-10-01 11:52:14,112
173724,W_Afhandelen leads,2011-10-01 11:53:00,112
173724,W_Afhandelen leads,2011-10-01 12:04:34,10912
173724,W_Afhandelen leads,2011-10-01 12:12:27,10912
173724,W_Afhandelen leads,2011-10-01 12:19:56,10939
173724,A_PREACCEPTED,2011-10-01 12:20:54,10939
173724,W_Completeren aanvraag,2011-10-01 12:20:54,10939
173724,W_Afhandelen leads,2011-10-01 12:20:55,10939
173724,W_Completeren aanvraag,2011-10-01 13:24:12,10912
173724,W_Completeren aanvraag,2011-10-01 13:27:08,10912
173724,W_Completeren aanvraag,2011-10-01 14:01:52,SYSTEM
173724,W_Completeren aanvraag,2011-10-01 14:02:01,SYSTEM
173724,W_Completeren aanvraag,2011-10-01 15:12:31,11000
173724,W_Completeren aanvraag,2011-10-01 15:15:17,11000
173724,W_Completeren aanvraag,2011-10-03 11:31:38,SYSTEM
173724,W_Completeren aanvraag,2011-10-03 11:33:42,SYSTEM
173724,W_Completeren aanvraag,2011-10-03 15:37:41,11201
173724,A_DECLINED,2011-10-03 15:48:17,11201
173724,W_Completeren aanvraag,2011-10-03 15:48:20,11201
173727,A_SUBMITTED,2011-10-01 12:08:46,112
173727,A_PARTLYSUBMITTED,2011-10-01 12:08:46,112
173727,A_DECLINED,2011-10-01 12:09:30,112
173730,A_SUBMITTED,2011-10-01 12:36:08,112
173730,A_PARTLYSUBMITTED,2011-10-01 12:36:09,112
173730,A_PREACCEPTED,2011-10-01 12:36:59,112
173730,W_Completeren aanvraag,2011-10-01 12:36:59,112
173730,W_Completeren aanvraag,2011-10-01 13:52:49,10912
173730,W_Completeren aanvraag,2011-10-01 13:55:31,10912
173730,W_Completeren aanvraag,2011-10-01 15:14:58,11203
173730,W_Completeren aanvraag,2011-10-01 15:15:12,11203
173730,W_Completeren aanvraag,2011-10-01 15:15:21,11203
173730,W_Completeren aanvraag,2011-10-01 15:31:19,11203
173730,W_Completeren aanvraag,2011-10-01 15:31:39,11203
173730,A_ACCEPTED,2011-10-01 15:36:06,11203
173730,O_SELECTED,2011-10-01 15:40:08,11203
173730,A_FINALIZED,2011-10-01 15:40:08,11203
173730,O_CREATED,2011-10-01 15:40:09,11203
173730,O_SENT,2011-10-01 15:40:10,11203
173730,W_Nabellen offertes,2011-10-01 15:40:10,11203
173730,W_Completeren aanvraag,2011-10-01 15:40:12,11203
173730,W_Nabellen offertes,2011-10-01 15:43:00,11203
173730,W_Nabellen offertes,2011-10-01 15:48:39,11203
173730,W_Nabellen offertes,2011-10-08 16:16:59,10913
173730,W_Nabellen offertes,2011-10-08 16:20:20,10913
173730,W_Nabellen offertes,2011-10-10 20:47:16,SYSTEM
173730,W_Nabellen offertes,2011-10-10 20:49:26,SYSTEM
173730,W_Nabellen offertes,2011-10-11 10:46:18,SYSTEM
173730,W_Nabellen offertes,2011-10-11 10:47:04,SYSTEM
173730,W_Nabellen offertes,2011-10-11 19:54:03,10863
173730,W_Nabellen offertes,2011-10-11 19:55:07,10863
173730,W_Nabellen offertes,2011-10-12 15:36:27,11180
173730,W_Nabellen offertes,2011-10-12 15:37:20,11180
173730,W_Nabellen offertes,2011-10-13 18:34:47,11180
173730,W_Nabellen offertes,2011-10-13 18:35:43,11180
173730,W_Nabellen offertes,2011-10-14 10:20:21,SYSTEM
173730,O_SENT_BACK,2011-10-14 10:21:08,11029
173730,W_Valideren aanvraag,2011-10-14 10:21:08,SYSTEM
173730,W_Nabellen offertes,2011-10-14 10:21:10,SYSTEM
173730,W_Valideren aanvraag,2011-10-19 12:25:18,10809
173730,W_Nabellen incomplete dossiers,2011-10-19 13:20:03,10809
173730,W_Valideren aanvraag,2011-10-19 13:20:05,10809
173730,W_Nabellen incomplete dossiers,2011-10-19 13:23:54,SYSTEM
173730,W_Nabellen incomplete dossiers,2011-10-19 13:32:57,SYSTEM
173730,W_Nabellen incomplete dossiers,2011-10-19 13:34:34,SYSTEM
173730,W_Nabellen incomplete dossiers,2011-10-19 13:36:44,SYSTEM
173730,W_Nabellen incomplete dossiers,2011-10-19 18:55:05,11122
173730,W_Nabellen incomplete dossiers,2011-10-19 19:11:47,11122
173730,W_Nabellen incomplete dossiers,2011-10-20 08:10:10,SYSTEM
173730,W_Valideren aanvraag,2011-10-20 08:10:34,SYSTEM
173730,W_Nabellen incomplete dossiers,2011-10-20 08:10:36,SYSTEM
173730,W_Valideren aanvraag,2011-10-20 09:37:43,10972
173730,W_Nabellen incomplete dossiers,2011-10-20 10:08:54,10972
173730,W_Valideren aanvraag,2011-10-20 10:08:56,10972
173730,W_Nabellen incomplete dossiers,2011-10-20 10:18:21,11169
173730,W_Nabellen incomplete dossiers,2011-10-20 10:27:48,11169
173730,W_Nabellen incomplete dossiers,2011-10-20 10:43:25,SYSTEM
173730,W_Valideren aanvraag,2011-10-20 10:45:04,SYSTEM
173730,W_Nabellen incomplete dossiers,2011-10-20 10:45:06,SYSTEM
173730,W_Valideren aanvraag,2011-10-20 11:55:35,10972
173730,W_Nabellen incomplete dossiers,2011-10-20 12:00:44,10972
173730,W_Valideren aanvraag,2011-10-20 12:00:47,10972
173730,W_Nabellen incomplete dossiers,2011-10-20 12:19:37,11169
173730,W_Nabellen incomplete dossiers,2011-10-20 12:32:33,11169
173730,W_Nabellen incomplete dossiers,2011-10-20 13:51:25,10972
173730,W_Nabellen incomplete dossiers,2011-10-20 13:52:22,10972
173730,W_Nabellen incomplete dossiers,2011-10-20 16:25:05,11049
173730,W_Valideren aanvraag,2011-10-20 16:25:39,11049
173730,W_Nabellen incomplete dossiers,2011-10-20 16:25:42,11049
173730,W_Valideren aanvraag,2011-10-20 16:55:11,10972
173730,W_Valideren aanvraag,2011-10-21 06:15:05,10972
173730,W_Valideren aanvraag,2011-10-21 09:01:28,10809
173730,W_Valideren aanvraag,2011-10-21 09:05:10,10809
173730,W_Valideren aanvraag,2011-10-21 09:06:55,10972
173730,O_ACCEPTED,2011-10-21 09:08:14,10972
173730,A_ACTIVATED,2011-10-21 09:08:14,10972
173730,A_REGISTERED,2011-10-21 09:08:14,10972
173730,A_APPROVED,2011-10-21 09:08:14,10972
173730,W_Valideren aanvraag,2011-10-21 09:08:21,10972
173733,A_SUBMITTED,2011-10-01 12:39:34,112
173733,A_PARTLYSUBMITTED,2011-10-01 12:39:34,112
173733,W_Afhandelen leads,2011-10-01 12:40:14,112
173733,W_Afhandelen leads,2011-10-01 14:54:11,10939
173733,A_DECLINED,2011-10-01 14:54:53,10939
173733,W_Afhandelen leads,2011-10-01 14:54:56,10939
173736,A_SUBMITTED,2011-10-01 13:01:58,112
173736,A_PARTLYSUBMITTED,2011-10-01 13:01:59,112
173736,A_PREACCEPTED,2011-10-01 13:02:44,112
173736,W_Completeren aanvraag,2011-10-01 13:02:44,112
173736,W_Completeren aanvraag,2011-10-01 15:25:56,11019
173736,W_Completeren aanvraag,2011-10-01 15:40:09,11019
173736,W_Completeren aanvraag,2011-10-01 15:49:16,11203
173736,W_Completeren aanvraag,2011-10-01 15:55:45,11203
173736,W_Completeren aanvraag,2011-10-01 15:56:00,11203
173736,A_ACCEPTED,2011-10-01 16:00:15,11203
173736,A_FINALIZED,2011-10-01 16:05:26,11203
173736,O_SELECTED,2011-10-01 16:05:26,11203
173736,O_CREATED,2011-10-01 16:05:27,11203
173736,O_SENT,2011-10-01 16:05:27,11203
173736,W_Nabellen offertes,2011-10-01 16:05:27,11203
173736,W_Completeren aanvraag,2011-10-01 16:05:28,11203
173736,W_Nabellen offertes,2011-10-04 12:56:41,10982
173736,O_SELECTED,2011-10-04 12:59:20,10982
173736,O_CANCELLED,2011-10-04 12:59:20,10982
173736,O_CREATED,2011-10-04 12:59:21,10982
173736,O_SENT,2011-10-04 12:59:21,10982
173736,W_Nabellen offertes,2011-10-04 12:59:21,10982
173736,W_Nabellen offertes,2011-10-04 12:59:22,10982
173736,W_Nabellen offertes,2011-10-10 13:33:49,10899
173736,O_SENT_BACK,2011-10-10 13:33:58,10899
173736,W_Valideren aanvraag,2011-10-10 13:33:58,10899
173736,W_Nabellen offertes,2011-10-10 13:34:00,10899
173736,W_Valideren aanvraag,2011-10-13 10:30:56,10138
173736,W_Nabellen incomplete dossiers,2011-10-13 10:49:07,10138
173736,W_Valideren aanvraag,2011-10-13 10:49:09,10138
173736,W_Nabellen incomplete dossiers,2011-10-13 10:58:34,SYSTEM
173736,W_Nabellen incomplete dossiers,2011-10-13 11:03:37,SYSTEM
173736,W_Nabellen incomplete dossiers,2011-10-13 11:04:05,SYSTEM
173736,W_Nabellen incomplete dossiers,2011-10-13 11:06:33,SYSTEM
173736,W_Nabellen incomplete dossiers,2011-10-13 11:06:53,SYSTEM
173736,W_Nabellen incomplete dossiers,2011-10-13 11:08:21,SYSTEM
173736,W_Nabellen incomplete dossiers,2011-10-13 11:27:32,11169
173736,O_SELECTED,2011-10-13 11:36:52,11169
173736,O_CANCELLED,2011-10-13 11:36:52,11169
173736,O_CREATED,2011-10-13 11:36:53,11169
173736,O_SENT,2011-10-13 11:36:53,11169
173736,W_Nabellen incomplete dossiers,2011-10-13 11:36:53,11169
173736,W_Nabellen incomplete dossiers,2011-10-13 11:36:55,11169
173736,W_Nabellen incomplete dossiers,2011-10-13 12:14:36,SYSTEM
173736,W_Nabellen incomplete dossiers,2011-10-13 12:16:30,SYSTEM
173736,W_Nabellen incomplete dossiers,2011-10-18 10:20:13,SYSTEM
173736,O_SENT_BACK,2011-10-18 10:20:36,11029
173736,W_Valideren aanvraag,2011-10-18 10:20:36,SYSTEM
173736,W_Nabellen incomplete dossiers,2011-10-18 10:20:38,SYSTEM
173736,W_Valideren aanvraag,2011-10-18 11:50:29,10809
173736,O_ACCEPTED,2011-10-18 12:01:28,10809
173736,A_APPROVED,2011-10-18 12:01:28,10809
173736,A_REGISTERED,2011-10-18 12:01:28,10809
173736,A_ACTIVATED,2011-10-18 12:01:28,10809
173736,W_Valideren aanvraag,2011-10-18 12:01:37,10809
173739,A_SUBMITTED,2011-10-01 13:12:58,112
173739,A_PARTLYSUBMITTED,2011-10-01 13:12:58,112
173739,A_PREACCEPTED,2011-10-01 13:13:42,112
173739,W_Completeren aanvraag,2011-10-01 13:13:42,112
173739,W_Completeren aanvraag,2011-10-01 15:26:10,11000
173739,W_Completeren aanvraag,2011-10-01 15:27:27,11000
173739,W_Completeren aanvraag,2011-10-01 15:39:44,SYSTEM
173739,W_Completeren aanvraag,2011-10-01 15:42:01,SYSTEM
173739,W_Completeren aanvraag,2011-10-01 15:44:57,11000
173739,A_ACCEPTED,2011-10-01 15:54:11,11000
173739,O_SELECTED,2011-10-01 15:56:39,11000
173739,A_FINALIZED,2011-10-01 15:56:39,11000
173739,O_CREATED,2011-10-01 15:56:40,11000
173739,O_SENT,2011-10-01 15:56:40,11000
173739,W_Nabellen offertes,2011-10-01 15:56:40,11000
173739,W_Completeren aanvraag,2011-10-01 15:56:43,11000
173739,W_Nabellen offertes,2011-10-01 16:00:15,11000
173739,W_Nabellen offertes,2011-10-01 16:00:21,11000
173739,W_Nabellen offertes,2011-10-08 15:27:11,11000
173739,W_Nabellen offertes,2011-10-08 15:32:48,11000
173739,W_Nabellen offertes,2011-10-11 10:18:32,SYSTEM
173739,O_SENT_BACK,2011-10-11 10:19:12,11029
173739,W_Valideren aanvraag,2011-10-11 10:19:12,SYSTEM
173739,W_Nabellen offertes,2011-10-11 10:19:14,SYSTEM
173739,W_Valideren aanvraag,2011-10-13 12:56:47,10609
173739,W_Valideren aanvraag,2011-10-13 13:12:26,10609
173739,W_Valideren aanvraag,2011-10-13 14:30:14,10629
173739,W_Nabellen incomplete dossiers,2011-10-13 15:04:17,10629
173739,W_Valideren aanvraag,2011-10-13 15:04:19,10629
173739,W_Nabellen incomplete dossiers,2011-10-13 19:54:43,10939
173739,W_Nabellen incomplete dossiers,2011-10-13 20:01:47,10939
173739,W_Nabellen incomplete dossiers,2011-10-14 10:05:16,11019
173739,W_Nabellen incomplete dossiers,2011-10-14 10:06:41,11019
173739,W_Nabellen incomplete dossiers,2011-10-14 13:19:03,SYSTEM
173739,W_Nabellen incomplete dossiers,2011-10-14 13:19:58,SYSTEM
173739,W_Nabellen incomplete dossiers,2011-10-14 13:35:53,SYSTEM
173739,W_Nabellen incomplete dossiers,2011-10-14 13:37:05,SYSTEM
173739,W_Nabellen incomplete dossiers,2011-10-14 14:04:14,11000
173739,W_Nabellen incomplete dossiers,2011-10-14 14:05:18,11000
173739,W_Nabellen incomplete dossiers,2011-10-14 15:48:25,SYSTEM
173739,W_Valideren aanvraag,2011-10-14 15:49:16,SYSTEM
173739,W_Nabellen incomplete dossiers,2011-10-14 15:49:18,SYSTEM
173739,W_Valideren aanvraag,2011-10-14 16:21:08,10629
173739,O_ACCEPTED,2011-10-14 16:22:47,10629
173739,A_REGISTERED,2011-10-14 16:22:47,10629
173739,A_APPROVED,2011-10-14 16:22:47,10629
173739,A_ACTIVATED,2011-10-14 16:22:47,10629
173739,W_Valideren aanvraag,2011-10-14 16:22:55,10629
173742,A_SUBMITTED,2011-10-01 13:44:12,112
173742,A_PARTLYSUBMITTED,2011-10-01 13:44:12,112
173742,W_Afhandelen leads,2011-10-01 13:44:28,112
173742,W_Afhandelen leads,2011-10-01 14:54:59,10939
173742,A_PREACCEPTED,2011-10-01 14:56:21,10939
173742,W_Completeren aanvraag,2011-10-01 14:56:21,10939
173742,W_Afhandelen leads,2011-10-01 14:56:22,10939
173742,W_Completeren aanvraag,2011-10-01 15:43:28,SYSTEM
173742,W_Completeren aanvraag,2011-10-01 15:50:01,SYSTEM
173742,W_Completeren aanvraag,2011-10-03 12:55:29,11180
173742,W_Completeren aanvraag,2011-10-03 12:56:17,11180
173742,W_Completeren aanvraag,2011-10-03 15:53:14,11201
173742,W_Completeren aanvraag,2011-10-03 15:55:10,11201
173742,W_Completeren aanvraag,2011-10-04 11:30:57,11169
173742,W_Completeren aanvraag,2011-10-04 11:35:15,11169
173742,W_Completeren aanvraag,2011-10-04 13:25:26,11179
173742,W_Completeren aanvraag,2011-10-04 13:26:21,11179
173742,W_Completeren aanvraag,2011-10-04 17:26:11,11122
173742,W_Completeren aanvraag,2011-10-04 17:27:09,11122
173742,W_Completeren aanvraag,2011-10-05 09:31:37,11180
173742,W_Completeren aanvraag,2011-10-05 09:32:15,11180
173742,W_Completeren aanvraag,2011-10-05 13:27:38,SYSTEM
173742,W_Completeren aanvraag,2011-10-05 13:28:37,SYSTEM
173742,W_Completeren aanvraag,2011-10-05 18:13:44,SYSTEM
173742,W_Completeren aanvraag,2011-10-05 18:14:09,SYSTEM
173742,W_Completeren aanvraag,2011-10-05 18:51:28,SYSTEM
173742,W_Completeren aanvraag,2011-10-05 18:53:18,SYSTEM
173742,W_Completeren aanvraag,2011-10-06 09:59:11,11201
173742,W_Completeren aanvraag,2011-10-06 10:00:04,11201
173742,W_Completeren aanvraag,2011-10-06 20:53:12,11180
173742,W_Completeren aanvraag,2011-10-06 20:54:12,11180
173742,W_Completeren aanvraag,2011-10-07 18:33:31,11181
173742,W_Completeren aanvraag,2011-10-07 18:34:58,11181
173742,W_Completeren aanvraag,2011-10-08 10:49:43,10913
173742,W_Completeren aanvraag,2011-10-08 10:51:27,10913
173742,W_Completeren aanvraag,2011-10-08 11:27:14,11181
173742,W_Completeren aanvraag,2011-10-08 11:30:22,11181
173742,W_Completeren aanvraag,2011-10-14 15:45:14,SYSTEM
173742,A_DECLINED,2011-10-14 15:52:04,11120
173742,W_Completeren aanvraag,2011-10-14 15:52:09,SYSTEM
173745,A_SUBMITTED,2011-10-01 14:08:16,112
173745,A_PARTLYSUBMITTED,2011-10-01 14:08:16,112
173745,W_Afhandelen leads,2011-10-01 14:08:29,112
173745,W_Afhandelen leads,2011-10-01 15:19:46,10939
173745,A_PREACCEPTED,2011-10-01 15:21:26,10939
173745,W_Completeren aanvraag,2011-10-01 15:21:26,10939
173745,W_Afhandelen leads,2011-10-01 15:21:27,10939
173745,W_Completeren aanvraag,2011-10-01 15:49:47,SYSTEM
173745,A_ACCEPTED,2011-10-01 15:55:33,11111
173745,O_SELECTED,2011-10-01 15:58:41,11111
173745,A_FINALIZED,2011-10-01 15:58:41,11111
173745,O_CREATED,2011-10-01 15:58:44,11111
173745,O_SENT,2011-10-01 15:58:44,11111
173745,W_Nabellen offertes,2011-10-01 15:58:44,SYSTEM
173745,W_Completeren aanvraag,2011-10-01 15:58:47,SYSTEM
173745,W_Nabellen offertes,2011-10-08 12:37:54,11000
173745,O_CANCELLED,2011-10-08 12:45:57,11000
173745,A_CANCELLED,2011-10-08 12:45:57,11000
173745,W_Nabellen offertes,2011-10-08 12:45:59,11000
173748,A_SUBMITTED,2011-10-01 14:09:16,112
173748,A_PARTLYSUBMITTED,2011-10-01 14:09:16,112
173748,W_Afhandelen leads,2011-10-01 14:10:03,112
173748,W_Afhandelen leads,2011-10-01 15:21:30,10939
173748,A_PREACCEPTED,2011-10-01 15:24:16,10939
173748,W_Completeren aanvraag,2011-10-01 15:24:16,10939
173748,W_Afhandelen leads,2011-10-01 15:24:17,10939
173748,W_Completeren aanvraag,2011-10-01 15:56:55,10939
173748,W_Completeren aanvraag,2011-10-01 15:57:08,10939
173748,W_Completeren aanvraag,2011-10-01 15:57:12,10939
173748,W_Completeren aanvraag,2011-10-01 15:57:18,10939
173748,W_Completeren aanvraag,2011-10-01 16:00:06,SYSTEM
173748,W_Completeren aanvraag,2011-10-01 16:00:29,SYSTEM
173748,W_Completeren aanvraag,2011-10-01 16:01:55,11019
173748,W_Completeren aanvraag,2011-10-01 16:09:35,11019
173748,W_Completeren aanvraag,2011-10-01 16:27:43,11119
173748,A_ACCEPTED,2011-10-01 16:33:21,11119
173748,A_FINALIZED,2011-10-01 16:36:44,11119
173748,O_SELECTED,2011-10-01 16:36:44,11119
173748,O_CREATED,2011-10-01 16:37:32,11119
173748,O_SENT,2011-10-01 16:37:32,11119
173748,W_Nabellen offertes,2011-10-01 16:37:32,11119
173748,W_Completeren aanvraag,2011-10-01 16:37:33,11119
173748,W_Nabellen offertes,2011-10-01 16:37:45,11119
173748,W_Nabellen offertes,2011-10-01 16:39:20,11119
173748,W_Nabellen offertes,2011-10-01 16:41:24,11119
173748,O_CANCELLED,2011-10-01 16:42:16,11119
173748,O_SELECTED,2011-10-01 16:42:16,11119
173748,O_CREATED,2011-10-01 16:42:17,11119
173748,O_SENT,2011-10-01 16:42:17,11119
173748,W_Nabellen offertes,2011-10-01 16:42:17,11119
173748,W_Nabellen offertes,2011-10-01 16:42:18,11119
173748,W_Nabellen offertes,2011-10-01 16:42:41,11119
173748,W_Nabellen offertes,2011-10-01 16:48:25,11119
173748,W_Nabellen offertes,2011-10-03 16:35:29,11001
173748,A_DECLINED,2011-10-03 16:44:19,11001
173748,O_DECLINED,2011-10-03 16:44:19,11001
173748,W_Nabellen offertes,2011-10-03 16:44:24,11001
173751,A_SUBMITTED,2011-10-01 14:14:39,112
173751,A_PARTLYSUBMITTED,2011-10-01 14:14:39,112
173751,A_PREACCEPTED,2011-10-01 14:15:21,112
173751,W_Completeren aanvraag,2011-10-01 14:15:21,112
173751,W_Completeren aanvraag,2011-10-01 15:27:54,11000
173751,W_Completeren aanvraag,2011-10-01 15:34:03,11000
173751,W_Completeren aanvraag,2011-10-01 16:39:01,SYSTEM
173751,A_ACCEPTED,2011-10-01 16:43:08,11111
173751,A_FINALIZED,2011-10-01 16:49:59,11111
173751,O_SELECTED,2011-10-01 16:49:59,11111
173751,O_CREATED,2011-10-01 16:50:00,11111
173751,O_SENT,2011-10-01 16:50:01,11111
173751,W_Nabellen offertes,2011-10-01 16:50:01,SYSTEM
173751,W_Completeren aanvraag,2011-10-01 16:50:03,SYSTEM
173751,W_Nabellen offertes,2011-10-07 12:40:09,10899
173751,O_SENT_BACK,2011-10-07 12:40:18,10899
173751,W_Valideren aanvraag,2011-10-07 12:40:18,10899
173751,W_Nabellen offertes,2011-10-07 12:40:20,10899
173751,W_Valideren aanvraag,2011-10-11 10:28:50,10138
173751,O_ACCEPTED,2011-10-11 10:39:30,10138
173751,A_REGISTERED,2011-10-11 10:39:30,10138
173751,A_ACTIVATED,2011-10-11 10:39:30,10138
173751,A_APPROVED,2011-10-11 10:39:30,10138
173751,W_Valideren aanvraag,2011-10-11 10:39:37,10138
173754,A_SUBMITTED,2011-10-01 14:50:09,112
173754,A_PARTLYSUBMITTED,2011-10-01 14:50:11,112
173754,A_PREACCEPTED,2011-10-01 14:50:51,112
173754,W_Completeren aanvraag,2011-10-01 14:50:51,112
173754,W_Completeren aanvraag,2011-10-01 15:34:08,11000
173754,W_Completeren aanvraag,2011-10-01 15:44:41,11000
173754,W_Completeren aanvraag,2011-10-01 15:57:20,10939
173754,W_Completeren aanvraag,2011-10-01 16:00:04,10939
173754,W_Completeren aanvraag,2011-10-03 12:56:25,11180
173754,W_Completeren aanvraag,2011-10-03 12:57:19,11180
173754,W_Completeren aanvraag,2011-10-04 09:26:08,SYSTEM
173754,W_Completeren aanvraag,2011-10-04 09:28:25,SYSTEM
173754,W_Completeren aanvraag,2011-10-04 13:19:33,11001
173754,W_Completeren aanvraag,2011-10-04 13:23:24,11001
173754,W_Completeren aanvraag,2011-10-04 17:56:08,11179
173754,W_Completeren aanvraag,2011-10-04 17:57:28,11179
173754,W_Completeren aanvraag,2011-10-05 09:51:21,11180
173754,W_Completeren aanvraag,2011-10-05 09:52:18,11180
173754,W_Completeren aanvraag,2011-10-05 13:51:17,SYSTEM
173754,W_Completeren aanvraag,2011-10-05 13:52:14,SYSTEM
173754,W_Completeren aanvraag,2011-10-05 18:35:43,11181
173754,W_Completeren aanvraag,2011-10-05 18:39:11,11181
173754,W_Completeren aanvraag,2011-10-06 09:57:22,11189
173754,W_Completeren aanvraag,2011-10-06 09:59:11,11189
173754,W_Completeren aanvraag,2011-10-07 09:18:08,SYSTEM
173754,W_Completeren aanvraag,2011-10-07 09:18:19,SYSTEM
173754,W_Completeren aanvraag,2011-10-07 18:40:54,11181
173754,W_Completeren aanvraag,2011-10-07 18:41:57,11181
173754,W_Completeren aanvraag,2011-10-08 11:07:09,11181
173754,W_Completeren aanvraag,2011-10-08 11:12:22,11181
173754,W_Completeren aanvraag,2011-10-14 13:49:41,10809
173754,W_Completeren aanvraag,2011-10-14 13:51:42,10809
173754,W_Completeren aanvraag,2011-10-14 13:52:12,10809
173754,W_Completeren aanvraag,2011-10-14 13:52:59,10809
173754,W_Completeren aanvraag,2011-10-14 14:26:08,10809
173754,W_Beoordelen fraude,2011-10-14 14:26:29,10809
173754,W_Completeren aanvraag,2011-10-14 14:26:30,10809
173754,W_Beoordelen fraude,2011-10-14 14:26:43,10809
173754,W_Beoordelen fraude,2011-10-14 14:26:59,10809
173754,W_Beoordelen fraude,2011-10-14 14:27:33,10809
173754,A_DECLINED,2011-10-14 14:28:39,10809
173754,W_Beoordelen fraude,2011-10-14 14:28:41,10809
173757,A_SUBMITTED,2011-10-01 15:02:58,112
173757,A_PARTLYSUBMITTED,2011-10-01 15:02:58,112
173757,A_DECLINED,2011-10-01 15:03:36,112
173760,A_SUBMITTED,2011-10-01 15:15:17,112
173760,A_PARTLYSUBMITTED,2011-10-01 15:15:17,112
173760,A_PREACCEPTED,2011-10-01 15:15:57,112
173760,W_Completeren aanvraag,2011-10-01 15:15:57,112
173760,W_Completeren aanvraag,2011-10-01 15:49:25,11019
173760,A_ACCEPTED,2011-10-01 15:56:34,11019
173760,A_FINALIZED,2011-10-01 16:01:43,11019
173760,O_SELECTED,2011-10-01 16:01:43,11019
173760,O_CREATED,2011-10-01 16:01:44,11019
173760,O_SENT,2011-10-01 16:01:44,11019
173760,W_Nabellen offertes,2011-10-01 16:01:44,11019
173760,W_Completeren aanvraag,2011-10-01 16:01:45,11019
173760,W_Nabellen offertes,2011-10-08 12:32:54,SYSTEM
173760,W_Nabellen offertes,2011-10-08 12:34:58,SYSTEM
173760,W_Nabellen offertes,2011-10-10 19:51:46,11119
173760,W_Nabellen offertes,2011-10-10 19:52:09,11119
173760,W_Nabellen offertes,2011-10-11 10:58:47,11049
173760,O_SENT_BACK,2011-10-11 11:01:37,11049
173760,W_Valideren aanvraag,2011-10-11 11:01:37,11049
173760,W_Nabellen offertes,2011-10-11 11:01:39,11049
173760,W_Valideren aanvraag,2011-10-14 15:17:11,10972
173760,A_APPROVED,2011-10-14 15:41:03,10972
173760,A_ACTIVATED,2011-10-14 15:41:03,10972
173760,A_REGISTERED,2011-10-14 15:41:03,10972
173760,O_ACCEPTED,2011-10-14 15:41:03,10972
173760,W_Valideren aanvraag,2011-10-14 15:41:11,10972
173763,A_SUBMITTED,2011-10-01 16:09:22,112
173763,A_PARTLYSUBMITTED,2011-10-01 16:09:23,112
173763,W_Afhandelen leads,2011-10-01 16:09:35,112
173763,W_Afhandelen leads,2011-10-01 16:36:40,10939
173763,A_DECLINED,2011-10-01 16:38:40,10939
173763,W_Afhandelen leads,2011-10-01 16:38:43,10939
173766,A_SUBMITTED,2011-10-01 16:12:02,112
173766,A_PARTLYSUBMITTED,2011-10-01 16:12:02,112
173766,A_PREACCEPTED,2011-10-01 16:12:45,112
173766,W_Completeren aanvraag,2011-10-01 16:12:45,112
173766,W_Completeren aanvraag,2011-10-01 16:21:09,11019
173766,W_Completeren aanvraag,2011-10-01 16:45:56,11019
173766,W_Completeren aanvraag,2011-10-01 16:46:57,11203
173766,W_Completeren aanvraag,2011-10-01 16:48:23,11203
173766,W_Completeren aanvraag,2011-10-03 13:46:24,11180
173766,W_Completeren aanvraag,2011-10-03 13:48:25,11180
173766,W_Completeren aanvraag,2011-10-04 09:32:04,SYSTEM
173766,W_Completeren aanvraag,2011-10-04 09:34:40,SYSTEM
173766,W_Completeren aanvraag,2011-10-04 13:01:52,11169
173766,W_Completeren aanvraag,2011-10-04 13:11:09,11169
173766,W_Completeren aanvraag,2011-10-04 17:12:49,11122
173766,W_Completeren aanvraag,2011-10-04 17:17:33,11122
173766,W_Completeren aanvraag,2011-10-05 09:19:46,11180
173766,W_Completeren aanvraag,2011-10-05 09:20:40,11180
173766,W_Completeren aanvraag,2011-10-05 10:42:42,SYSTEM
173766,W_Completeren aanvraag,2011-10-05 10:42:52,SYSTEM
173766,W_Completeren aanvraag,2011-10-05 14:01:11,SYSTEM
173766,W_Completeren aanvraag,2011-10-05 14:05:43,SYSTEM
173766,W_Completeren aanvraag,2011-10-05 18:47:16,11181
173766,W_Completeren aanvraag,2011-10-05 18:50:58,11181
173766,W_Completeren aanvraag,2011-10-06 09:58:04,SYSTEM
173766,W_Completeren aanvraag,2011-10-06 09:58:22,SYSTEM
173766,W_Completeren aanvraag,2011-10-06 20:50:04,11180
173766,A_CANCELLED,2011-10-06 20:52:10,11180
173766,W_Completeren aanvraag,2011-10-06 20:52:12,11180
173769,A_SUBMITTED,2011-10-01 16:34:46,112
173769,A_PARTLYSUBMITTED,2011-10-01 16:34:46,112
173769,A_DECLINED,2011-10-01 16:35:23,112
173772,A_SUBMITTED,2011-10-01 16:39:55,112
173772,A_PARTLYSUBMITTED,2011-10-01 16:39:55,112
173772,A_DECLINED,2011-10-01 16:40:31,112
173775,A_SUBMITTED,2011-10-01 16:59:00,112
173775,A_PARTLYSUBMITTED,2011-10-01 16:59:00,112
173775,A_PREACCEPTED,2011-10-01 16:59:31,112
173775,W_Completeren aanvraag,2011-10-01 16:59:32,112
173775,W_Completeren aanvraag,2011-10-03 09:06:56,SYSTEM
173775,W_Completeren aanvraag,2011-10-03 09:20:05,SYSTEM
173775,W_Completeren aanvraag,2011-10-03 10:33:48,10913
173775,A_DECLINED,2011-10-03 10:38:00,10913
173775,W_Completeren aanvraag,2011-10-03 10:38:04,10913
173778,A_SUBMITTED,2011-10-01 17:49:31,112
173778,A_PARTLYSUBMITTED,2011-10-01 17:49:31,112
173778,W_Afhandelen leads,2011-10-01 17:50:11,112
173778,W_Afhandelen leads,2011-10-03 08:59:16,SYSTEM
173778,A_DECLINED,2011-10-03 09:04:53,10971
173778,W_Afhandelen leads,2011-10-03 09:04:57,SYSTEM
173781,A_SUBMITTED,2011-10-01 18:10:34,112
173781,A_PARTLYSUBMITTED,2011-10-01 18:10:34,112
173781,A_PREACCEPTED,2011-10-01 18:11:13,112
173781,W_Completeren aanvraag,2011-10-01 18:11:14,112
173781,W_Completeren aanvraag,2011-10-03 09:14:50,11180
173781,A_DECLINED,2011-10-03 09:24:47,11180
173781,W_Completeren aanvraag,2011-10-03 09:25:12,11180
173784,A_SUBMITTED,2011-10-01 19:05:56,112
173784,A_PARTLYSUBMITTED,2011-10-01 19:05:57,112
173784,A_PREACCEPTED,2011-10-01 19:06:42,112
173784,W_Completeren aanvraag,2011-10-01 19:06:42,112
173784,W_Completeren aanvraag,2011-10-03 09:16:48,SYSTEM
173784,W_Completeren aanvraag,2011-10-03 09:19:46,SYSTEM
173784,W_Completeren aanvraag,2011-10-03 14:35:23,SYSTEM
173784,W_Completeren aanvraag,2011-10-03 14:36:50,SYSTEM
173784,W_Completeren aanvraag,2011-10-04 10:00:35,SYSTEM
173784,W_Completeren aanvraag,2011-10-04 10:01:30,SYSTEM
173784,W_Completeren aanvraag,2011-10-04 13:39:04,11169
173784,W_Completeren aanvraag,2011-10-04 13:41:55,11169
173784,W_Completeren aanvraag,2011-10-04 17:14:29,11121
173784,W_Completeren aanvraag,2011-10-04 17:15:04,11121
173784,W_Completeren aanvraag,2011-10-04 17:15:19,11121
173784,W_Completeren aanvraag,2011-10-04 17:15:24,11121
173784,W_Completeren aanvraag,2011-10-04 17:19:43,11122
173784,W_Completeren aanvraag,2011-10-04 17:19:49,11122
173784,W_Completeren aanvraag,2011-10-04 17:29:29,11122
173784,A_ACCEPTED,2011-10-04 17:35:26,11122
173784,O_SELECTED,2011-10-04 17:37:27,11122
173784,A_FINALIZED,2011-10-04 17:37:27,11122
173784,O_CREATED,2011-10-04 17:37:28,11122
173784,O_SENT,2011-10-04 17:37:28,11122
173784,W_Nabellen offertes,2011-10-04 17:37:28,11122
173784,W_Completeren aanvraag,2011-10-04 17:37:29,11122
173784,W_Nabellen offertes,2011-10-11 20:37:55,10982
173784,W_Nabellen offertes,2011-10-11 20:42:59,10982
173784,W_Nabellen offertes,2011-10-12 16:46:36,11180
173784,W_Nabellen offertes,2011-10-12 16:47:33,11180
173784,W_Nabellen offertes,2011-10-13 18:49:18,10982
173784,W_Nabellen offertes,2011-10-13 18:50:05,10982
173784,W_Nabellen offertes,2011-10-17 11:28:51,11049
173784,O_SENT_BACK,2011-10-17 11:29:14,11049
173784,W_Valideren aanvraag,2011-10-17 11:29:14,11049
173784,W_Nabellen offertes,2011-10-17 11:29:16,11049
173784,W_Valideren aanvraag,2011-10-19 13:00:27,10609
173784,W_Nabellen incomplete dossiers,2011-10-19 13:25:04,10609
173784,W_Valideren aanvraag,2011-10-19 13:25:05,10609
173784,W_Nabellen incomplete dossiers,2011-10-19 14:36:17,11189
173784,W_Nabellen incomplete dossiers,2011-10-19 14:41:13,11189
173784,W_Nabellen incomplete dossiers,2011-10-19 19:12:54,11122
173784,W_Nabellen incomplete dossiers,2011-10-19 19:37:43,11122
173784,W_Nabellen incomplete dossiers,2011-10-20 09:28:49,11049
173784,W_Nabellen incomplete dossiers,2011-10-20 09:29:54,11049
173784,W_Nabellen incomplete dossiers,2011-10-21 18:56:03,SYSTEM
173784,W_Nabellen incomplete dossiers,2011-10-21 18:57:41,SYSTEM
173784,W_Nabellen incomplete dossiers,2011-10-24 10:32:07,11121
173784,W_Nabellen incomplete dossiers,2011-10-24 10:35:43,11121
173784,W_Nabellen incomplete dossiers,2011-10-27 14:09:43,11049
173784,W_Nabellen incomplete dossiers,2011-10-27 14:09:53,11049
173784,W_Nabellen incomplete dossiers,2011-10-28 07:50:06,SYSTEM
173784,W_Valideren aanvraag,2011-10-28 07:50:42,SYSTEM
173784,W_Nabellen incomplete dossiers,2011-10-28 07:50:44,SYSTEM
173784,W_Valideren aanvraag,2011-10-28 09:38:04,10609
173784,W_Nabellen incomplete dossiers,2011-10-28 09:50:06,10609
173784,W_Valideren aanvraag,2011-10-28 09:50:08,10609
173784,W_Nabellen incomplete dossiers,2011-10-28 11:54:20,10861
173784,W_Nabellen incomplete dossiers,2011-10-28 11:54:32,10861
173784,W_Nabellen incomplete dossiers,2011-10-28 12:25:10,11002
173784,W_Valideren aanvraag,2011-10-28 12:35:22,11002
173784,W_Nabellen incomplete dossiers,2011-10-28 12:35:25,11002
173784,W_Valideren aanvraag,2011-10-31 09:35:34,10609
173784,W_Valideren aanvraag,2011-10-31 09:38:48,10609
173784,W_Valideren aanvraag,2011-10-31 11:14:39,10609
173784,W_Nabellen incomplete dossiers,2011-10-31 11:18:07,10609
173784,W_Valideren aanvraag,2011-10-31 11:18:09,10609
173784,W_Nabellen incomplete dossiers,2011-10-31 15:33:05,SYSTEM
173784,W_Nabellen incomplete dossiers,2011-10-31 15:36:47,SYSTEM
173784,W_Nabellen incomplete dossiers,2011-10-31 20:36:02,SYSTEM
173784,W_Nabellen incomplete dossiers,2011-10-31 20:37:23,SYSTEM
173784,W_Nabellen incomplete dossiers,2011-11-01 11:32:55,11169
173784,W_Nabellen incomplete dossiers,2011-11-01 14:19:14,11169
173784,W_Nabellen incomplete dossiers,2011-11-01 15:01:01,11169
173784,W_Nabellen incomplete dossiers,2011-11-01 15:13:12,11169
173784,W_Nabellen incomplete dossiers,2011-11-03 08:37:48,11049
173784,W_Nabellen incomplete dossiers,2011-11-03 08:38:04,11049
173784,W_Nabellen incomplete dossiers,2011-11-03 14:19:40,11169
173784,W_Nabellen incomplete dossiers,2011-11-03 16:28:08,11169
173784,W_Nabellen incomplete dossiers,2011-11-03 17:13:20,11002
173784,W_Nabellen incomplete dossiers,2011-11-03 17:15:31,11002
173784,W_Nabellen incomplete dossiers,2011-11-05 11:14:53,11002
173784,W_Nabellen incomplete dossiers,2011-11-05 11:18:12,11002
173784,W_Nabellen incomplete dossiers,2011-11-05 14:44:49,SYSTEM
173784,W_Nabellen incomplete dossiers,2011-11-05 14:46:22,SYSTEM
173784,W_Nabellen incomplete dossiers,2011-11-07 09:32:21,10809
173784,W_Nabellen incomplete dossiers,2011-11-07 09:33:11,10809
173784,W_Nabellen incomplete dossiers,2011-11-07 14:39:03,SYSTEM
173784,W_Nabellen incomplete dossiers,2011-11-07 14:39:22,SYSTEM
173784,W_Nabellen incomplete dossiers,2011-11-07 15:06:13,SYSTEM
173784,W_Nabellen incomplete dossiers,2011-11-07 15:09:55,SYSTEM
173784,W_Nabellen incomplete dossiers,2011-11-08 16:08:39,10228
173784,W_Nabellen incomplete dossiers,2011-11-08 20:37:59,10228
173784,W_Nabellen incomplete dossiers,2011-11-10 11:19:54,11049
173784,W_Nabellen incomplete dossiers,2011-11-10 11:20:04,11049
173784,W_Nabellen incomplete dossiers,2011-11-11 09:30:21,11049
173784,W_Valideren aanvraag,2011-11-11 09:30:57,11049
173784,W_Nabellen incomplete dossiers,2011-11-11 09:30:59,11049
173784,W_Valideren aanvraag,2011-11-11 10:21:03,10609
173784,W_Valideren aanvraag,2011-11-11 10:25:50,10609
173784,W_Valideren aanvraag,2011-11-15 12:28:05,10138
173784,W_Valideren aanvraag,2011-11-15 12:28:14,10138
173784,W_Valideren aanvraag,2011-11-15 12:34:27,10609
173784,A_APPROVED,2011-11-15 12:50:28,10609
173784,O_ACCEPTED,2011-11-15 12:50:28,10609
173784,A_ACTIVATED,2011-11-15 12:50:28,10609
173784,A_REGISTERED,2011-11-15 12:50:28,10609
173784,W_Valideren aanvraag,2011-11-15 12:50:36,10609
173787,A_SUBMITTED,2011-10-01 19:06:01,112
173787,A_PARTLYSUBMITTED,2011-10-01 19:06:01,112
173787,A_PREACCEPTED,2011-10-01 19:06:46,112
173787,W_Completeren aanvraag,2011-10-01 19:06:46,112
173787,W_Completeren aanvraag,2011-10-03 09:20:36,SYSTEM
173787,A_ACCEPTED,2011-10-03 09:27:58,11202
173787,O_SELECTED,2011-10-03 09:31:07,11202
173787,A_FINALIZED,2011-10-03 09:31:07,11202
173787,O_CREATED,2011-10-03 09:31:08,11202
173787,O_SENT,2011-10-03 09:31:08,11202
173787,W_Nabellen offertes,2011-10-03 09:31:08,SYSTEM
173787,W_Completeren aanvraag,2011-10-03 09:31:09,SYSTEM
173787,W_Nabellen offertes,2011-10-03 09:32:33,SYSTEM
173787,O_CANCELLED,2011-10-03 09:36:43,11202
173787,O_SELECTED,2011-10-03 09:36:43,11202
173787,O_CREATED,2011-10-03 09:36:44,11202
173787,O_SENT,2011-10-03 09:36:44,11202
173787,W_Nabellen offertes,2011-10-03 09:36:44,SYSTEM
173787,W_Nabellen offertes,2011-10-03 09:36:45,SYSTEM
173787,W_Nabellen offertes,2011-10-03 09:37:39,SYSTEM
173787,W_Nabellen offertes,2011-10-03 09:39:54,SYSTEM
173787,W_Nabellen offertes,2011-10-03 09:53:58,SYSTEM
173787,W_Nabellen offertes,2011-10-03 09:54:06,SYSTEM
173787,W_Nabellen offertes,2011-10-10 15:10:24,SYSTEM
173787,W_Nabellen offertes,2011-10-10 15:10:36,SYSTEM
173787,W_Nabellen offertes,2011-10-10 19:05:16,11201
173787,W_Nabellen offertes,2011-10-10 19:59:57,11201
173787,W_Nabellen offertes,2011-10-10 20:50:24,11181
173787,W_Nabellen offertes,2011-10-10 20:55:56,11181
173787,W_Nabellen offertes,2011-10-18 11:48:08,SYSTEM
173787,W_Nabellen offertes,2011-10-18 11:49:29,SYSTEM
173787,W_Nabellen offertes,2011-10-19 18:48:02,11119
173787,A_CANCELLED,2011-10-19 18:51:53,11119
173787,O_CANCELLED,2011-10-19 18:51:53,11119
173787,W_Nabellen offertes,2011-10-19 18:51:57,11119
173790,A_SUBMITTED,2011-10-01 19:14:15,112
173790,A_PARTLYSUBMITTED,2011-10-01 19:14:15,112
173790,A_PREACCEPTED,2011-10-01 19:14:57,112
173790,W_Completeren aanvraag,2011-10-01 19:14:58,112
173790,W_Completeren aanvraag,2011-10-03 09:20:16,SYSTEM
173790,A_ACCEPTED,2011-10-03 09:25:01,11120
173790,O_SELECTED,2011-10-03 09:26:10,11120
173790,A_FINALIZED,2011-10-03 09:26:10,11120
173790,O_CREATED,2011-10-03 09:26:11,11120
173790,O_SENT,2011-10-03 09:26:11,11120
173790,W_Nabellen offertes,2011-10-03 09:26:11,SYSTEM
173790,W_Completeren aanvraag,2011-10-03 09:26:12,SYSTEM
173790,W_Nabellen offertes,2011-10-03 09:26:48,SYSTEM
173790,W_Nabellen offertes,2011-10-03 09:31:22,SYSTEM
173790,W_Nabellen offertes,2011-10-03 09:32:10,SYSTEM
173790,W_Nabellen offertes,2011-10-03 09:32:18,SYSTEM
173790,W_Nabellen offertes,2011-10-07 12:36:48,10789
173790,O_SENT_BACK,2011-10-07 12:37:07,10789
173790,W_Valideren aanvraag,2011-10-07 12:37:07,10789
173790,W_Nabellen offertes,2011-10-07 12:37:08,10789
173790,W_Valideren aanvraag,2011-10-07 17:31:04,10972
173790,W_Valideren aanvraag,2011-10-07 17:31:10,10972
173790,W_Valideren aanvraag,2011-10-10 14:04:54,10609
173790,O_ACCEPTED,2011-10-10 14:22:35,10609
173790,A_APPROVED,2011-10-10 14:22:35,10609
173790,A_ACTIVATED,2011-10-10 14:22:35,10609
173790,A_REGISTERED,2011-10-10 14:22:35,10609
173790,W_Valideren aanvraag,2011-10-10 14:22:43,10609
173793,A_SUBMITTED,2011-10-01 19:32:46,112
173793,A_PARTLYSUBMITTED,2011-10-01 19:32:46,112
173793,A_PREACCEPTED,2011-10-01 19:33:28,112
173793,W_Completeren aanvraag,2011-10-01 19:33:29,112
173793,W_Completeren aanvraag,2011-10-03 09:27:44,11180
173793,W_Completeren aanvraag,2011-10-03 09:29:52,11180
173793,W_Completeren aanvraag,2011-10-03 14:37:27,SYSTEM
173793,A_ACCEPTED,2011-10-03 14:50:01,11120
173793,O_SELECTED,2011-10-03 14:53:19,11120
173793,A_FINALIZED,2011-10-03 14:53:19,11120
173793,O_CREATED,2011-10-03 14:53:20,11120
173793,O_SENT,2011-10-03 14:53:20,11120
173793,W_Nabellen offertes,2011-10-03 14:53:20,SYSTEM
173793,W_Completeren aanvraag,2011-10-03 14:53:22,SYSTEM
173793,W_Nabellen offertes,2011-10-03 14:53:52,SYSTEM
173793,W_Nabellen offertes,2011-10-03 14:58:24,SYSTEM
173793,W_Nabellen offertes,2011-10-10 17:41:32,11119
173793,W_Nabellen offertes,2011-10-10 17:48:08,11119
173793,W_Nabellen offertes,2011-10-14 10:08:14,SYSTEM
173793,O_SENT_BACK,2011-10-14 10:08:48,11029
173793,W_Valideren aanvraag,2011-10-14 10:08:48,SYSTEM
173793,W_Nabellen offertes,2011-10-14 10:08:49,SYSTEM
173793,W_Valideren aanvraag,2011-10-18 09:43:45,10609
173793,W_Nabellen incomplete dossiers,2011-10-18 10:17:34,10609
173793,W_Valideren aanvraag,2011-10-18 10:17:36,10609
173793,W_Nabellen incomplete dossiers,2011-10-18 10:48:23,10861
173793,W_Valideren aanvraag,2011-10-18 10:55:07,10861
173793,W_Nabellen incomplete dossiers,2011-10-18 10:55:09,10861
173793,W_Valideren aanvraag,2011-10-18 10:59:47,10609
173793,W_Valideren aanvraag,2011-10-18 11:18:19,10609
173793,W_Valideren aanvraag,2011-10-18 11:20:27,10609
173793,O_ACCEPTED,2011-10-18 11:25:03,10609
173793,A_REGISTERED,2011-10-18 11:25:03,10609
173793,A_ACTIVATED,2011-10-18 11:25:03,10609
173793,A_APPROVED,2011-10-18 11:25:03,10609
173793,W_Valideren aanvraag,2011-10-18 11:25:11,10609
173796,A_SUBMITTED,2011-10-01 20:19:11,112
173796,A_PARTLYSUBMITTED,2011-10-01 20:19:12,112
173796,A_PREACCEPTED,2011-10-01 20:19:54,112
173796,W_Completeren aanvraag,2011-10-01 20:19:54,112
173796,W_Completeren aanvraag,2011-10-03 09:29:59,11180
173796,W_Completeren aanvraag,2011-10-03 09:32:18,11180
173796,W_Completeren aanvraag,2011-10-03 11:01:14,11001
173796,A_ACCEPTED,2011-10-03 11:07:36,11001
173796,A_FINALIZED,2011-10-03 11:15:53,11001
173796,O_SELECTED,2011-10-03 11:15:53,11001
173796,O_CREATED,2011-10-03 11:16:42,11001
173796,O_SENT,2011-10-03 11:16:42,11001
173796,W_Nabellen offertes,2011-10-03 11:16:42,11001
173796,W_Completeren aanvraag,2011-10-03 11:16:43,11001
173796,W_Nabellen offertes,2011-10-10 17:23:25,11201
173796,W_Nabellen offertes,2011-10-10 17:23:27,11201
173796,W_Nabellen offertes,2011-10-10 17:23:40,11201
173796,A_CANCELLED,2011-10-10 17:23:53,11201
173796,O_CANCELLED,2011-10-10 17:23:53,11201
173796,W_Nabellen offertes,2011-10-10 17:23:56,11201
173799,A_SUBMITTED,2011-10-01 20:27:34,112
173799,A_PARTLYSUBMITTED,2011-10-01 20:27:34,112
173799,A_PREACCEPTED,2011-10-01 20:28:25,112
173799,W_Completeren aanvraag,2011-10-01 20:28:25,112
173799,W_Completeren aanvraag,2011-10-03 09:32:25,11180
173799,W_Completeren aanvraag,2011-10-03 09:35:35,11180
173799,W_Completeren aanvraag,2011-10-04 18:13:53,11121
173799,W_Completeren aanvraag,2011-10-04 18:15:07,11121
173799,W_Completeren aanvraag,2011-10-04 18:15:29,10982
173799,W_Completeren aanvraag,2011-10-04 18:15:39,10982
173799,W_Completeren aanvraag,2011-10-04 18:28:27,11121
173799,A_DECLINED,2011-10-04 18:30:26,11121
173799,W_Completeren aanvraag,2011-10-04 18:30:30,11121
173802,A_SUBMITTED,2011-10-01 20:35:21,112
173802,A_PARTLYSUBMITTED,2011-10-01 20:35:21,112
173802,W_Afhandelen leads,2011-10-01 20:36:08,112
173802,W_Afhandelen leads,2011-10-03 09:05:06,SYSTEM
173802,A_DECLINED,2011-10-03 09:07:15,10971
173802,W_Afhandelen leads,2011-10-03 09:07:20,SYSTEM
173805,A_SUBMITTED,2011-10-01 21:07:54,112
173805,A_PARTLYSUBMITTED,2011-10-01 21:07:54,112
173805,A_PREACCEPTED,2011-10-01 21:08:44,112
173805,W_Completeren aanvraag,2011-10-01 21:08:45,112
173805,W_Completeren aanvraag,2011-10-03 09:35:42,11180
173805,W_Completeren aanvraag,2011-10-03 09:37:47,11180
173805,W_Completeren aanvraag,2011-10-03 09:42:16,SYSTEM
173805,A_ACCEPTED,2011-10-03 09:50:56,11202
173805,O_SELECTED,2011-10-03 09:53:24,11202
173805,A_FINALIZED,2011-10-03 09:53:24,11202
173805,O_CREATED,2011-10-03 09:53:25,11202
173805,O_SENT,2011-10-03 09:53:25,11202
173805,W_Nabellen offertes,2011-10-03 09:53:25,SYSTEM
173805,W_Completeren aanvraag,2011-10-03 09:53:27,SYSTEM
173805,W_Nabellen offertes,2011-10-03 09:54:17,SYSTEM
173805,W_Nabellen offertes,2011-10-03 09:59:31,SYSTEM
173805,W_Nabellen offertes,2011-10-03 10:06:45,SYSTEM
173805,W_Nabellen offertes,2011-10-03 10:06:56,SYSTEM
173805,W_Nabellen offertes,2011-10-10 16:11:20,SYSTEM
173805,W_Nabellen offertes,2011-10-10 16:16:26,SYSTEM
173805,W_Nabellen offertes,2011-10-18 09:47:18,SYSTEM
173805,W_Nabellen offertes,2011-10-18 14:04:21,SYSTEM
173805,W_Nabellen offertes,2011-10-18 14:05:39,10861
173805,W_Nabellen offertes,2011-10-18 14:09:41,10861
173805,W_Nabellen offertes,2011-10-19 19:06:17,11119
173805,W_Nabellen offertes,2011-10-19 19:17:02,11119
173805,W_Nabellen offertes,2011-10-25 12:02:37,11201
173805,W_Nabellen offertes,2011-10-25 12:02:55,11201
173805,W_Nabellen offertes,2011-10-25 16:10:56,10881
173805,W_Nabellen offertes,2011-10-25 16:11:42,10881
173805,W_Nabellen offertes,2011-10-25 16:11:48,10881
173805,W_Nabellen offertes,2011-10-25 16:12:11,10881
173805,W_Nabellen offertes,2011-10-27 14:53:57,11189
173805,W_Nabellen offertes,2011-10-27 14:55:44,11189
173805,W_Nabellen offertes,2011-10-31 16:10:03,11201
173805,W_Nabellen offertes,2011-10-31 16:11:55,11201
173805,W_Nabellen offertes,2011-10-31 16:28:04,11180
173805,W_Nabellen offertes,2011-10-31 16:28:29,11180
173805,W_Nabellen offertes,2011-11-03 09:15:16,11180
173805,A_CANCELLED,2011-11-03 09:15:16,112
173805,O_CANCELLED,2011-11-03 09:15:16,112
173808,A_SUBMITTED,2011-10-01 21:24:58,112
173808,A_PARTLYSUBMITTED,2011-10-01 21:24:59,112
173808,A_DECLINED,2011-10-01 21:25:39,112
173811,A_SUBMITTED,2011-10-01 22:59:29,112
173811,A_PARTLYSUBMITTED,2011-10-01 22:59:29,112
173811,W_Afhandelen leads,2011-10-01 23:00:06,112
173811,W_Afhandelen leads,2011-10-03 09:07:27,SYSTEM
173811,A_PREACCEPTED,2011-10-03 09:09:14,10971
173811,W_Completeren aanvraag,2011-10-03 09:09:14,SYSTEM
173811,W_Afhandelen leads,2011-10-03 09:09:15,SYSTEM
173811,W_Completeren aanvraag,2011-10-03 11:04:39,SYSTEM
173811,W_Completeren aanvraag,2011-10-03 11:04:49,SYSTEM
173811,W_Completeren aanvraag,2011-10-03 11:31:56,11180
173811,A_ACCEPTED,2011-10-03 11:45:30,11180
173811,O_SELECTED,2011-10-03 11:47:47,11180
173811,A_FINALIZED,2011-10-03 11:47:47,11180
173811,O_CREATED,2011-10-03 11:47:48,11180
173811,O_SENT,2011-10-03 11:47:48,11180
173811,W_Nabellen offertes,2011-10-03 11:47:48,11180
173811,W_Completeren aanvraag,2011-10-03 11:47:49,11180
173811,W_Nabellen offertes,2011-10-03 11:48:27,11180
173811,W_Nabellen offertes,2011-10-03 11:49:51,11180
173811,W_Nabellen offertes,2011-10-10 16:47:32,SYSTEM
173811,W_Nabellen offertes,2011-10-10 16:57:27,SYSTEM
173811,W_Nabellen offertes,2011-10-10 19:25:22,11119
173811,W_Nabellen offertes,2011-10-10 19:28:06,11119
173811,W_Nabellen offertes,2011-10-12 16:23:00,11180
173811,W_Nabellen offertes,2011-10-12 16:24:24,11180
173811,W_Nabellen offertes,2011-10-13 20:01:23,11201
173811,W_Nabellen offertes,2011-10-13 20:04:11,11201
173811,W_Nabellen offertes,2011-10-13 20:04:45,11201
173811,W_Nabellen offertes,2011-10-13 20:05:15,11201
173811,W_Nabellen offertes,2011-10-13 20:41:09,11180
173811,W_Nabellen offertes,2011-10-13 20:41:21,11180
173811,W_Nabellen offertes,2011-10-13 20:46:40,11201
173811,W_Nabellen offertes,2011-10-13 20:52:40,11201
173811,W_Nabellen offertes,2011-10-13 20:55:14,11201
173811,W_Nabellen offertes,2011-10-13 20:56:25,11201
173811,W_Nabellen offertes,2011-10-15 15:02:39,SYSTEM
173811,W_Nabellen offertes,2011-10-15 15:05:59,SYSTEM
173811,W_Nabellen offertes,2011-10-17 20:01:40,11119
173811,W_Nabellen offertes,2011-10-17 20:03:47,11119
173811,W_Nabellen offertes,2011-10-19 10:47:35,11180
173811,W_Nabellen offertes,2011-10-19 10:49:55,11180
173811,W_Nabellen offertes,2011-10-19 19:56:42,11119
173811,W_Nabellen offertes,2011-10-19 19:57:09,11119
173811,W_Nabellen offertes,2011-10-19 20:28:45,11119
173811,W_Nabellen offertes,2011-10-19 20:32:33,11119
173811,W_Nabellen offertes,2011-11-03 09:15:25,11119
173811,A_CANCELLED,2011-11-03 09:15:25,112
173811,O_CANCELLED,2011-11-03 09:15:25,112
173814,A_SUBMITTED,2011-10-01 23:01:43,112
173814,A_PARTLYSUBMITTED,2011-10-01 23:01:43,112
173814,W_Afhandelen leads,2011-10-01 23:01:53,112
173814,W_Afhandelen leads,2011-10-03 09:09:27,SYSTEM
173814,A_PREACCEPTED,2011-10-03 09:10:50,10971
173814,W_Completeren aanvraag,2011-10-03 09:10:50,SYSTEM
173814,W_Afhandelen leads,2011-10-03 09:10:52,SYSTEM
173814,W_Completeren aanvraag,2011-10-03 11:07:13,SYSTEM
173814,A_DECLINED,2011-10-03 11:15:44,11120
173814,W_Completeren aanvraag,2011-10-03 11:15:49,SYSTEM
173817,A_SUBMITTED,2011-10-02 00:57:28,112
173817,A_PARTLYSUBMITTED,2011-10-02 00:57:29,112
173817,A_PREACCEPTED,2011-10-02 00:58:15,112
173817,W_Completeren aanvraag,2011-10-02 00:58:16,112
173817,W_Completeren aanvraag,2011-10-03 09:38:06,11180
173817,A_ACCEPTED,2011-10-03 09:44:01,11180
173817,O_SELECTED,2011-10-03 09:52:38,11180
173817,A_FINALIZED,2011-10-03 09:52:38,11180
173817,O_CREATED,2011-10-03 09:52:39,11180
173817,O_SENT,2011-10-03 09:52:39,11180
173817,W_Nabellen offertes,2011-10-03 09:52:39,11180
173817,W_Completeren aanvraag,2011-10-03 09:52:40,11180
173817,W_Nabellen offertes,2011-10-03 09:52:54,11180
173817,O_CANCELLED,2011-10-03 09:53:26,11180
173817,O_SELECTED,2011-10-03 09:53:26,11180
173817,O_CREATED,2011-10-03 09:53:27,11180
173817,O_SENT,2011-10-03 09:53:27,11180
173817,W_Nabellen offertes,2011-10-03 09:53:27,11180
173817,W_Nabellen offertes,2011-10-03 09:53:29,11180
173817,W_Nabellen offertes,2011-10-03 09:53:41,11180
173817,W_Nabellen offertes,2011-10-03 09:54:32,11180
173817,W_Nabellen offertes,2011-10-07 13:23:20,10899
173817,O_SENT_BACK,2011-10-07 13:23:32,10899
173817,W_Valideren aanvraag,2011-10-07 13:23:32,10899
173817,W_Nabellen offertes,2011-10-07 13:23:34,10899
173817,W_Valideren aanvraag,2011-10-11 09:00:57,10609
173817,A_DECLINED,2011-10-11 09:15:45,10609
173817,O_DECLINED,2011-10-11 09:15:45,10609
173817,W_Valideren aanvraag,2011-10-11 09:15:48,10609
173820,A_SUBMITTED,2011-10-02 01:39:06,112
173820,A_PARTLYSUBMITTED,2011-10-02 01:39:07,112
173820,A_DECLINED,2011-10-02 01:39:50,112
173823,A_SUBMITTED,2011-10-02 09:23:29,112
173823,A_PARTLYSUBMITTED,2011-10-02 09:23:30,112
173823,A_PREACCEPTED,2011-10-02 09:24:07,112
173823,W_Completeren aanvraag,2011-10-02 09:24:08,112
173823,W_Completeren aanvraag,2011-10-03 09:43:16,SYSTEM
173823,A_ACCEPTED,2011-10-03 09:52:09,11120
173823,O_SELECTED,2011-10-03 09:57:31,11120
173823,A_FINALIZED,2011-10-03 09:57:31,11120
173823,O_CREATED,2011-10-03 09:57:33,11120
173823,O_SENT,2011-10-03 09:57:33,11120
173823,W_Nabellen offertes,2011-10-03 09:57:33,SYSTEM
173823,W_Completeren aanvraag,2011-10-03 09:57:34,SYSTEM
173823,W_Nabellen offertes,2011-10-03 09:57:54,SYSTEM
173823,W_Nabellen offertes,2011-10-03 10:04:14,SYSTEM
173823,W_Nabellen offertes,2011-10-10 14:00:25,10899
173823,O_SENT_BACK,2011-10-10 14:01:44,10899
173823,W_Valideren aanvraag,2011-10-10 14:01:45,10899
173823,W_Nabellen offertes,2011-10-10 14:01:46,10899
173823,W_Valideren aanvraag,2011-10-12 08:58:11,10138
173823,W_Valideren aanvraag,2011-10-12 08:58:20,10138
173823,W_Valideren aanvraag,2011-10-13 09:08:16,10138
173823,O_DECLINED,2011-10-13 09:36:21,10138
173823,A_DECLINED,2011-10-13 09:36:21,10138
173823,W_Valideren aanvraag,2011-10-13 09:36:24,10138
173826,A_SUBMITTED,2011-10-02 09:39:10,112
173826,A_PARTLYSUBMITTED,2011-10-02 09:39:11,112
173826,W_Afhandelen leads,2011-10-02 09:39:27,112
173826,W_Afhandelen leads,2011-10-03 09:11:06,SYSTEM
173826,W_Afhandelen leads,2011-10-03 09:34:55,SYSTEM
173826,W_Afhandelen leads,2011-10-03 09:36:55,11001
173826,W_Afhandelen leads,2011-10-03 09:42:11,11001
173826,W_Afhandelen leads,2011-10-03 09:42:17,11001
173826,A_PREACCEPTED,2011-10-03 09:44:48,11001
173826,W_Completeren aanvraag,2011-10-03 09:44:48,11001
173826,W_Afhandelen leads,2011-10-03 09:44:49,11001
173826,W_Completeren aanvraag,2011-10-03 09:45:06,11001
173826,W_Completeren aanvraag,2011-10-03 09:46:31,11001
173826,W_Completeren aanvraag,2011-10-03 13:58:39,SYSTEM
173826,W_Completeren aanvraag,2011-10-03 13:59:04,SYSTEM
173826,W_Completeren aanvraag,2011-10-03 14:10:46,11180
173826,W_Completeren aanvraag,2011-10-03 14:11:03,11180
173826,W_Completeren aanvraag,2011-10-03 14:27:09,10889
173826,A_DECLINED,2011-10-03 14:39:21,10889
173826,W_Completeren aanvraag,2011-10-03 14:39:28,10889
173829,A_SUBMITTED,2011-10-02 09:54:34,112
173829,A_PARTLYSUBMITTED,2011-10-02 09:54:34,112
173829,W_Afhandelen leads,2011-10-02 09:55:28,112
173829,W_Afhandelen leads,2011-10-03 09:17:30,SYSTEM
173829,W_Afhandelen leads,2011-10-03 09:34:55,SYSTEM
173829,W_Afhandelen leads,2011-10-03 09:37:25,10889
173829,A_PREACCEPTED,2011-10-03 09:37:43,10889
173829,W_Completeren aanvraag,2011-10-03 09:37:44,10889
173829,W_Afhandelen leads,2011-10-03 09:37:45,10889
173829,W_Completeren aanvraag,2011-10-03 09:38:04,10889
173829,A_DECLINED,2011-10-03 09:38:47,10889
173829,W_Completeren aanvraag,2011-10-03 09:38:50,10889
173832,A_SUBMITTED,2011-10-02 09:54:39,112
173832,A_PARTLYSUBMITTED,2011-10-02 09:54:40,112
173832,A_DECLINED,2011-10-02 09:55:24,112
173835,A_SUBMITTED,2011-10-02 10:20:29,112
173835,A_PARTLYSUBMITTED,2011-10-02 10:20:30,112
173835,A_PREACCEPTED,2011-10-02 10:21:19,112
173835,W_Completeren aanvraag,2011-10-02 10:21:20,112
173835,W_Completeren aanvraag,2011-10-03 09:54:47,11180
173835,W_Completeren aanvraag,2011-10-03 09:57:13,11180
173835,W_Completeren aanvraag,2011-10-03 10:10:32,SYSTEM
173835,W_Completeren aanvraag,2011-10-03 10:10:38,SYSTEM
173835,W_Completeren aanvraag,2011-10-03 10:22:16,11180
173835,A_ACCEPTED,2011-10-03 10:29:10,11180
173835,O_SELECTED,2011-10-03 10:35:59,11180
173835,A_FINALIZED,2011-10-03 10:35:59,11180
173835,O_CREATED,2011-10-03 10:36:00,11180
173835,O_SENT,2011-10-03 10:36:00,11180
173835,W_Nabellen offertes,2011-10-03 10:36:00,11180
173835,W_Completeren aanvraag,2011-10-03 10:36:01,11180
173835,W_Nabellen offertes,2011-10-03 10:36:47,11180
173835,W_Nabellen offertes,2011-10-03 10:37:01,11180
173835,W_Nabellen offertes,2011-10-03 10:54:49,11180
173835,W_Nabellen offertes,2011-10-03 10:55:32,11180
173835,W_Nabellen offertes,2011-10-10 16:37:23,SYSTEM
173835,W_Nabellen offertes,2011-10-10 16:41:10,SYSTEM
173835,W_Nabellen offertes,2011-10-18 10:21:06,SYSTEM
173835,W_Nabellen offertes,2011-10-18 10:21:12,SYSTEM
173835,W_Nabellen offertes,2011-10-18 12:53:24,10861
173835,W_Nabellen offertes,2011-10-18 13:37:40,10861
173835,W_Nabellen offertes,2011-10-18 14:11:04,10861
173835,A_CANCELLED,2011-10-18 14:12:43,10861
173835,O_CANCELLED,2011-10-18 14:12:43,10861
173835,W_Nabellen offertes,2011-10-18 14:12:46,10861
173838,A_SUBMITTED,2011-10-02 10:52:41,112
173838,A_PARTLYSUBMITTED,2011-10-02 10:52:41,112
173838,A_DECLINED,2011-10-02 10:53:22,112
173841,A_SUBMITTED,2011-10-02 10:57:22,112
173841,A_PARTLYSUBMITTED,2011-10-02 10:57:22,112
173841,A_PREACCEPTED,2011-10-02 10:57:55,112
173841,W_Completeren aanvraag,2011-10-02 10:57:55,112
173841,W_Completeren aanvraag,2011-10-03 10:05:02,SYSTEM
173841,W_Completeren aanvraag,2011-10-03 10:25:27,SYSTEM
173841,W_Completeren aanvraag,2011-10-04 12:09:46,SYSTEM
173841,W_Completeren aanvraag,2011-10-04 12:12:53,SYSTEM
173841,W_Completeren aanvraag,2011-10-04 13:57:28,11001
173841,A_CANCELLED,2011-10-04 13:59:20,11001
173841,W_Completeren aanvraag,2011-10-04 13:59:22,11001
173844,A_SUBMITTED,2011-10-02 11:03:26,112
173844,A_PARTLYSUBMITTED,2011-10-02 11:03:26,112
173844,A_PREACCEPTED,2011-10-02 11:04:15,112
173844,W_Completeren aanvraag,2011-10-02 11:04:15,112
173844,W_Completeren aanvraag,2011-10-03 10:09:35,11180
173844,W_Completeren aanvraag,2011-10-03 10:11:17,11180
173844,W_Completeren aanvraag,2011-10-03 13:07:28,11201
173844,W_Completeren aanvraag,2011-10-03 13:15:40,11201
173844,W_Completeren aanvraag,2011-10-03 13:15:45,11201
173844,A_ACCEPTED,2011-10-03 13:15:57,11201
173844,A_FINALIZED,2011-10-03 13:19:45,11201
173844,O_SELECTED,2011-10-03 13:19:45,11201
173844,O_CREATED,2011-10-03 13:19:47,11201
173844,O_SENT,2011-10-03 13:19:47,11201
173844,W_Nabellen offertes,2011-10-03 13:19:47,11201
173844,W_Completeren aanvraag,2011-10-03 13:19:48,11201
173844,W_Nabellen offertes,2011-10-10 10:17:24,11049
173844,O_SENT_BACK,2011-10-10 10:17:48,11049
173844,W_Valideren aanvraag,2011-10-10 10:17:48,11049
173844,W_Nabellen offertes,2011-10-10 10:17:49,11049
173844,W_Valideren aanvraag,2011-10-11 14:41:27,10629
173844,O_ACCEPTED,2011-10-11 14:57:01,10629
173844,A_APPROVED,2011-10-11 14:57:01,10629
173844,A_REGISTERED,2011-10-11 14:57:01,10629
173844,A_ACTIVATED,2011-10-11 14:57:01,10629
173844,W_Valideren aanvraag,2011-10-11 14:57:09,10629
173847,A_SUBMITTED,2011-10-02 11:26:19,112
173847,A_PARTLYSUBMITTED,2011-10-02 11:26:19,112
173847,A_PREACCEPTED,2011-10-02 11:27:03,112
173847,W_Completeren aanvraag,2011-10-02 11:27:04,112
173847,W_Completeren aanvraag,2011-10-03 10:10:53,SYSTEM
173847,A_ACCEPTED,2011-10-03 10:19:34,11202
173847,A_FINALIZED,2011-10-03 10:22:05,11202
173847,O_SELECTED,2011-10-03 10:22:05,11202
173847,O_CREATED,2011-10-03 10:22:06,11202
173847,O_SENT,2011-10-03 10:22:06,11202
173847,W_Nabellen offertes,2011-10-03 10:22:06,SYSTEM
173847,W_Completeren aanvraag,2011-10-03 10:22:08,SYSTEM
173847,W_Nabellen offertes,2011-10-10 13:52:38,10899
173847,O_SENT_BACK,2011-10-10 13:52:46,10899
173847,W_Valideren aanvraag,2011-10-10 13:52:46,10899
173847,W_Nabellen offertes,2011-10-10 13:52:48,10899
173847,W_Valideren aanvraag,2011-10-12 10:42:01,10138
173847,O_DECLINED,2011-10-12 10:52:11,10138
173847,A_DECLINED,2011-10-12 10:52:11,10138
173847,W_Valideren aanvraag,2011-10-12 10:52:13,10138
173850,A_SUBMITTED,2011-10-02 11:30:23,112
173850,A_PARTLYSUBMITTED,2011-10-02 11:30:23,112
173850,A_DECLINED,2011-10-02 11:31:03,112
173853,A_SUBMITTED,2011-10-02 11:33:24,112
173853,A_PARTLYSUBMITTED,2011-10-02 11:33:24,112
173853,A_DECLINED,2011-10-02 11:33:58,112
173856,A_SUBMITTED,2011-10-02 11:45:33,112
173856,A_PARTLYSUBMITTED,2011-10-02 11:45:33,112
173856,W_Afhandelen leads,2011-10-02 11:45:48,112
173856,W_Afhandelen leads,2011-10-03 09:23:32,11001
173856,W_Afhandelen leads,2011-10-03 09:23:52,11001
173856,W_Afhandelen leads,2011-10-03 09:23:56,11001
173856,A_DECLINED,2011-10-03 09:26:32,11001
173856,W_Afhandelen leads,2011-10-03 09:26:39,11001
173859,A_SUBMITTED,2011-10-02 11:47:41,112
173859,A_PARTLYSUBMITTED,2011-10-02 11:47:41,112
173859,W_Afhandelen leads,2011-10-02 11:47:55,112
173859,W_Afhandelen leads,2011-10-03 09:26:44,11001
173859,A_PREACCEPTED,2011-10-03 09:28:42,11001
173859,W_Completeren aanvraag,2011-10-03 09:28:42,11001
173859,W_Afhandelen leads,2011-10-03 09:28:44,11001
173859,W_Completeren aanvraag,2011-10-03 12:25:15,SYSTEM
173859,A_ACCEPTED,2011-10-03 12:32:19,11120
173859,O_SELECTED,2011-10-03 12:37:05,11120
173859,A_FINALIZED,2011-10-03 12:37:05,11120
173859,O_CREATED,2011-10-03 12:37:07,11120
173859,O_SENT,2011-10-03 12:37:07,11120
173859,W_Nabellen offertes,2011-10-03 12:37:07,SYSTEM
173859,W_Completeren aanvraag,2011-10-03 12:37:08,SYSTEM
173859,W_Nabellen offertes,2011-10-03 12:37:23,SYSTEM
173859,W_Nabellen offertes,2011-10-03 12:38:46,SYSTEM
173859,W_Nabellen offertes,2011-10-10 16:41:23,SYSTEM
173859,O_CANCELLED,2011-10-10 16:43:52,11120
173859,A_CANCELLED,2011-10-10 16:43:52,11120
173859,W_Nabellen offertes,2011-10-10 16:43:55,SYSTEM
173862,A_SUBMITTED,2011-10-02 12:04:39,112
173862,A_PARTLYSUBMITTED,2011-10-02 12:04:39,112
173862,W_Afhandelen leads,2011-10-02 12:05:19,112
173862,W_Afhandelen leads,2011-10-03 09:28:48,11001
173862,A_DECLINED,2011-10-03 09:30:06,11001
173862,W_Afhandelen leads,2011-10-03 09:30:10,11001
173865,A_SUBMITTED,2011-10-02 12:17:02,112
173865,A_PARTLYSUBMITTED,2011-10-02 12:17:02,112
173865,A_DECLINED,2011-10-02 12:17:48,112
173868,A_SUBMITTED,2011-10-02 12:24:18,112
173868,A_PARTLYSUBMITTED,2011-10-02 12:24:19,112
173868,A_PREACCEPTED,2011-10-02 12:25:03,112
173868,W_Completeren aanvraag,2011-10-02 12:25:04,112
173868,W_Completeren aanvraag,2011-10-03 10:11:25,11180
173868,W_Completeren aanvraag,2011-10-03 10:17:33,11180
173868,W_Completeren aanvraag,2011-10-03 10:17:46,11180
173868,A_ACCEPTED,2011-10-03 10:18:03,11180
173868,A_FINALIZED,2011-10-03 10:21:41,11180
173868,O_SELECTED,2011-10-03 10:21:41,11180
173868,O_CREATED,2011-10-03 10:21:42,11180
173868,O_SENT,2011-10-03 10:21:42,11180
173868,W_Nabellen offertes,2011-10-03 10:21:42,11180
173868,W_Completeren aanvraag,2011-10-03 10:21:43,11180
173868,W_Nabellen offertes,2011-10-10 16:19:30,SYSTEM
173868,W_Nabellen offertes,2011-10-10 16:28:12,SYSTEM
173868,W_Nabellen offertes,2011-10-18 11:40:53,SYSTEM
173868,W_Nabellen offertes,2011-10-18 11:41:06,SYSTEM
173868,W_Nabellen offertes,2011-10-19 18:43:44,11119
173868,W_Nabellen offertes,2011-10-19 18:47:17,11119
173868,W_Nabellen offertes,2011-10-20 09:11:18,SYSTEM
173868,O_SENT_BACK,2011-10-20 09:11:49,11029
173868,W_Valideren aanvraag,2011-10-20 09:11:49,SYSTEM
173868,W_Nabellen offertes,2011-10-20 09:11:50,SYSTEM
173868,W_Valideren aanvraag,2011-10-26 07:42:40,10609
173868,O_DECLINED,2011-10-26 08:07:33,10609
173868,A_DECLINED,2011-10-26 08:07:33,10609
173868,W_Valideren aanvraag,2011-10-26 08:07:39,10609
173871,A_SUBMITTED,2011-10-02 13:05:34,112
173871,A_PARTLYSUBMITTED,2011-10-02 13:05:36,112
173871,A_PREACCEPTED,2011-10-02 13:06:18,112
173871,W_Completeren aanvraag,2011-10-02 13:06:18,112
173871,W_Completeren aanvraag,2011-10-03 10:25:41,SYSTEM
173871,W_Completeren aanvraag,2011-10-03 10:28:37,SYSTEM
173871,W_Completeren aanvraag,2011-10-03 14:38:26,11201
173871,W_Completeren aanvraag,2011-10-03 14:41:00,11201
173871,W_Completeren aanvraag,2011-10-03 15:04:31,10889
173871,W_Completeren aanvraag,2011-10-03 15:15:36,10889
173871,W_Completeren aanvraag,2011-10-03 15:16:20,10889
173871,W_Completeren aanvraag,2011-10-03 15:18:02,10889
173871,W_Completeren aanvraag,2011-10-04 19:37:07,10909
173871,W_Completeren aanvraag,2011-10-04 19:38:50,10909
173871,W_Completeren aanvraag,2011-10-04 19:38:56,10909
173871,A_ACCEPTED,2011-10-04 19:39:04,10909
173871,A_FINALIZED,2011-10-04 19:40:46,10909
173871,O_SELECTED,2011-10-04 19:40:46,10909
173871,O_CREATED,2011-10-04 19:40:47,10909
173871,O_SENT,2011-10-04 19:40:47,10909
173871,W_Nabellen offertes,2011-10-04 19:40:48,10909
173871,W_Completeren aanvraag,2011-10-04 19:40:49,10909
173871,W_Nabellen offertes,2011-10-04 19:40:56,10909
173871,W_Nabellen offertes,2011-10-04 19:41:00,10909
173871,W_Nabellen offertes,2011-10-04 19:41:09,10909
173871,W_Nabellen offertes,2011-10-04 19:42:29,10909
173871,W_Nabellen offertes,2011-10-11 10:00:42,SYSTEM
173871,O_SENT_BACK,2011-10-11 10:01:11,11029
173871,W_Valideren aanvraag,2011-10-11 10:01:11,SYSTEM
173871,W_Nabellen offertes,2011-10-11 10:01:13,SYSTEM
173871,W_Valideren aanvraag,2011-10-14 09:55:27,10138
173871,W_Valideren aanvraag,2011-10-14 09:56:18,10138
173871,W_Valideren aanvraag,2011-10-14 09:58:39,10138
173871,O_DECLINED,2011-10-14 10:05:53,10138
173871,A_DECLINED,2011-10-14 10:05:53,10138
173871,W_Valideren aanvraag,2011-10-14 10:05:57,10138
173874,A_SUBMITTED,2011-10-02 13:10:37,112
173874,A_PARTLYSUBMITTED,2011-10-02 13:10:37,112
173874,A_DECLINED,2011-10-02 13:10:40,112
173877,A_SUBMITTED,2011-10-02 13:21:47,112
173877,A_PARTLYSUBMITTED,2011-10-02 13:21:47,112
173877,A_DECLINED,2011-10-02 13:22:28,112
173880,A_SUBMITTED,2011-10-02 13:24:15,112
173880,A_PARTLYSUBMITTED,2011-10-02 13:24:15,112
173880,W_Afhandelen leads,2011-10-02 13:24:24,112
173880,W_Afhandelen leads,2011-10-03 09:30:14,11001
173880,A_PREACCEPTED,2011-10-03 09:31:45,11001
173880,W_Completeren aanvraag,2011-10-03 09:31:46,11001
173880,W_Afhandelen leads,2011-10-03 09:31:47,11001
173880,W_Completeren aanvraag,2011-10-03 12:54:12,11180
173880,W_Completeren aanvraag,2011-10-03 12:54:18,11180
173880,W_Completeren aanvraag,2011-10-03 13:50:17,11201
173880,A_ACCEPTED,2011-10-03 13:58:18,11201
173880,A_FINALIZED,2011-10-03 14:00:45,11201
173880,O_SELECTED,2011-10-03 14:00:45,11201
173880,O_CREATED,2011-10-03 14:00:46,11201
173880,O_SENT,2011-10-03 14:00:46,11201
173880,W_Nabellen offertes,2011-10-03 14:00:47,11201
173880,W_Completeren aanvraag,2011-10-03 14:00:48,11201
173880,W_Nabellen offertes,2011-10-03 14:01:14,11201
173880,W_Nabellen offertes,2011-10-03 14:02:13,11201
173880,W_Nabellen offertes,2011-10-10 18:04:49,11119
173880,W_Nabellen offertes,2011-10-10 18:19:22,11119
173880,W_Nabellen offertes,2011-10-10 18:19:33,11119
173880,W_Nabellen offertes,2011-10-10 18:22:25,11119
173880,W_Nabellen offertes,2011-10-11 16:20:33,10889
173880,W_Nabellen offertes,2011-10-11 16:20:52,10889
173880,W_Nabellen offertes,2011-10-19 19:59:56,11122
173880,W_Nabellen offertes,2011-10-19 20:01:09,11122
173880,W_Nabellen offertes,2011-10-24 11:27:44,SYSTEM
173880,O_SENT_BACK,2011-10-24 11:28:26,11029
173880,W_Valideren aanvraag,2011-10-24 11:28:26,SYSTEM
173880,W_Nabellen offertes,2011-10-24 11:28:27,SYSTEM
173880,W_Valideren aanvraag,2011-10-28 11:58:00,10138
173880,W_Valideren aanvraag,2011-10-28 12:02:13,10138
173880,W_Valideren aanvraag,2011-10-28 12:05:14,10138
173880,W_Nabellen incomplete dossiers,2011-10-28 12:19:45,10138
173880,W_Valideren aanvraag,2011-10-28 12:19:46,10138
173880,W_Nabellen incomplete dossiers,2011-10-28 15:47:59,10982
173880,W_Nabellen incomplete dossiers,2011-10-28 15:50:05,10982
173880,W_Nabellen incomplete dossiers,2011-10-28 16:04:51,11169
173880,O_CANCELLED,2011-10-28 16:27:23,11169
173880,O_SELECTED,2011-10-28 16:27:23,11169
173880,O_CREATED,2011-10-28 16:27:25,11169
173880,O_SENT,2011-10-28 16:27:25,11169
173880,W_Nabellen incomplete dossiers,2011-10-28 16:27:25,11169
173880,W_Nabellen incomplete dossiers,2011-10-28 16:27:27,11169
173880,W_Nabellen incomplete dossiers,2011-10-28 16:32:53,11169
173880,W_Nabellen incomplete dossiers,2011-10-28 16:33:57,11169
173880,W_Nabellen incomplete dossiers,2011-10-28 19:49:41,10913
173880,W_Nabellen incomplete dossiers,2011-10-28 19:51:35,10913
173880,W_Nabellen incomplete dossiers,2011-11-03 08:54:27,11049
173880,W_Nabellen incomplete dossiers,2011-11-03 08:54:48,11049
173880,W_Nabellen incomplete dossiers,2011-11-04 11:45:24,10789
173880,O_SENT_BACK,2011-11-04 11:46:11,10789
173880,W_Valideren aanvraag,2011-11-04 11:46:11,10789
173880,W_Nabellen incomplete dossiers,2011-11-04 11:46:12,10789
173880,W_Valideren aanvraag,2011-11-04 13:03:55,10138
173880,O_ACCEPTED,2011-11-04 13:09:38,10138
173880,A_APPROVED,2011-11-04 13:09:38,10138
173880,A_REGISTERED,2011-11-04 13:09:38,10138
173880,A_ACTIVATED,2011-11-04 13:09:38,10138
173880,W_Valideren aanvraag,2011-11-04 13:09:47,10138
173883,A_SUBMITTED,2011-10-02 13:46:35,112
173883,A_PARTLYSUBMITTED,2011-10-02 13:46:36,112
173883,A_DECLINED,2011-10-02 13:46:38,112
173886,A_SUBMITTED,2011-10-02 13:52:34,112
173886,A_PARTLYSUBMITTED,2011-10-02 13:52:34,112
173886,A_DECLINED,2011-10-02 13:53:12,112
173889,A_SUBMITTED,2011-10-02 14:42:12,112
173889,A_PARTLYSUBMITTED,2011-10-02 14:42:14,112
173889,W_Afhandelen leads,2011-10-02 14:42:29,112
173889,W_Afhandelen leads,2011-10-03 09:33:51,11001
173889,A_DECLINED,2011-10-03 09:36:30,11001
173889,W_Afhandelen leads,2011-10-03 09:36:33,11001
173892,A_SUBMITTED,2011-10-02 14:53:44,112
173892,A_PARTLYSUBMITTED,2011-10-02 14:53:45,112
173892,A_DECLINED,2011-10-02 14:54:21,112
173895,A_SUBMITTED,2011-10-02 16:03:10,112
173895,A_PARTLYSUBMITTED,2011-10-02 16:03:10,112
173895,A_DECLINED,2011-10-02 16:03:50,112
173898,A_SUBMITTED,2011-10-02 16:05:39,112
173898,A_PARTLYSUBMITTED,2011-10-02 16:05:40,112
173898,W_Afhandelen leads,2011-10-02 16:05:52,112
173898,W_Afhandelen leads,2011-10-03 09:34:01,10889
173898,A_PREACCEPTED,2011-10-03 09:37:05,10889
173898,W_Completeren aanvraag,2011-10-03 09:37:06,10889
173898,W_Afhandelen leads,2011-10-03 09:37:07,10889
173898,W_Completeren aanvraag,2011-10-03 13:56:51,SYSTEM
173898,W_Completeren aanvraag,2011-10-03 13:58:22,SYSTEM
173898,W_Completeren aanvraag,2011-10-03 16:00:42,11201
173898,W_Completeren aanvraag,2011-10-03 16:45:50,11201
173898,W_Completeren aanvraag,2011-10-03 16:45:52,10889
173898,A_ACCEPTED,2011-10-03 16:50:37,10889
173898,A_FINALIZED,2011-10-03 16:51:47,10889
173898,O_SELECTED,2011-10-03 16:51:47,10889
173898,O_CREATED,2011-10-03 16:51:48,10889
173898,O_SENT,2011-10-03 16:51:48,10889
173898,W_Nabellen offertes,2011-10-03 16:51:49,10889
173898,W_Completeren aanvraag,2011-10-03 16:51:51,10889
173898,W_Nabellen offertes,2011-10-10 18:42:14,11119
173898,W_Nabellen offertes,2011-10-10 18:44:19,11119
173898,W_Nabellen offertes,2011-10-12 16:22:04,11180
173898,W_Nabellen offertes,2011-10-12 16:22:54,11180
173898,W_Nabellen offertes,2011-10-13 19:54:37,11201
173898,O_CANCELLED,2011-10-13 20:00:46,11201
173898,A_CANCELLED,2011-10-13 20:00:46,11201
173898,W_Nabellen offertes,2011-10-13 20:00:48,11201
173901,A_SUBMITTED,2011-10-02 16:12:08,112
173901,A_PARTLYSUBMITTED,2011-10-02 16:12:08,112
173901,W_Afhandelen leads,2011-10-02 16:12:57,112
173901,W_Afhandelen leads,2011-10-03 09:30:52,10889
173901,A_DECLINED,2011-10-03 09:33:41,10889
173901,W_Afhandelen leads,2011-10-03 09:33:46,10889
173904,A_SUBMITTED,2011-10-02 16:52:36,112
173904,A_PARTLYSUBMITTED,2011-10-02 16:52:36,112
173904,W_Afhandelen leads,2011-10-02 16:52:46,112
173904,W_Afhandelen leads,2011-10-03 09:29:32,10889
173904,A_DECLINED,2011-10-03 09:35:18,10889
173904,W_Afhandelen leads,2011-10-03 09:35:23,10889
173907,A_SUBMITTED,2011-10-02 16:53:33,112
173907,A_PARTLYSUBMITTED,2011-10-02 16:53:33,112
173907,A_DECLINED,2011-10-02 16:54:13,112
173910,A_SUBMITTED,2011-10-02 17:17:43,112
173910,A_PARTLYSUBMITTED,2011-10-02 17:17:43,112
173910,A_DECLINED,2011-10-02 17:18:26,112
173913,A_SUBMITTED,2011-10-02 17:18:05,112
173913,A_PARTLYSUBMITTED,2011-10-02 17:18:05,112
173913,A_PREACCEPTED,2011-10-02 17:18:41,112
173913,W_Completeren aanvraag,2011-10-02 17:18:41,112
173913,W_Completeren aanvraag,2011-10-03 10:27:15,SYSTEM
173913,A_ACCEPTED,2011-10-03 10:33:01,11202
173913,A_FINALIZED,2011-10-03 10:43:47,11202
173913,O_SELECTED,2011-10-03 10:43:47,11202
173913,O_CREATED,2011-10-03 10:43:51,11202
173913,O_SENT,2011-10-03 10:43:51,11202
173913,W_Nabellen offertes,2011-10-03 10:43:51,SYSTEM
173913,W_Completeren aanvraag,2011-10-03 10:43:52,SYSTEM
173913,W_Nabellen offertes,2011-10-03 10:44:12,SYSTEM
173913,W_Nabellen offertes,2011-10-03 10:52:28,SYSTEM
173913,W_Nabellen offertes,2011-10-06 11:09:08,10939
173913,W_Nabellen offertes,2011-10-06 11:14:33,10939
173913,W_Nabellen offertes,2011-10-10 13:50:43,10899
173913,O_SENT_BACK,2011-10-10 13:51:21,10899
173913,W_Valideren aanvraag,2011-10-10 13:51:21,10899
173913,W_Nabellen offertes,2011-10-10 13:51:23,10899
173913,W_Valideren aanvraag,2011-10-12 15:20:50,10809
173913,W_Valideren aanvraag,2011-10-12 15:54:05,10809
173913,W_Valideren aanvraag,2011-10-12 15:54:14,10809
173913,O_ACCEPTED,2011-10-12 16:00:58,10809
173913,A_ACTIVATED,2011-10-12 16:00:58,10809
173913,A_APPROVED,2011-10-12 16:00:58,10809
173913,A_REGISTERED,2011-10-12 16:00:58,10809
173913,W_Valideren aanvraag,2011-10-12 16:01:06,10809
173916,A_SUBMITTED,2011-10-02 17:45:59,112
173916,A_PARTLYSUBMITTED,2011-10-02 17:45:59,112
173916,W_Beoordelen fraude,2011-10-02 17:46:11,112
173916,W_Beoordelen fraude,2011-10-03 11:00:19,10188
173916,W_Beoordelen fraude,2011-10-03 11:00:29,10188
173916,W_Beoordelen fraude,2011-10-03 11:01:06,10188
173916,W_Beoordelen fraude,2011-10-03 11:01:13,10188
173916,W_Beoordelen fraude,2011-10-03 11:19:01,10188
173916,A_DECLINED,2011-10-03 11:19:27,10188
173916,W_Beoordelen fraude,2011-10-03 11:19:30,10188
173919,A_SUBMITTED,2011-10-02 17:55:10,112
173919,A_PARTLYSUBMITTED,2011-10-02 17:55:11,112
173919,W_Afhandelen leads,2011-10-02 17:55:45,112
173919,W_Afhandelen leads,2011-10-03 09:29:21,10889
173919,A_PREACCEPTED,2011-10-03 09:30:24,10889
173919,W_Completeren aanvraag,2011-10-03 09:30:24,10889
173919,W_Afhandelen leads,2011-10-03 09:30:25,10889
173919,W_Completeren aanvraag,2011-10-03 12:26:16,11180
173919,W_Completeren aanvraag,2011-10-03 12:28:21,11180
173919,W_Completeren aanvraag,2011-10-03 16:07:00,11201
173919,W_Completeren aanvraag,2011-10-03 16:08:25,11201
173919,W_Completeren aanvraag,2011-10-03 16:16:00,SYSTEM
173919,W_Completeren aanvraag,2011-10-03 16:16:07,SYSTEM
173919,W_Completeren aanvraag,2011-10-03 16:51:20,11001
173919,W_Completeren aanvraag,2011-10-03 16:52:30,11001
173919,W_Completeren aanvraag,2011-10-04 11:58:54,SYSTEM
173919,A_CANCELLED,2011-10-04 12:04:00,11202
173919,W_Completeren aanvraag,2011-10-04 12:04:02,SYSTEM
173922,A_SUBMITTED,2011-10-02 17:56:36,112
173922,A_PARTLYSUBMITTED,2011-10-02 17:56:36,112
173922,A_DECLINED,2011-10-02 17:57:17,112
173925,A_SUBMITTED,2011-10-02 18:00:06,112
173925,A_PARTLYSUBMITTED,2011-10-02 18:00:06,112
173925,W_Afhandelen leads,2011-10-02 18:00:16,112
173925,W_Afhandelen leads,2011-10-03 09:24:16,10889
173925,A_PREACCEPTED,2011-10-03 09:28:16,10889
173925,W_Completeren aanvraag,2011-10-03 09:28:16,10889
173925,W_Afhandelen leads,2011-10-03 09:28:17,10889
173925,W_Completeren aanvraag,2011-10-03 12:11:58,SYSTEM
173925,W_Completeren aanvraag,2011-10-03 12:21:41,SYSTEM
173925,W_Completeren aanvraag,2011-10-03 12:21:52,SYSTEM
173925,A_DECLINED,2011-10-03 12:23:39,11120
173925,W_Completeren aanvraag,2011-10-03 12:23:42,SYSTEM
173928,A_SUBMITTED,2011-10-02 18:30:01,112
173928,A_PARTLYSUBMITTED,2011-10-02 18:30:01,112
173928,A_PREACCEPTED,2011-10-02 18:30:55,112
173928,W_Completeren aanvraag,2011-10-02 18:30:56,112
173928,W_Completeren aanvraag,2011-10-03 10:28:45,SYSTEM
173928,W_Completeren aanvraag,2011-10-03 10:29:11,SYSTEM
173928,W_Completeren aanvraag,2011-10-03 10:56:03,11180
173928,W_Completeren aanvraag,2011-10-03 10:58:03,11180
173928,W_Completeren aanvraag,2011-10-03 15:15:05,11180
173928,A_ACCEPTED,2011-10-03 15:23:23,11180
173928,O_SELECTED,2011-10-03 15:29:05,11180
173928,A_FINALIZED,2011-10-03 15:29:05,11180
173928,O_CREATED,2011-10-03 15:29:06,11180
173928,O_SENT,2011-10-03 15:29:06,11180
173928,W_Nabellen offertes,2011-10-03 15:29:06,11180
173928,W_Completeren aanvraag,2011-10-03 15:29:08,11180
173928,W_Nabellen offertes,2011-10-03 15:29:35,11180
173928,O_CANCELLED,2011-10-03 15:30:07,11180
173928,O_SELECTED,2011-10-03 15:30:07,11180
173928,O_CREATED,2011-10-03 15:30:09,11180
173928,O_SENT,2011-10-03 15:30:09,11180
173928,W_Nabellen offertes,2011-10-03 15:30:09,11180
173928,W_Nabellen offertes,2011-10-03 15:30:11,11180
173928,W_Nabellen offertes,2011-10-03 15:30:20,11180
173928,W_Nabellen offertes,2011-10-03 15:31:48,11180
173928,W_Nabellen offertes,2011-10-10 18:25:51,11119
173928,W_Nabellen offertes,2011-10-10 18:28:06,11119
173928,W_Nabellen offertes,2011-10-12 16:10:54,11180
173928,W_Nabellen offertes,2011-10-12 16:13:02,11180
173928,W_Nabellen offertes,2011-10-21 12:31:43,SYSTEM
173928,W_Nabellen offertes,2011-10-21 12:32:29,SYSTEM
173928,W_Nabellen offertes,2011-10-21 20:25:30,10609
173928,W_Nabellen offertes,2011-10-21 20:25:44,10609
173928,W_Nabellen offertes,2011-10-24 16:11:23,11180
173928,W_Nabellen offertes,2011-10-24 16:13:24,11180
173928,W_Nabellen offertes,2011-10-26 10:22:32,SYSTEM
173928,O_SENT_BACK,2011-10-26 10:23:27,11029
173928,W_Valideren aanvraag,2011-10-26 10:23:27,SYSTEM
173928,W_Nabellen offertes,2011-10-26 10:23:29,SYSTEM
173928,W_Valideren aanvraag,2011-10-31 12:49:16,10629
173928,W_Nabellen incomplete dossiers,2011-10-31 13:19:00,10629
173928,W_Valideren aanvraag,2011-10-31 13:19:02,10629
173928,W_Nabellen incomplete dossiers,2011-10-31 17:10:03,10889
173928,W_Nabellen incomplete dossiers,2011-10-31 17:17:03,10889
173928,W_Nabellen incomplete dossiers,2011-11-01 11:18:38,11169
173928,W_Nabellen incomplete dossiers,2011-11-01 11:19:59,11169
173928,W_Nabellen incomplete dossiers,2011-11-01 16:37:25,11169
173928,W_Nabellen incomplete dossiers,2011-11-01 16:40:13,11169
173928,W_Nabellen incomplete dossiers,2011-11-01 18:47:22,10913
173928,W_Nabellen incomplete dossiers,2011-11-01 19:00:06,10913
173928,W_Nabellen incomplete dossiers,2011-11-03 08:49:02,11049
173928,W_Nabellen incomplete dossiers,2011-11-03 08:49:14,11049
173928,W_Nabellen incomplete dossiers,2011-11-07 08:56:57,10809
173928,W_Nabellen incomplete dossiers,2011-11-07 08:57:43,10809
173928,W_Nabellen incomplete dossiers,2011-11-09 10:37:05,11049
173928,W_Valideren aanvraag,2011-11-09 10:38:10,11049
173928,W_Nabellen incomplete dossiers,2011-11-09 10:38:12,11049
173928,W_Valideren aanvraag,2011-11-09 12:11:21,10629
173928,W_Nabellen incomplete dossiers,2011-11-09 12:18:49,10629
173928,W_Valideren aanvraag,2011-11-09 12:18:51,10629
173928,W_Nabellen incomplete dossiers,2011-11-09 13:17:10,11169
173928,W_Nabellen incomplete dossiers,2011-11-09 13:22:22,11169
173928,W_Nabellen incomplete dossiers,2011-11-09 13:22:27,11169
173928,W_Nabellen incomplete dossiers,2011-11-09 13:22:39,11169
173928,W_Nabellen incomplete dossiers,2011-11-09 18:13:46,11119
173928,W_Nabellen incomplete dossiers,2011-11-09 18:16:05,11119
173928,W_Nabellen incomplete dossiers,2011-11-10 11:31:13,11049
173928,W_Nabellen incomplete dossiers,2011-11-10 11:31:22,11049
173928,W_Nabellen incomplete dossiers,2011-11-10 20:47:02,11169
173928,W_Nabellen incomplete dossiers,2011-11-10 20:50:24,11169
173928,W_Nabellen incomplete dossiers,2011-11-12 10:28:28,10913
173928,W_Nabellen incomplete dossiers,2011-11-12 10:33:10,10913
173928,W_Nabellen incomplete dossiers,2011-11-17 15:34:18,11049
173928,W_Nabellen incomplete dossiers,2011-11-17 15:34:29,11049
173928,W_Nabellen incomplete dossiers,2011-11-18 09:21:48,11169
173928,W_Nabellen incomplete dossiers,2011-11-18 09:29:30,11169
173928,W_Nabellen incomplete dossiers,2011-11-18 15:39:58,SYSTEM
173928,W_Nabellen incomplete dossiers,2011-11-18 15:40:10,SYSTEM
173928,W_Nabellen incomplete dossiers,2011-11-18 16:24:52,SYSTEM
173928,W_Nabellen incomplete dossiers,2011-11-18 16:25:37,SYSTEM
173928,W_Nabellen incomplete dossiers,2011-11-18 20:46:01,11122
173928,W_Nabellen incomplete dossiers,2011-11-18 20:46:59,11122
173928,W_Nabellen incomplete dossiers,2011-11-19 10:39:22,10861
173928,W_Nabellen incomplete dossiers,2011-11-19 10:40:38,10861
173928,W_Nabellen incomplete dossiers,2011-11-19 13:58:02,10861
173928,W_Nabellen incomplete dossiers,2011-11-19 13:58:56,10861
173928,W_Nabellen incomplete dossiers,2011-11-21 09:30:36,10629
173928,W_Nabellen incomplete dossiers,2011-11-21 09:33:07,10629
173928,W_Nabellen incomplete dossiers,2011-11-21 10:00:37,10910
173928,W_Nabellen incomplete dossiers,2011-11-21 10:01:50,10910
173928,W_Nabellen incomplete dossiers,2011-11-21 20:42:18,10929
173928,W_Nabellen incomplete dossiers,2011-11-21 20:44:46,10929
173928,W_Nabellen incomplete dossiers,2011-11-22 11:26:45,SYSTEM
173928,W_Nabellen incomplete dossiers,2011-11-22 11:27:47,SYSTEM
173928,W_Nabellen incomplete dossiers,2011-11-22 14:42:35,11189
173928,W_Nabellen incomplete dossiers,2011-11-22 14:49:49,11189
173928,W_Nabellen incomplete dossiers,2011-11-24 10:45:32,11049
173928,W_Nabellen incomplete dossiers,2011-11-24 10:48:23,11049
173928,W_Nabellen incomplete dossiers,2011-11-25 14:15:42,10910
173928,W_Nabellen incomplete dossiers,2011-11-25 14:16:47,10910
173928,W_Nabellen incomplete dossiers,2011-11-26 10:13:09,11000
173928,W_Nabellen incomplete dossiers,2011-11-26 10:15:39,11000
173928,W_Nabellen incomplete dossiers,2011-11-26 14:33:33,11000
173928,W_Nabellen incomplete dossiers,2011-11-26 14:34:49,11000
173928,W_Nabellen incomplete dossiers,2011-11-28 10:35:55,10931
173928,W_Nabellen incomplete dossiers,2011-11-28 10:47:59,10931
173928,W_Nabellen incomplete dossiers,2011-11-28 15:32:01,11259
173928,W_Valideren aanvraag,2011-11-28 15:33:06,11259
173928,W_Nabellen incomplete dossiers,2011-11-28 15:33:09,11259
173928,W_Valideren aanvraag,2011-11-29 09:11:09,10972
173928,O_ACCEPTED,2011-11-29 09:27:25,10972
173928,A_REGISTERED,2011-11-29 09:27:25,10972
173928,A_APPROVED,2011-11-29 09:27:25,10972
173928,A_ACTIVATED,2011-11-29 09:27:25,10972
173928,W_Valideren aanvraag,2011-11-29 09:27:33,10972
173931,A_SUBMITTED,2011-10-02 19:27:33,112
173931,A_PARTLYSUBMITTED,2011-10-02 19:27:33,112
173931,A_DECLINED,2011-10-02 19:28:11,112
173934,A_SUBMITTED,2011-10-02 20:05:03,112
173934,A_PARTLYSUBMITTED,2011-10-02 20:05:03,112
173934,W_Afhandelen leads,2011-10-02 20:05:17,112
173934,W_Afhandelen leads,2011-10-03 09:24:04,10889
173934,A_DECLINED,2011-10-03 09:29:04,10889
173934,W_Afhandelen leads,2011-10-03 09:29:09,10889
173937,A_SUBMITTED,2011-10-02 21:07:34,112
173937,A_PARTLYSUBMITTED,2011-10-02 21:07:34,112
173937,A_PREACCEPTED,2011-10-02 21:08:17,112
173937,W_Completeren aanvraag,2011-10-02 21:08:18,112
173937,W_Completeren aanvraag,2011-10-03 10:29:23,SYSTEM
173937,W_Completeren aanvraag,2011-10-03 10:32:58,SYSTEM
173937,W_Completeren aanvraag,2011-10-03 18:28:26,11119
173937,W_Completeren aanvraag,2011-10-03 18:29:18,11119
173937,W_Completeren aanvraag,2011-10-04 12:30:31,SYSTEM
173937,W_Completeren aanvraag,2011-10-04 12:31:34,SYSTEM
173937,W_Completeren aanvraag,2011-10-04 14:03:37,11001
173937,W_Completeren aanvraag,2011-10-04 14:04:32,11001
173937,W_Completeren aanvraag,2011-10-04 17:48:35,11179
173937,W_Completeren aanvraag,2011-10-04 17:49:43,11179
173937,W_Completeren aanvraag,2011-10-05 09:45:10,SYSTEM
173937,W_Completeren aanvraag,2011-10-05 09:46:04,SYSTEM
173937,W_Completeren aanvraag,2011-10-05 13:42:15,SYSTEM
173937,W_Completeren aanvraag,2011-10-05 13:44:36,SYSTEM
173937,W_Completeren aanvraag,2011-10-05 18:28:36,SYSTEM
173937,W_Completeren aanvraag,2011-10-05 18:30:10,SYSTEM
173937,W_Completeren aanvraag,2011-10-06 20:41:39,10913
173937,W_Completeren aanvraag,2011-10-06 20:44:54,10913
173937,W_Completeren aanvraag,2011-10-07 09:21:13,SYSTEM
173937,W_Completeren aanvraag,2011-10-07 09:21:28,SYSTEM
173937,W_Completeren aanvraag,2011-10-07 18:51:48,11181
173937,W_Completeren aanvraag,2011-10-07 18:52:53,11181
173937,W_Completeren aanvraag,2011-10-08 11:26:44,10913
173937,W_Completeren aanvraag,2011-10-08 11:31:22,10913
173937,W_Completeren aanvraag,2011-10-26 19:28:46,10881
173937,W_Completeren aanvraag,2011-10-26 19:29:26,10881
173937,W_Completeren aanvraag,2011-11-02 09:15:09,10881
173937,A_CANCELLED,2011-11-02 09:15:09,112
173940,A_SUBMITTED,2011-10-02 21:08:02,112
173940,A_PARTLYSUBMITTED,2011-10-02 21:08:02,112
173940,A_PREACCEPTED,2011-10-02 21:08:42,112
173940,W_Completeren aanvraag,2011-10-02 21:08:42,112
173940,W_Completeren aanvraag,2011-10-03 10:33:02,SYSTEM
173940,W_Completeren aanvraag,2011-10-03 10:44:53,SYSTEM
173940,W_Completeren aanvraag,2011-10-03 18:29:24,11119
173940,W_Completeren aanvraag,2011-10-03 18:31:26,11119
173940,W_Completeren aanvraag,2011-10-03 18:44:32,11119
173940,A_ACCEPTED,2011-10-03 18:48:40,11119
173940,O_SELECTED,2011-10-03 18:51:13,11119
173940,A_FINALIZED,2011-10-03 18:51:13,11119
173940,O_CREATED,2011-10-03 18:51:14,11119
173940,O_SENT,2011-10-03 18:51:14,11119
173940,W_Nabellen offertes,2011-10-03 18:51:14,11119
173940,W_Completeren aanvraag,2011-10-03 18:51:15,11119
173940,W_Nabellen offertes,2011-10-10 13:46:56,10899
173940,O_SENT_BACK,2011-10-10 13:48:24,10899
173940,W_Valideren aanvraag,2011-10-10 13:48:24,10899
173940,W_Nabellen offertes,2011-10-10 13:48:25,10899
173940,W_Valideren aanvraag,2011-10-12 11:57:40,10138
173940,W_Nabellen incomplete dossiers,2011-10-12 12:18:34,10138
173940,W_Valideren aanvraag,2011-10-12 12:18:36,10138
173940,W_Nabellen incomplete dossiers,2011-10-12 12:29:08,SYSTEM
173940,W_Nabellen incomplete dossiers,2011-10-12 12:36:15,SYSTEM
173940,W_Nabellen incomplete dossiers,2011-10-12 13:20:42,SYSTEM
173940,W_Nabellen incomplete dossiers,2011-10-12 13:25:38,SYSTEM
173940,W_Nabellen incomplete dossiers,2011-10-13 09:16:06,11049
173940,W_Nabellen incomplete dossiers,2011-10-13 09:16:14,11049
173940,W_Nabellen incomplete dossiers,2011-10-13 13:35:37,11049
173940,W_Valideren aanvraag,2011-10-13 13:36:35,11049
173940,W_Nabellen incomplete dossiers,2011-10-13 13:36:36,11049
173940,W_Valideren aanvraag,2011-10-13 14:08:11,10138
173940,W_Nabellen incomplete dossiers,2011-10-13 14:11:31,10138
173940,W_Valideren aanvraag,2011-10-13 14:11:33,10138
173940,W_Nabellen incomplete dossiers,2011-10-13 14:14:57,SYSTEM
173940,W_Nabellen incomplete dossiers,2011-10-13 14:23:57,SYSTEM
173940,W_Nabellen incomplete dossiers,2011-10-13 14:24:41,SYSTEM
173940,W_Nabellen incomplete dossiers,2011-10-13 14:27:01,SYSTEM
173940,W_Nabellen incomplete dossiers,2011-10-13 18:59:56,10939
173940,W_Valideren aanvraag,2011-10-13 19:06:09,10939
173940,W_Nabellen incomplete dossiers,2011-10-13 19:06:11,10939
173940,W_Valideren aanvraag,2011-10-14 08:23:27,10138
173940,O_ACCEPTED,2011-10-14 08:30:21,10138
173940,A_APPROVED,2011-10-14 08:30:21,10138
173940,A_REGISTERED,2011-10-14 08:30:21,10138
173940,A_ACTIVATED,2011-10-14 08:30:21,10138
173940,W_Valideren aanvraag,2011-10-14 08:30:29,10138
173943,A_SUBMITTED,2011-10-02 22:11:52,112
173943,A_PARTLYSUBMITTED,2011-10-02 22:11:52,112
173943,W_Afhandelen leads,2011-10-02 22:12:35,112
173943,W_Afhandelen leads,2011-10-03 09:23:23,10889
173943,A_PREACCEPTED,2011-10-03 09:23:42,10889
173943,W_Completeren aanvraag,2011-10-03 09:23:42,10889
173943,W_Afhandelen leads,2011-10-03 09:23:43,10889
173943,W_Completeren aanvraag,2011-10-03 11:35:51,SYSTEM
173943,W_Completeren aanvraag,2011-10-03 11:35:58,SYSTEM
173943,W_Completeren aanvraag,2011-10-03 12:24:01,11180
173943,W_Completeren aanvraag,2011-10-03 12:26:09,11180
173943,W_Completeren aanvraag,2011-10-03 16:04:13,11201
173943,W_Completeren aanvraag,2011-10-03 16:05:15,11201
173943,W_Completeren aanvraag,2011-10-03 16:05:28,11201
173943,W_Completeren aanvraag,2011-10-03 16:05:36,11201
173943,W_Completeren aanvraag,2011-10-03 19:55:55,10982
173943,W_Completeren aanvraag,2011-10-03 19:58:18,10982
173943,W_Completeren aanvraag,2011-10-03 19:58:24,10982
173943,W_Completeren aanvraag,2011-10-03 20:02:00,10982
173943,W_Completeren aanvraag,2011-10-03 20:02:04,10982
173943,A_ACCEPTED,2011-10-03 20:03:20,10982
173943,A_FINALIZED,2011-10-03 20:05:38,10982
173943,O_SELECTED,2011-10-03 20:05:38,10982
173943,O_CREATED,2011-10-03 20:06:25,10982
173943,O_SENT,2011-10-03 20:06:25,10982
173943,W_Nabellen offertes,2011-10-03 20:06:26,10982
173943,W_Completeren aanvraag,2011-10-03 20:06:28,10982
173943,W_Nabellen offertes,2011-10-10 18:58:11,11201
173943,W_Nabellen offertes,2011-10-10 19:59:57,11201
173943,W_Nabellen offertes,2011-10-10 20:56:09,11181
173943,W_Nabellen offertes,2011-10-10 20:58:36,11181
173943,W_Nabellen offertes,2011-10-18 09:43:28,SYSTEM
173943,W_Nabellen offertes,2011-10-18 09:47:10,SYSTEM
173943,W_Nabellen offertes,2011-10-19 15:07:00,11189
173943,W_Nabellen offertes,2011-10-19 15:17:06,11189
173943,W_Nabellen offertes,2011-10-19 19:54:04,11119
173943,W_Nabellen offertes,2011-10-19 19:55:01,11119
173943,W_Nabellen offertes,2011-10-21 19:23:50,11201
173943,W_Nabellen offertes,2011-10-21 19:25:10,11201
173943,W_Nabellen offertes,2011-10-24 15:22:39,11180
173943,W_Nabellen offertes,2011-10-24 15:24:34,11180
173943,W_Nabellen offertes,2011-10-31 19:11:16,10863
173943,W_Nabellen offertes,2011-10-31 19:13:19,10863
173943,W_Nabellen offertes,2011-11-03 09:15:32,10863
173943,O_CANCELLED,2011-11-03 09:15:32,112
173943,A_CANCELLED,2011-11-03 09:15:32,112
173946,A_SUBMITTED,2011-10-02 22:51:17,112
173946,A_PARTLYSUBMITTED,2011-10-02 22:51:17,112
173946,A_PREACCEPTED,2011-10-02 22:51:56,112
173946,W_Completeren aanvraag,2011-10-02 22:51:57,112
173946,W_Completeren aanvraag,2011-10-03 10:37:42,11180
173946,A_ACCEPTED,2011-10-03 10:47:41,11180
173946,A_FINALIZED,2011-10-03 10:53:05,11180
173946,O_SELECTED,2011-10-03 10:53:05,11180
173946,O_CREATED,2011-10-03 10:53:06,11180
173946,O_SENT,2011-10-03 10:53:06,11180
173946,W_Nabellen offertes,2011-10-03 10:53:06,11180
173946,W_Completeren aanvraag,2011-10-03 10:53:08,11180
173946,W_Nabellen offertes,2011-10-03 10:53:36,11180
173946,W_Nabellen offertes,2011-10-03 10:54:08,11180
173946,W_Nabellen offertes,2011-10-10 17:23:20,11119
173946,W_Nabellen offertes,2011-10-10 17:25:03,11119
173946,W_Nabellen offertes,2011-10-11 12:14:08,SYSTEM
173946,W_Nabellen offertes,2011-10-11 12:20:46,SYSTEM
173946,W_Nabellen offertes,2011-11-03 09:15:22,SYSTEM
173946,O_CANCELLED,2011-11-03 09:15:22,112
173946,A_CANCELLED,2011-11-03 09:15:22,112
173949,A_SUBMITTED,2011-10-02 23:12:15,112
173949,A_PARTLYSUBMITTED,2011-10-02 23:12:16,112
173949,W_Afhandelen leads,2011-10-02 23:12:32,112
173949,W_Afhandelen leads,2011-10-03 09:19:01,10889
173949,A_PREACCEPTED,2011-10-03 09:21:49,10889
173949,W_Completeren aanvraag,2011-10-03 09:21:50,10889
173949,W_Afhandelen leads,2011-10-03 09:21:51,10889
173949,W_Completeren aanvraag,2011-10-03 11:36:06,SYSTEM
173949,W_Completeren aanvraag,2011-10-03 12:06:55,SYSTEM
173949,W_Completeren aanvraag,2011-10-04 10:18:06,11169
173949,W_Completeren aanvraag,2011-10-04 11:13:24,11169
173949,W_Completeren aanvraag,2011-10-04 12:00:24,11169
173949,A_ACCEPTED,2011-10-04 12:21:08,11169
173949,A_FINALIZED,2011-10-04 12:24:38,11169
173949,O_SELECTED,2011-10-04 12:24:38,11169
173949,O_CREATED,2011-10-04 12:25:26,11169
173949,O_SENT,2011-10-04 12:25:26,11169
173949,W_Nabellen offertes,2011-10-04 12:25:26,11169
173949,W_Completeren aanvraag,2011-10-04 12:25:27,11169
173949,W_Nabellen offertes,2011-10-05 17:11:33,11119
173949,W_Nabellen offertes,2011-10-05 17:13:11,11119
173949,W_Nabellen offertes,2011-10-11 18:11:30,11119
173949,W_Nabellen offertes,2011-10-11 18:12:53,11119
173949,W_Nabellen offertes,2011-10-11 18:51:47,10982
173949,W_Nabellen offertes,2011-10-11 18:56:04,10982
173949,W_Nabellen offertes,2011-10-24 09:04:50,11121
173949,O_CANCELLED,2011-10-24 09:08:04,11121
173949,O_SELECTED,2011-10-24 09:08:04,11121
173949,O_CREATED,2011-10-24 09:08:08,11121
173949,O_SENT,2011-10-24 09:08:08,11121
173949,W_Nabellen offertes,2011-10-24 09:08:08,11121
173949,W_Nabellen offertes,2011-10-24 09:08:09,11121
173949,W_Nabellen offertes,2011-10-24 09:08:18,11121
173949,W_Nabellen offertes,2011-10-24 09:12:59,11121
173949,W_Nabellen offertes,2011-10-24 09:13:16,11121
173949,W_Nabellen offertes,2011-10-24 09:14:11,11121
173949,W_Nabellen offertes,2011-10-25 18:15:05,10909
173949,W_Nabellen offertes,2011-10-25 18:16:43,10909
173949,W_Nabellen offertes,2011-10-25 18:47:03,10909
173949,W_Nabellen offertes,2011-10-25 19:05:07,10909
173949,W_Nabellen offertes,2011-10-27 10:53:37,11049
173949,O_SENT_BACK,2011-10-27 10:53:52,11049
173949,W_Valideren aanvraag,2011-10-27 10:53:52,11049
173949,W_Nabellen offertes,2011-10-27 10:53:54,11049
173949,W_Valideren aanvraag,2011-10-31 14:11:30,10629
173949,A_DECLINED,2011-10-31 14:33:55,10629
173949,O_DECLINED,2011-10-31 14:33:55,10629
173949,W_Valideren aanvraag,2011-10-31 14:34:00,10629
173952,A_SUBMITTED,2011-10-02 23:13:39,112
173952,A_PARTLYSUBMITTED,2011-10-02 23:13:40,112
173952,A_DECLINED,2011-10-02 23:14:30,112
173955,A_SUBMITTED,2011-10-02 23:15:19,112
173955,A_PARTLYSUBMITTED,2011-10-02 23:15:19,112
173955,A_PREACCEPTED,2011-10-02 23:16:01,112
173955,W_Completeren aanvraag,2011-10-02 23:16:01,112
173955,W_Completeren aanvraag,2011-10-03 10:50:14,SYSTEM
173955,W_Completeren aanvraag,2011-10-03 10:54:11,SYSTEM
173955,W_Completeren aanvraag,2011-10-03 18:59:28,11119
173955,W_Completeren aanvraag,2011-10-03 19:00:23,11119
173955,W_Completeren aanvraag,2011-10-04 09:11:48,SYSTEM
173955,A_ACCEPTED,2011-10-04 09:19:20,10971
173955,O_SELECTED,2011-10-04 09:20:00,10971
173955,A_FINALIZED,2011-10-04 09:20:00,10971
173955,O_CREATED,2011-10-04 09:20:50,10971
173955,O_SENT,2011-10-04 09:20:50,10971
173955,W_Nabellen offertes,2011-10-04 09:20:51,SYSTEM
173955,W_Completeren aanvraag,2011-10-04 09:20:53,SYSTEM
173955,W_Nabellen offertes,2011-10-11 17:53:31,11181
173955,W_Nabellen offertes,2011-10-11 17:59:04,11181
173955,W_Nabellen offertes,2011-10-12 09:58:11,SYSTEM
173955,W_Nabellen offertes,2011-10-12 10:00:15,SYSTEM
173955,W_Nabellen offertes,2011-10-17 10:19:16,SYSTEM
173955,O_SENT_BACK,2011-10-17 10:19:48,11029
173955,W_Valideren aanvraag,2011-10-17 10:19:48,SYSTEM
173955,W_Nabellen offertes,2011-10-17 10:19:50,SYSTEM
173955,W_Valideren aanvraag,2011-10-19 08:12:25,10609
173955,W_Valideren aanvraag,2011-10-19 08:15:38,10609
173955,W_Valideren aanvraag,2011-10-19 14:05:02,10972
173955,W_Nabellen incomplete dossiers,2011-10-19 14:20:41,10972
173955,W_Valideren aanvraag,2011-10-19 14:20:43,10972
173955,W_Nabellen incomplete dossiers,2011-10-19 14:49:07,11189
173955,W_Nabellen incomplete dossiers,2011-10-19 14:53:53,11189
173955,W_Nabellen incomplete dossiers,2011-10-19 20:03:39,11122
173955,W_Nabellen incomplete dossiers,2011-10-19 20:16:11,11122
173955,W_Nabellen incomplete dossiers,2011-10-19 20:23:15,11122
173955,W_Nabellen incomplete dossiers,2011-10-19 20:28:35,11122
173955,W_Nabellen incomplete dossiers,2011-10-20 09:33:38,11049
173955,W_Nabellen incomplete dossiers,2011-10-20 09:33:49,11049
173955,W_Nabellen incomplete dossiers,2011-10-26 11:20:15,11189
173955,W_Nabellen incomplete dossiers,2011-10-26 11:20:35,11189
173955,W_Nabellen incomplete dossiers,2011-10-27 09:23:49,SYSTEM
173955,W_Nabellen incomplete dossiers,2011-10-27 09:23:56,SYSTEM
173955,W_Nabellen incomplete dossiers,2011-10-27 09:26:44,SYSTEM
173955,W_Nabellen incomplete dossiers,2011-10-27 09:26:53,SYSTEM
173955,W_Nabellen incomplete dossiers,2011-10-27 14:06:10,11049
173955,W_Nabellen incomplete dossiers,2011-10-27 14:08:19,11049
173955,W_Nabellen incomplete dossiers,2011-11-01 09:38:44,SYSTEM
173955,W_Nabellen incomplete dossiers,2011-11-01 09:39:20,SYSTEM
173955,W_Nabellen incomplete dossiers,2011-11-01 16:40:30,11169
173955,W_Nabellen incomplete dossiers,2011-11-01 16:43:41,11169
173955,W_Nabellen incomplete dossiers,2011-11-01 19:00:13,10913
173955,W_Nabellen incomplete dossiers,2011-11-01 19:10:18,10913
173955,W_Nabellen incomplete dossiers,2011-11-03 08:46:23,11049
173955,W_Nabellen incomplete dossiers,2011-11-03 08:46:32,11049
173955,W_Nabellen incomplete dossiers,2011-11-07 09:04:57,10809
173955,W_Nabellen incomplete dossiers,2011-11-07 09:05:54,10809
173955,W_Nabellen incomplete dossiers,2011-11-09 16:18:54,11169
173955,W_Nabellen incomplete dossiers,2011-11-09 21:02:15,11169
173955,W_Nabellen incomplete dossiers,2011-11-10 11:26:43,11049
173955,W_Nabellen incomplete dossiers,2011-11-10 11:27:24,11049
173955,W_Nabellen incomplete dossiers,2011-11-11 09:11:57,SYSTEM
173955,W_Nabellen incomplete dossiers,2011-11-11 09:21:00,SYSTEM
173955,W_Nabellen incomplete dossiers,2011-11-16 15:06:32,11169
173955,W_Nabellen incomplete dossiers,2011-11-16 15:11:15,11169
173955,W_Nabellen incomplete dossiers,2011-11-17 15:29:29,11049
173955,W_Nabellen incomplete dossiers,2011-11-17 15:29:41,11049
173955,W_Nabellen incomplete dossiers,2011-11-19 10:28:35,10861
173955,W_Nabellen incomplete dossiers,2011-11-19 10:29:07,10861
173955,W_Nabellen incomplete dossiers,2011-11-21 10:04:35,10931
173955,W_Nabellen incomplete dossiers,2011-11-21 10:26:04,10931
173955,W_Nabellen incomplete dossiers,2011-11-23 10:45:38,11169
173955,W_Nabellen incomplete dossiers,2011-11-23 10:50:06,11169
173955,W_Nabellen incomplete dossiers,2011-11-23 14:06:13,11169
173955,W_Nabellen incomplete dossiers,2011-11-23 14:19:30,11169
173955,W_Nabellen incomplete dossiers,2011-11-23 20:00:00,10939
173955,W_Nabellen incomplete dossiers,2011-11-23 20:01:20,10939
173955,W_Nabellen incomplete dossiers,2011-11-24 10:35:11,11049
173955,W_Nabellen incomplete dossiers,2011-11-24 10:41:05,11049
173955,W_Nabellen incomplete dossiers,2011-11-24 11:09:03,SYSTEM
173955,W_Nabellen incomplete dossiers,2011-11-24 11:09:45,SYSTEM
173955,W_Nabellen incomplete dossiers,2011-11-24 17:17:59,10929
173955,W_Nabellen incomplete dossiers,2011-11-24 17:37:33,10929
173955,W_Nabellen incomplete dossiers,2011-11-29 12:11:38,11049
173955,W_Nabellen incomplete dossiers,2011-11-29 12:13:21,11049
173955,W_Nabellen incomplete dossiers,2011-11-29 14:34:28,10972
173955,O_ACCEPTED,2011-11-29 15:05:21,10972
173955,A_APPROVED,2011-11-29 15:05:21,10972
173955,A_REGISTERED,2011-11-29 15:05:21,10972
173955,A_ACTIVATED,2011-11-29 15:05:21,10972
173955,W_Nabellen incomplete dossiers,2011-11-29 15:05:31,10972
173958,A_SUBMITTED,2011-10-02 23:18:42,112
173958,A_PARTLYSUBMITTED,2011-10-02 23:18:42,112
173958,A_PREACCEPTED,2011-10-02 23:19:15,112
173958,W_Completeren aanvraag,2011-10-02 23:19:16,112
173958,W_Completeren aanvraag,2011-10-03 10:45:51,SYSTEM
173958,W_Completeren aanvraag,2011-10-03 10:49:53,SYSTEM
173958,W_Completeren aanvraag,2011-10-03 18:58:33,11119
173958,W_Completeren aanvraag,2011-10-03 18:59:05,11119
173958,W_Completeren aanvraag,2011-10-04 11:26:34,SYSTEM
173958,W_Completeren aanvraag,2011-10-04 11:27:30,SYSTEM
173958,W_Completeren aanvraag,2011-10-10 09:28:03,11019
173958,W_Completeren aanvraag,2011-10-10 09:31:10,11019
173958,W_Completeren aanvraag,2011-10-20 12:47:20,11189
173958,W_Completeren aanvraag,2011-10-20 12:48:36,11189
173958,W_Completeren aanvraag,2011-10-27 11:00:53,SYSTEM
173958,W_Completeren aanvraag,2011-10-27 11:03:05,SYSTEM
173958,W_Completeren aanvraag,2011-11-01 20:23:13,11119
173958,W_Completeren aanvraag,2011-11-01 20:23:23,11119
173958,W_Completeren aanvraag,2011-11-01 20:36:23,11119
173958,W_Completeren aanvraag,2011-11-01 20:36:40,11119
173958,W_Completeren aanvraag,2011-11-02 09:15:12,11119
173958,A_CANCELLED,2011-11-02 09:15:12,112
173961,A_SUBMITTED,2011-10-02 23:19:50,112
173961,A_PARTLYSUBMITTED,2011-10-02 23:19:51,112
173961,W_Afhandelen leads,2011-10-02 23:20:01,112
173961,W_Afhandelen leads,2011-10-03 09:18:53,10889
173961,A_DECLINED,2011-10-03 09:22:20,10889
173961,W_Afhandelen leads,2011-10-03 09:23:39,10889
173964,A_SUBMITTED,2011-10-02 23:43:30,112
173964,A_PARTLYSUBMITTED,2011-10-02 23:43:30,112
173964,W_Afhandelen leads,2011-10-02 23:44:15,112
173964,W_Afhandelen leads,2011-10-03 09:18:20,10889
173964,A_PREACCEPTED,2011-10-03 09:19:23,10889
173964,W_Completeren aanvraag,2011-10-03 09:19:23,10889
173964,W_Afhandelen leads,2011-10-03 09:19:24,10889
173964,W_Completeren aanvraag,2011-10-03 11:21:33,SYSTEM
173964,A_CANCELLED,2011-10-03 11:33:33,11120
173964,W_Completeren aanvraag,2011-10-03 11:33:34,SYSTEM
173979,A_SUBMITTED,2011-10-03 08:09:57,112
173979,A_PARTLYSUBMITTED,2011-10-03 08:10:00,112
173979,A_PREACCEPTED,2011-10-03 08:10:43,112
173979,W_Completeren aanvraag,2011-10-03 08:10:44,112
173979,W_Completeren aanvraag,2011-10-03 10:55:27,SYSTEM
173979,W_Completeren aanvraag,2011-10-03 11:00:25,SYSTEM
173979,W_Completeren aanvraag,2011-10-03 11:26:53,10913
173979,A_ACCEPTED,2011-10-03 11:31:50,10913
173979,A_FINALIZED,2011-10-03 11:35:26,10913
173979,O_SELECTED,2011-10-03 11:35:26,10913
173979,O_CREATED,2011-10-03 11:35:28,10913
173979,O_SENT,2011-10-03 11:35:28,10913
173979,W_Nabellen offertes,2011-10-03 11:35:28,10913
173979,W_Completeren aanvraag,2011-10-03 11:35:29,10913
173979,W_Nabellen offertes,2011-10-10 10:40:45,11049
173979,O_SENT_BACK,2011-10-10 10:41:34,11049
173979,W_Valideren aanvraag,2011-10-10 10:41:34,11049
173979,W_Nabellen offertes,2011-10-10 10:41:35,11049
173979,W_Valideren aanvraag,2011-10-11 13:48:58,10972
173979,A_APPROVED,2011-10-11 14:01:47,10972
173979,O_ACCEPTED,2011-10-11 14:01:47,10972
173979,A_ACTIVATED,2011-10-11 14:01:47,10972
173979,A_REGISTERED,2011-10-11 14:01:47,10972
173979,W_Valideren aanvraag,2011-10-11 14:01:53,10972
173982,A_SUBMITTED,2011-10-03 09:30:51,112
173982,A_PARTLYSUBMITTED,2011-10-03 09:30:53,112
173982,A_PREACCEPTED,2011-10-03 09:31:43,112
173982,W_Completeren aanvraag,2011-10-03 09:31:44,112
173982,W_Completeren aanvraag,2011-10-03 12:28:33,11180
173982,W_Completeren aanvraag,2011-10-03 12:32:27,11180
173982,W_Completeren aanvraag,2011-10-03 12:32:33,11180
173982,A_ACCEPTED,2011-10-03 12:33:59,11180
173982,O_SELECTED,2011-10-03 12:36:32,11180
173982,A_FINALIZED,2011-10-03 12:36:32,11180
173982,O_CREATED,2011-10-03 12:36:33,11180
173982,O_SENT,2011-10-03 12:36:33,11180
173982,W_Nabellen offertes,2011-10-03 12:36:33,11180
173982,W_Completeren aanvraag,2011-10-03 12:36:34,11180
173982,W_Nabellen offertes,2011-10-10 17:25:16,11119
173982,A_CANCELLED,2011-10-10 17:27:02,11119
173982,O_CANCELLED,2011-10-10 17:27:02,11119
173982,W_Nabellen offertes,2011-10-10 17:27:04,11119
173985,A_SUBMITTED,2011-10-03 09:34:18,112
173985,A_PARTLYSUBMITTED,2011-10-03 09:34:18,112
173985,W_Afhandelen leads,2011-10-03 09:35:02,112
173985,W_Afhandelen leads,2011-10-03 09:35:12,SYSTEM
173985,A_PREACCEPTED,2011-10-03 09:46:38,10971
173985,W_Completeren aanvraag,2011-10-03 09:46:39,SYSTEM
173985,W_Afhandelen leads,2011-10-03 09:46:40,SYSTEM
173985,W_Completeren aanvraag,2011-10-03 09:46:52,SYSTEM
173985,A_ACCEPTED,2011-10-03 09:53:47,10971
173985,A_FINALIZED,2011-10-03 09:54:36,10971
173985,O_SELECTED,2011-10-03 09:54:36,10971
173985,O_CREATED,2011-10-03 09:54:37,10971
173985,O_SENT,2011-10-03 09:54:37,10971
173985,W_Nabellen offertes,2011-10-03 09:54:37,SYSTEM
173985,W_Completeren aanvraag,2011-10-03 09:54:39,SYSTEM
173985,W_Nabellen offertes,2011-10-10 12:52:07,10899
173985,O_SENT_BACK,2011-10-10 12:52:18,10899
173985,W_Valideren aanvraag,2011-10-10 12:52:18,10899
173985,W_Nabellen offertes,2011-10-10 12:52:19,10899
173985,W_Valideren aanvraag,2011-10-12 17:37:30,SYSTEM
173985,W_Valideren aanvraag,2011-10-12 17:38:24,SYSTEM
173985,W_Valideren aanvraag,2011-10-13 09:58:24,10609
173985,A_DECLINED,2011-10-13 10:26:07,10609
173985,O_DECLINED,2011-10-13 10:26:07,10609
173985,W_Valideren aanvraag,2011-10-13 10:26:10,10609
173988,A_SUBMITTED,2011-10-03 09:52:42,112
173988,A_PARTLYSUBMITTED,2011-10-03 09:52:43,112
173988,W_Afhandelen leads,2011-10-03 09:53:17,112
173988,W_Afhandelen leads,2011-10-03 09:53:43,11001
173988,A_PREACCEPTED,2011-10-03 09:55:14,11001
173988,W_Completeren aanvraag,2011-10-03 09:55:14,11001
173988,W_Afhandelen leads,2011-10-03 09:55:15,11001
173988,W_Completeren aanvraag,2011-10-03 09:55:33,11001
173988,W_Completeren aanvraag,2011-10-03 10:00:22,11001
173988,W_Completeren aanvraag,2011-10-03 10:33:07,SYSTEM
173988,A_ACCEPTED,2011-10-03 10:33:40,10971
173988,O_SELECTED,2011-10-03 10:33:55,10971
173988,A_FINALIZED,2011-10-03 10:33:55,10971
173988,O_CREATED,2011-10-03 10:33:57,10971
173988,O_SENT,2011-10-03 10:33:57,10971
173988,W_Nabellen offertes,2011-10-03 10:33:57,SYSTEM
173988,W_Completeren aanvraag,2011-10-03 10:33:59,SYSTEM
173988,W_Nabellen offertes,2011-10-10 16:28:20,SYSTEM
173988,O_CANCELLED,2011-10-10 16:32:17,11120
173988,A_CANCELLED,2011-10-10 16:32:17,11120
173988,W_Nabellen offertes,2011-10-10 16:32:20,SYSTEM
173991,A_SUBMITTED,2011-10-03 10:07:17,112
173991,A_PARTLYSUBMITTED,2011-10-03 10:07:17,112
173991,A_DECLINED,2011-10-03 10:07:55,112
173994,A_SUBMITTED,2011-10-03 10:33:48,112
173994,A_PARTLYSUBMITTED,2011-10-03 10:33:49,112
173994,A_DECLINED,2011-10-03 10:34:40,112
173997,A_SUBMITTED,2011-10-03 10:38:11,112
173997,A_PARTLYSUBMITTED,2011-10-03 10:38:11,112
173997,A_PREACCEPTED,2011-10-03 10:38:55,112
173997,W_Completeren aanvraag,2011-10-03 10:38:55,112
173997,W_Completeren aanvraag,2011-10-03 14:03:37,11201
173997,W_Completeren aanvraag,2011-10-03 14:07:57,11201
173997,W_Completeren aanvraag,2011-10-04 09:44:28,SYSTEM
173997,W_Completeren aanvraag,2011-10-04 09:51:16,SYSTEM
173997,W_Completeren aanvraag,2011-10-04 12:11:27,10982
173997,W_Completeren aanvraag,2011-10-04 12:11:34,10982
173997,W_Completeren aanvraag,2011-10-04 12:29:04,SYSTEM
173997,A_ACCEPTED,2011-10-04 12:37:40,11200
173997,O_SELECTED,2011-10-04 12:44:41,11200
173997,A_FINALIZED,2011-10-04 12:44:41,11200
173997,O_CREATED,2011-10-04 12:44:41,11200
173997,O_SENT,2011-10-04 12:44:42,11200
173997,W_Nabellen offertes,2011-10-04 12:44:42,SYSTEM
173997,W_Completeren aanvraag,2011-10-04 12:44:44,SYSTEM
173997,W_Nabellen offertes,2011-10-11 18:12:58,11119
173997,W_Nabellen offertes,2011-10-11 18:15:36,11119
173997,W_Nabellen offertes,2011-10-13 12:09:06,11189
173997,W_Nabellen offertes,2011-10-13 12:11:57,11189
173997,W_Nabellen offertes,2011-10-19 10:28:51,11180
173997,O_CANCELLED,2011-10-19 10:30:56,11180
173997,A_CANCELLED,2011-10-19 10:30:56,11180
173997,W_Nabellen offertes,2011-10-19 10:30:58,11180
