case_id,activity,timestamp,resource
CASE-0001,Submitted,2025-01-06 07:37:00,Kevin Nguyen
CASE-0001,Reviewed,2025-01-06 10:03:56,Tom Henderson
CASE-0001,Sent Back for Correction,2025-01-06 11:57:09,Marcus Chen
CASE-0001,Reviewed,2025-01-06 18:15:35,Rachel Goldman
CASE-0001,Approved,2025-01-07 21:11:45,Linda Park
CASE-0001,Completed,2025-01-08 01:37:17,Linda Park
CASE-0002,Submitted,2025-01-06 15:43:00,James Ortega
CASE-0002,Reviewed,2025-01-06 17:40:03,Aisha Patel
CASE-0002,Approved,2025-01-08 09:33:38,Robert Dawson
CASE-0002,Completed,2025-01-08 11:54:51,Linda Park
CASE-0003,Submitted,2025-01-08 10:07:00,James Ortega
CASE-0003,Reviewed,2025-01-08 16:16:16,Rachel Goldman
CASE-0003,Approved,2025-01-09 13:07:37,Linda Park
CASE-0003,Completed,2025-01-09 17:06:30,Robert Dawson
CASE-0004,Submitted,2025-01-06 15:00:00,Sarah Mitchell
CASE-0004,Reviewed,2025-01-06 20:27:09,Tom Henderson
CASE-0004,Approved,2025-01-08 08:45:43,Linda Park
CASE-0004,Completed,2025-01-08 11:10:21,Robert Dawson
CASE-0005,Submitted,2025-01-06 13:12:00,Priya Sharma
CASE-0005,Reviewed,2025-01-06 17:06:36,Rachel Goldman
CASE-0005,Approved,2025-01-07 11:58:08,Diana Vasquez
CASE-0005,Completed,2025-01-07 16:03:14,Linda Park
CASE-0006,Submitted,2025-01-13 08:05:00,Priya Sharma
CASE-0006,Reviewed,2025-01-13 10:02:47,Tom Henderson
CASE-0006,Approved,2025-01-14 16:54:04,Robert Dawson
CASE-0006,Completed,2025-01-14 18:19:21,Diana Vasquez
CASE-0007,Submitted,2025-01-14 09:31:00,Sarah Mitchell
CASE-0007,Reviewed,2025-01-14 14:39:42,Rachel Goldman
CASE-0007,Approved,2025-01-15 14:48:27,Linda Park
CASE-0007,Completed,2025-01-15 18:50:42,Robert Dawson
CASE-0008,Submitted,2025-01-06 13:41:00,James Ortega
CASE-0008,Reviewed,2025-01-06 19:04:02,Aisha Patel
CASE-0008,Approved,2025-01-07 19:47:09,Diana Vasquez
CASE-0008,Completed,2025-01-07 22:45:05,Linda Park
CASE-0009,Submitted,2025-01-15 10:03:00,Kevin Nguyen
CASE-0009,Reviewed,2025-01-15 15:30:47,Rachel Goldman
CASE-0009,Approved,2025-01-17 00:40:39,Linda Park
CASE-0009,Completed,2025-01-17 05:20:24,Diana Vasquez
CASE-0010,Submitted,2025-01-06 13:08:00,Sarah Mitchell
CASE-0010,Reviewed,2025-01-06 19:08:48,Rachel Goldman
CASE-0010,Approved,2025-01-07 17:15:13,Robert Dawson
CASE-0010,Completed,2025-01-07 22:04:25,Linda Park
CASE-0011,Submitted,2025-01-14 14:13:00,Priya Sharma
CASE-0011,Reviewed,2025-01-14 16:35:35,Marcus Chen
CASE-0011,Approved,2025-01-15 16:41:06,Robert Dawson
CASE-0011,Completed,2025-01-15 20:19:13,Linda Park
CASE-0012,Submitted,2025-01-06 11:02:00,James Ortega
CASE-0012,Reviewed,2025-01-06 15:35:47,Rachel Goldman
CASE-0012,Approved,2025-01-08 03:48:27,Christopher Hall
CASE-0012,Completed,2025-01-08 05:44:09,Linda Park
CASE-0013,Submitted,2025-01-06 14:20:00,Kevin Nguyen
CASE-0013,Reviewed,2025-01-06 16:27:58,Rachel Goldman
CASE-0013,Approved,2025-01-08 05:35:20,Robert Dawson
CASE-0013,Completed,2025-01-08 08:14:36,Robert Dawson
CASE-0014,Submitted,2025-01-06 16:42:00,Priya Sharma
CASE-0014,Reviewed,2025-01-06 19:38:02,Marcus Chen
CASE-0014,Approved,2025-01-08 11:55:24,Robert Dawson
CASE-0014,Completed,2025-01-08 15:29:34,Linda Park
CASE-0015,Submitted,2025-01-07 10:35:00,Priya Sharma
CASE-0015,Reviewed,2025-01-07 13:20:44,Rachel Goldman
CASE-0015,Approved,2025-01-08 18:32:09,Christopher Hall
CASE-0015,Completed,2025-01-08 22:39:47,Diana Vasquez
CASE-0016,Submitted,2025-01-15 10:48:00,James Ortega
CASE-0016,Reviewed,2025-01-15 16:49:34,Tom Henderson
CASE-0016,Approved,2025-01-17 02:31:49,Diana Vasquez
CASE-0016,Completed,2025-01-17 04:11:56,Linda Park
CASE-0017,Submitted,2025-01-06 14:18:00,James Ortega
CASE-0017,Reviewed,2025-01-06 20:15:25,Marcus Chen
CASE-0017,Approved,2025-01-08 02:58:22,Diana Vasquez
CASE-0017,Completed,2025-01-08 05:10:55,Robert Dawson
CASE-0018,Submitted,2025-01-06 13:43:00,James Ortega
CASE-0018,Reviewed,2025-01-06 19:37:23,Rachel Goldman
CASE-0018,Approved,2025-01-07 20:13:05,Linda Park
CASE-0018,Completed,2025-01-07 22:56:41,Linda Park
CASE-0019,Submitted,2025-01-06 11:49:00,Kevin Nguyen
CASE-0019,Reviewed,2025-01-06 15:43:58,Rachel Goldman
CASE-0019,Approved,2025-01-07 12:06:26,Linda Park
CASE-0019,Completed,2025-01-07 15:31:39,Linda Park
CASE-0020,Submitted,2025-01-07 10:22:00,Sarah Mitchell
CASE-0020,Reviewed,2025-01-07 14:15:08,Marcus Chen
CASE-0020,Approved,2025-01-08 11:44:09,Diana Vasquez
CASE-0020,Completed,2025-01-08 15:36:01,Christopher Hall
CASE-0021,Submitted,2025-01-06 12:55:00,Sarah Mitchell
CASE-0021,Reviewed,2025-01-06 17:00:31,Rachel Goldman
CASE-0021,Approved,2025-01-07 12:38:18,Robert Dawson
CASE-0021,Completed,2025-01-07 14:11:43,Robert Dawson
CASE-0022,Submitted,2025-01-06 16:29:00,James Ortega
CASE-0022,Reviewed,2025-01-06 19:52:20,Rachel Goldman
CASE-0022,Approved,2025-01-07 18:46:08,Christopher Hall
CASE-0022,Completed,2025-01-07 21:38:32,Robert Dawson
CASE-0023,Submitted,2025-01-06 11:25:00,James Ortega
CASE-0023,Reviewed,2025-01-06 15:10:57,Marcus Chen
CASE-0023,Approved,2025-01-07 10:30:06,Linda Park
CASE-0023,Completed,2025-01-07 14:36:05,Robert Dawson
CASE-0024,Submitted,2025-01-06 10:02:00,James Ortega
CASE-0024,Reviewed,2025-01-06 15:47:15,Marcus Chen
CASE-0024,Approved,2025-01-07 14:46:10,Robert Dawson
CASE-0024,Completed,2025-01-07 19:33:41,Robert Dawson
CASE-0025,Submitted,2025-01-15 17:37:00,Priya Sharma
CASE-0025,Reviewed,2025-01-15 19:55:28,Marcus Chen
CASE-0025,Approved,2025-01-16 20:08:09,Robert Dawson
CASE-0025,Completed,2025-01-16 23:02:24,Robert Dawson
CASE-0026,Submitted,2025-01-06 11:37:00,Sarah Mitchell
CASE-0026,Reviewed,2025-01-06 17:43:39,Marcus Chen
CASE-0026,Sent Back for Correction,2025-01-06 20:27:28,Aisha Patel
CASE-0026,Reviewed,2025-01-07 00:16:43,Marcus Chen
CASE-0026,Approved,2025-01-07 18:31:11,Linda Park
CASE-0026,Completed,2025-01-07 22:04:21,Robert Dawson
CASE-0027,Submitted,2025-01-06 10:23:00,Sarah Mitchell
CASE-0027,Reviewed,2025-01-06 13:04:39,Rachel Goldman
CASE-0027,Approved,2025-01-08 05:17:12,Diana Vasquez
CASE-0027,Completed,2025-01-08 09:25:36,Robert Dawson
CASE-0028,Submitted,2025-01-14 13:25:00,Priya Sharma
CASE-0028,Reviewed,2025-01-14 17:04:56,Rachel Goldman
CASE-0028,Sent Back for Correction,2025-01-14 19:56:51,Marcus Chen
CASE-0028,Reviewed,2025-01-15 01:00:33,Marcus Chen
CASE-0028,Approved,2025-01-15 23:26:14,Robert Dawson
CASE-0028,Completed,2025-01-16 03:42:07,Robert Dawson
CASE-0029,Submitted,2025-01-13 10:49:00,Priya Sharma
CASE-0029,Reviewed,2025-01-13 14:02:25,Marcus Chen
CASE-0029,Sent Back for Correction,2025-01-13 15:42:01,Marcus Chen
CASE-0029,Reviewed,2025-01-13 19:36:38,Aisha Patel
CASE-0029,Approved,2025-01-15 08:26:07,Linda Park
CASE-0029,Completed,2025-01-15 11:40:04,Diana Vasquez
CASE-0030,Submitted,2025-01-06 08:29:00,Sarah Mitchell
CASE-0030,Reviewed,2025-01-06 12:36:19,Rachel Goldman
CASE-0030,Sent Back for Correction,2025-01-06 15:16:02,Marcus Chen
CASE-0030,Reviewed,2025-01-06 17:27:37,Rachel Goldman
CASE-0030,Approved,2025-01-07 12:59:09,Robert Dawson
CASE-0030,Completed,2025-01-07 18:09:09,Robert Dawson
CASE-0031,Submitted,2025-01-06 09:05:00,Kevin Nguyen
CASE-0031,Reviewed,2025-01-06 15:03:48,Aisha Patel
CASE-0031,Approved,2025-01-08 00:01:22,Linda Park
CASE-0031,Completed,2025-01-08 02:56:54,Robert Dawson
CASE-0032,Submitted,2025-01-13 09:40:00,Kevin Nguyen
CASE-0032,Reviewed,2025-01-13 13:24:42,Rachel Goldman
CASE-0032,Sent Back for Correction,2025-01-13 15:12:07,Marcus Chen
CASE-0032,Reviewed,2025-01-13 18:04:56,Rachel Goldman
CASE-0032,Approved,2025-01-14 14:05:02,Robert Dawson
CASE-0032,Completed,2025-01-14 16:01:15,Christopher Hall
CASE-0033,Submitted,2025-01-06 11:09:00,Kevin Nguyen
CASE-0033,Reviewed,2025-01-06 17:11:14,Aisha Patel
CASE-0033,Approved,2025-01-07 16:23:28,Linda Park
CASE-0033,Completed,2025-01-07 17:45:35,Linda Park
CASE-0034,Submitted,2025-01-17 08:40:00,Sarah Mitchell
CASE-0034,Reviewed,2025-01-17 13:47:55,Marcus Chen
CASE-0034,Sent Back for Correction,2025-01-17 15:15:16,Marcus Chen
CASE-0034,Reviewed,2025-01-17 17:18:45,Tom Henderson
CASE-0034,Approved,2025-01-19 20:18:39,Robert Dawson
CASE-0034,Completed,2025-01-19 23:38:58,Linda Park
CASE-0035,Submitted,2025-01-10 15:44:00,James Ortega
CASE-0035,Reviewed,2025-01-10 20:22:25,Tom Henderson
CASE-0035,Approved,2025-01-13 01:56:46,Christopher Hall
CASE-0035,Completed,2025-01-13 06:53:28,Christopher Hall
CASE-0036,Submitted,2025-01-23 12:20:00,James Ortega
CASE-0036,Reviewed,2025-01-23 18:09:47,Rachel Goldman
CASE-0036,Approved,2025-01-24 16:03:55,Linda Park
CASE-0036,Completed,2025-01-24 20:17:58,Linda Park
CASE-0037,Submitted,2025-01-06 11:47:00,Sarah Mitchell
CASE-0037,Reviewed,2025-01-06 15:22:03,Aisha Patel
CASE-0037,Approved,2025-01-08 07:12:08,Robert Dawson
CASE-0037,Completed,2025-01-08 08:48:19,Linda Park
CASE-0038,Submitted,2025-01-09 15:13:00,Priya Sharma
CASE-0038,Reviewed,2025-01-09 17:31:15,Rachel Goldman
CASE-0038,Approved,2025-01-10 23:22:42,Linda Park
CASE-0038,Completed,2025-01-11 03:46:13,Robert Dawson
CASE-0039,Submitted,2025-01-06 14:18:00,Kevin Nguyen
CASE-0039,Reviewed,2025-01-06 18:01:32,Marcus Chen
CASE-0039,Approved,2025-01-08 09:15:04,Christopher Hall
CASE-0039,Completed,2025-01-08 12:18:16,Diana Vasquez
CASE-0040,Submitted,2025-01-14 09:58:00,James Ortega
CASE-0040,Reviewed,2025-01-14 11:45:42,Rachel Goldman
CASE-0040,Approved,2025-01-16 00:27:04,Christopher Hall
CASE-0040,Completed,2025-01-16 02:59:40,Linda Park
CASE-0041,Submitted,2025-01-06 14:17:00,Priya Sharma
CASE-0041,Reviewed,2025-01-06 19:50:17,Aisha Patel
CASE-0041,Approved,2025-01-08 04:21:23,Diana Vasquez
CASE-0041,Completed,2025-01-08 08:51:58,Linda Park
CASE-0042,Submitted,2025-01-15 14:17:00,Priya Sharma
CASE-0042,Reviewed,2025-01-15 16:17:22,Rachel Goldman
CASE-0042,Approved,2025-01-16 20:14:57,Linda Park
CASE-0042,Completed,2025-01-17 01:23:50,Robert Dawson
CASE-0043,Submitted,2025-01-13 15:22:00,James Ortega
CASE-0043,Reviewed,2025-01-13 19:38:17,Rachel Goldman
CASE-0043,Approved,2025-01-15 06:38:29,Robert Dawson
CASE-0043,Completed,2025-01-15 11:48:29,Diana Vasquez
CASE-0044,Submitted,2025-01-13 09:28:00,Priya Sharma
CASE-0044,Reviewed,2025-01-13 15:17:57,Marcus Chen
CASE-0044,Approved,2025-01-15 09:27:26,Diana Vasquez
CASE-0044,Completed,2025-01-15 13:16:16,Linda Park
CASE-0045,Submitted,2025-01-16 12:19:00,James Ortega
CASE-0045,Reviewed,2025-01-16 14:55:04,Rachel Goldman
CASE-0045,Sent Back for Correction,2025-01-16 17:22:42,Rachel Goldman
CASE-0045,Reviewed,2025-01-16 22:34:30,Marcus Chen
CASE-0045,Approved,2025-01-18 04:37:01,Linda Park
CASE-0045,Completed,2025-01-18 07:07:57,Diana Vasquez
CASE-0046,Submitted,2025-01-14 10:20:00,James Ortega
CASE-0046,Reviewed,2025-01-14 13:26:52,Marcus Chen
CASE-0046,Approved,2025-01-16 00:46:23,Christopher Hall
CASE-0046,Completed,2025-01-16 04:13:01,Linda Park
CASE-0047,Submitted,2025-01-20 13:24:00,Kevin Nguyen
CASE-0047,Reviewed,2025-01-20 16:41:08,Marcus Chen
CASE-0047,Approved,2025-01-22 01:17:19,Diana Vasquez
CASE-0047,Completed,2025-01-22 05:03:21,Robert Dawson
CASE-0048,Submitted,2025-01-13 11:40:00,James Ortega
CASE-0048,Reviewed,2025-01-13 16:35:21,Rachel Goldman
CASE-0048,Approved,2025-01-14 23:27:26,Linda Park
CASE-0048,Completed,2025-01-15 00:43:39,Diana Vasquez
CASE-0049,Submitted,2025-01-14 07:05:00,Sarah Mitchell
CASE-0049,Reviewed,2025-01-14 09:26:10,Rachel Goldman
CASE-0049,Approved,2025-01-15 10:31:50,Diana Vasquez
CASE-0049,Completed,2025-01-15 15:21:31,Diana Vasquez
CASE-0050,Submitted,2025-01-06 13:36:00,Sarah Mitchell
CASE-0050,Reviewed,2025-01-06 16:59:04,Rachel Goldman
CASE-0050,Approved,2025-01-07 18:15:30,Robert Dawson
CASE-0050,Completed,2025-01-07 23:10:34,Robert Dawson
CASE-0051,Submitted,2025-01-07 10:42:00,Priya Sharma
CASE-0051,Reviewed,2025-01-07 16:06:51,Aisha Patel
CASE-0051,Sent Back for Correction,2025-01-07 17:29:08,Rachel Goldman
CASE-0051,Reviewed,2025-01-07 19:44:50,Rachel Goldman
CASE-0051,Approved,2025-01-08 15:51:44,Diana Vasquez
CASE-0051,Completed,2025-01-08 17:19:12,Diana Vasquez
CASE-0052,Submitted,2025-01-27 12:28:00,Kevin Nguyen
CASE-0052,Reviewed,2025-01-27 15:50:02,Marcus Chen
CASE-0052,Approved,2025-01-29 03:09:40,Robert Dawson
CASE-0052,Completed,2025-01-29 07:53:12,Linda Park
CASE-0053,Submitted,2025-01-09 10:07:00,James Ortega
CASE-0053,Reviewed,2025-01-09 14:13:18,Aisha Patel
CASE-0053,Approved,2025-01-10 08:42:09,Diana Vasquez
CASE-0053,Completed,2025-01-10 13:52:51,Christopher Hall
CASE-0054,Submitted,2025-01-13 10:42:00,Priya Sharma
CASE-0054,Reviewed,2025-01-13 15:55:34,Rachel Goldman
CASE-0054,Approved,2025-01-14 20:30:34,Robert Dawson
CASE-0054,Completed,2025-01-15 00:31:04,Diana Vasquez
CASE-0055,Submitted,2025-01-07 14:16:00,Kevin Nguyen
CASE-0055,Reviewed,2025-01-07 16:28:54,Marcus Chen
CASE-0055,Approved,2025-01-08 23:24:26,Robert Dawson
CASE-0055,Completed,2025-01-09 00:55:24,Robert Dawson
CASE-0056,Submitted,2025-01-09 13:52:00,Sarah Mitchell
CASE-0056,Reviewed,2025-01-09 18:39:01,Rachel Goldman
CASE-0056,Approved,2025-01-11 04:51:56,Diana Vasquez
CASE-0056,Completed,2025-01-11 07:36:53,Diana Vasquez
CASE-0057,Submitted,2025-01-17 10:16:00,Kevin Nguyen
CASE-0057,Reviewed,2025-01-17 12:56:09,Marcus Chen
CASE-0057,Approved,2025-01-18 18:57:10,Christopher Hall
CASE-0057,Completed,2025-01-19 00:08:21,Linda Park
CASE-0058,Submitted,2025-01-14 16:54:00,Sarah Mitchell
CASE-0058,Reviewed,2025-01-14 20:28:08,Marcus Chen
CASE-0058,Approved,2025-01-16 01:52:22,Linda Park
CASE-0058,Completed,2025-01-16 04:57:33,Linda Park
CASE-0059,Submitted,2025-01-08 12:34:00,Kevin Nguyen
CASE-0059,Reviewed,2025-01-08 15:07:28,Rachel Goldman
CASE-0059,Approved,2025-01-10 06:29:34,Linda Park
CASE-0059,Completed,2025-01-10 09:51:22,Linda Park
CASE-0060,Submitted,2025-01-15 09:25:00,James Ortega
CASE-0060,Reviewed,2025-01-15 15:36:05,Marcus Chen
CASE-0060,Approved,2025-01-16 12:33:00,Robert Dawson
CASE-0060,Completed,2025-01-16 14:52:02,Christopher Hall
CASE-0061,Submitted,2025-01-13 12:24:00,Priya Sharma
CASE-0061,Reviewed,2025-01-13 15:21:19,Tom Henderson
CASE-0061,Approved,2025-01-14 16:20:09,Diana Vasquez
CASE-0061,Completed,2025-01-14 21:08:38,Robert Dawson
CASE-0062,Submitted,2025-01-16 09:19:00,Kevin Nguyen
CASE-0062,Reviewed,2025-01-16 12:45:45,Marcus Chen
CASE-0062,Approved,2025-01-17 17:42:41,Diana Vasquez
CASE-0062,Completed,2025-01-17 21:26:16,Robert Dawson
CASE-0063,Submitted,2025-01-06 15:27:00,Sarah Mitchell
CASE-0063,Reviewed,2025-01-06 18:14:04,Rachel Goldman
CASE-0063,Approved,2025-01-08 10:56:34,Linda Park
CASE-0063,Completed,2025-01-08 15:36:34,Linda Park
CASE-0064,Submitted,2025-01-09 08:52:00,James Ortega
CASE-0064,Reviewed,2025-01-09 10:43:15,Marcus Chen
CASE-0064,Approved,2025-01-10 14:58:19,Robert Dawson
CASE-0064,Completed,2025-01-10 17:32:17,Robert Dawson
CASE-0065,Submitted,2025-01-10 08:13:00,James Ortega
CASE-0065,Reviewed,2025-01-10 12:06:12,Aisha Patel
CASE-0065,Approved,2025-01-11 12:15:30,Robert Dawson
CASE-0065,Completed,2025-01-11 14:27:55,Christopher Hall
CASE-0066,Submitted,2025-01-13 10:11:00,Priya Sharma
CASE-0066,Reviewed,2025-01-13 13:44:59,Tom Henderson
CASE-0066,Approved,2025-01-14 10:13:14,Linda Park
CASE-0066,Completed,2025-01-14 15:13:44,Diana Vasquez
CASE-0067,Submitted,2025-01-28 12:06:00,Kevin Nguyen
CASE-0067,Reviewed,2025-01-28 13:51:40,Rachel Goldman
CASE-0067,Approved,2025-01-29 14:17:27,Linda Park
CASE-0067,Completed,2025-01-29 17:01:03,Christopher Hall
CASE-0068,Submitted,2025-01-13 11:56:00,Sarah Mitchell
CASE-0068,Reviewed,2025-01-13 17:10:40,Tom Henderson
CASE-0068,Sent Back for Correction,2025-01-13 18:50:20,Rachel Goldman
CASE-0068,Reviewed,2025-01-14 00:28:57,Marcus Chen
CASE-0068,Approved,2025-01-15 03:07:19,Robert Dawson
CASE-0068,Completed,2025-01-15 06:52:42,Diana Vasquez
CASE-0069,Submitted,2025-01-13 10:17:00,Priya Sharma
CASE-0069,Reviewed,2025-01-13 13:45:10,Marcus Chen
CASE-0069,Sent Back for Correction,2025-01-13 15:41:04,Marcus Chen
CASE-0069,Reviewed,2025-01-13 17:55:16,Aisha Patel
CASE-0069,Approved,2025-01-14 16:18:05,Robert Dawson
CASE-0069,Completed,2025-01-14 20:17:58,Robert Dawson
CASE-0070,Submitted,2025-01-13 09:50:00,Sarah Mitchell
CASE-0070,Reviewed,2025-01-13 13:28:11,Rachel Goldman
CASE-0070,Approved,2025-01-14 10:51:41,Christopher Hall
CASE-0070,Completed,2025-01-14 13:58:44,Robert Dawson
CASE-0071,Submitted,2025-01-21 11:12:00,Kevin Nguyen
CASE-0071,Reviewed,2025-01-21 14:35:09,Marcus Chen
CASE-0071,Approved,2025-01-22 22:02:04,Linda Park
CASE-0071,Completed,2025-01-23 03:08:33,Diana Vasquez
CASE-0072,Submitted,2025-01-20 07:24:00,Sarah Mitchell
CASE-0072,Reviewed,2025-01-20 12:07:52,Rachel Goldman
CASE-0072,Approved,2025-01-21 17:16:06,Diana Vasquez
CASE-0072,Completed,2025-01-21 20:37:07,Diana Vasquez
CASE-0073,Submitted,2025-01-28 12:26:00,James Ortega
CASE-0073,Reviewed,2025-01-28 17:45:30,Rachel Goldman
CASE-0073,Approved,2025-01-30 01:21:10,Linda Park
CASE-0073,Completed,2025-01-30 05:26:06,Linda Park
CASE-0074,Submitted,2025-01-14 14:20:00,James Ortega
CASE-0074,Reviewed,2025-01-14 19:18:16,Rachel Goldman
CASE-0074,Approved,2025-01-16 02:12:56,Robert Dawson
CASE-0074,Completed,2025-01-16 04:21:13,Robert Dawson
CASE-0075,Submitted,2025-01-20 11:51:00,Sarah Mitchell
CASE-0075,Reviewed,2025-01-20 17:19:10,Rachel Goldman
CASE-0075,Sent Back for Correction,2025-01-20 18:51:09,Marcus Chen
CASE-0075,Reviewed,2025-01-20 23:39:14,Rachel Goldman
CASE-0075,Approved,2025-01-22 12:02:51,Linda Park
CASE-0075,Completed,2025-01-22 14:50:23,Linda Park
CASE-0076,Submitted,2025-01-16 18:22:00,Kevin Nguyen
CASE-0076,Reviewed,2025-01-16 21:43:28,Rachel Goldman
CASE-0076,Approved,2025-01-18 03:18:37,Robert Dawson
CASE-0076,Completed,2025-01-18 07:10:12,Robert Dawson
CASE-0077,Submitted,2025-01-17 10:22:00,Sarah Mitchell
CASE-0077,Reviewed,2025-01-17 16:29:29,Aisha Patel
CASE-0077,Approved,2025-01-19 23:06:52,Robert Dawson
CASE-0077,Completed,2025-01-20 02:45:16,Diana Vasquez
CASE-0078,Submitted,2025-01-15 08:29:00,James Ortega
CASE-0078,Reviewed,2025-01-15 10:45:42,Rachel Goldman
CASE-0078,Sent Back for Correction,2025-01-15 14:25:35,Tom Henderson
CASE-0078,Reviewed,2025-01-15 20:02:32,Tom Henderson
CASE-0078,Approved,2025-01-16 21:38:19,Robert Dawson
CASE-0078,Completed,2025-01-16 23:00:12,Robert Dawson
CASE-0079,Submitted,2025-01-06 14:25:00,Priya Sharma
CASE-0079,Reviewed,2025-01-06 17:37:40,Tom Henderson
CASE-0079,Approved,2025-01-08 01:59:30,Linda Park
CASE-0079,Completed,2025-01-08 04:21:07,Robert Dawson
CASE-0080,Submitted,2025-01-20 07:14:00,James Ortega
CASE-0080,Reviewed,2025-01-20 10:21:44,Aisha Patel
CASE-0080,Approved,2025-01-21 19:12:25,Linda Park
CASE-0080,Completed,2025-01-21 20:28:51,Linda Park
CASE-0081,Submitted,2025-01-10 11:45:00,Priya Sharma
CASE-0081,Reviewed,2025-01-10 17:26:36,Rachel Goldman
CASE-0081,Approved,2025-01-12 20:09:25,Robert Dawson
CASE-0081,Completed,2025-01-12 23:19:19,Linda Park
CASE-0082,Submitted,2025-01-10 10:12:00,James Ortega
CASE-0082,Reviewed,2025-01-10 14:58:36,Marcus Chen
CASE-0082,Approved,2025-01-12 17:35:35,Robert Dawson
CASE-0082,Completed,2025-01-12 20:28:46,Diana Vasquez
CASE-0083,Submitted,2025-01-08 13:51:00,James Ortega
CASE-0083,Reviewed,2025-01-08 19:11:49,Tom Henderson
CASE-0083,Approved,2025-01-10 01:37:34,Linda Park
CASE-0083,Completed,2025-01-10 05:07:50,Diana Vasquez
CASE-0084,Submitted,2025-01-20 13:55:00,Sarah Mitchell
CASE-0084,Reviewed,2025-01-20 16:06:33,Aisha Patel
CASE-0084,Approved,2025-01-21 21:57:23,Diana Vasquez
CASE-0084,Completed,2025-01-21 23:53:37,Robert Dawson
CASE-0085,Submitted,2025-01-06 15:52:00,Sarah Mitchell
CASE-0085,Reviewed,2025-01-06 18:41:35,Rachel Goldman
CASE-0085,Sent Back for Correction,2025-01-06 20:45:58,Aisha Patel
CASE-0085,Reviewed,2025-01-07 02:44:20,Marcus Chen
CASE-0085,Approved,2025-01-08 17:21:32,Diana Vasquez
CASE-0085,Completed,2025-01-08 19:29:59,Robert Dawson
CASE-0086,Submitted,2025-01-15 14:41:00,Priya Sharma
CASE-0086,Reviewed,2025-01-15 19:39:17,Rachel Goldman
CASE-0086,Approved,2025-01-17 09:57:07,Robert Dawson
CASE-0086,Completed,2025-01-17 12:05:13,Linda Park
CASE-0087,Submitted,2025-01-20 12:36:00,James Ortega
CASE-0087,Reviewed,2025-01-20 15:12:22,Rachel Goldman
CASE-0087,Approved,2025-01-21 20:33:09,Linda Park
CASE-0087,Completed,2025-01-21 22:04:09,Robert Dawson
CASE-0088,Submitted,2025-01-31 12:11:00,Sarah Mitchell
CASE-0088,Reviewed,2025-01-31 17:44:49,Marcus Chen
CASE-0088,Approved,2025-02-02 18:46:02,Robert Dawson
CASE-0088,Completed,2025-02-02 23:38:56,Linda Park
CASE-0089,Submitted,2025-01-16 09:53:00,Priya Sharma
CASE-0089,Reviewed,2025-01-16 13:22:33,Marcus Chen
CASE-0089,Sent Back for Correction,2025-01-16 17:29:35,Rachel Goldman
CASE-0089,Reviewed,2025-01-16 21:54:39,Aisha Patel
CASE-0089,Approved,2025-01-17 23:42:45,Linda Park
CASE-0089,Completed,2025-01-18 04:57:12,Robert Dawson
CASE-0090,Submitted,2025-01-29 13:42:00,Sarah Mitchell
CASE-0090,Reviewed,2025-01-29 19:40:10,Marcus Chen
CASE-0090,Approved,2025-01-31 12:48:10,Linda Park
CASE-0090,Completed,2025-01-31 14:57:40,Linda Park
CASE-0091,Submitted,2025-01-09 10:13:00,Sarah Mitchell
CASE-0091,Reviewed,2025-01-09 15:56:05,Marcus Chen
CASE-0091,Approved,2025-01-11 06:34:46,Robert Dawson
CASE-0091,Completed,2025-01-11 08:04:08,Linda Park
CASE-0092,Submitted,2025-01-17 13:51:00,Kevin Nguyen
CASE-0092,Reviewed,2025-01-17 17:01:07,Marcus Chen
CASE-0092,Approved,2025-01-19 23:44:27,Diana Vasquez
CASE-0092,Completed,2025-01-20 01:10:26,Robert Dawson
CASE-0093,Submitted,2025-01-15 13:10:00,James Ortega
CASE-0093,Reviewed,2025-01-15 17:47:08,Tom Henderson
CASE-0093,Approved,2025-01-16 14:10:57,Linda Park
CASE-0093,Completed,2025-01-16 16:19:22,Linda Park
CASE-0094,Submitted,2025-01-22 13:07:00,Sarah Mitchell
CASE-0094,Reviewed,2025-01-22 19:09:31,Marcus Chen
CASE-0094,Approved,2025-01-24 12:05:33,Diana Vasquez
CASE-0094,Completed,2025-01-24 13:46:22,Robert Dawson
CASE-0095,Submitted,2025-01-13 17:50:00,James Ortega
CASE-0095,Reviewed,2025-01-13 22:00:32,Aisha Patel
CASE-0095,Approved,2025-01-14 21:41:10,Robert Dawson
CASE-0095,Completed,2025-01-15 01:01:28,Linda Park
CASE-0096,Submitted,2025-01-20 10:56:00,Priya Sharma
CASE-0096,Reviewed,2025-01-20 13:47:54,Rachel Goldman
CASE-0096,Approved,2025-01-21 20:56:04,Christopher Hall
CASE-0096,Completed,2025-01-22 00:37:41,Linda Park
CASE-0097,Submitted,2025-01-27 09:49:00,James Ortega
CASE-0097,Reviewed,2025-01-27 11:40:07,Marcus Chen
CASE-0097,Approved,2025-01-28 11:38:22,Diana Vasquez
CASE-0097,Completed,2025-01-28 13:14:51,Linda Park
CASE-0098,Submitted,2025-01-20 17:32:00,James Ortega
CASE-0098,Reviewed,2025-01-20 22:49:23,Rachel Goldman
CASE-0098,Approved,2025-01-22 16:54:23,Linda Park
CASE-0098,Completed,2025-01-22 21:08:02,Robert Dawson
CASE-0099,Submitted,2025-01-17 12:24:00,Priya Sharma
CASE-0099,Reviewed,2025-01-17 16:02:50,Rachel Goldman
CASE-0099,Approved,2025-01-20 03:49:23,Robert Dawson
CASE-0099,Completed,2025-01-20 05:31:45,Robert Dawson
CASE-0100,Submitted,2025-01-20 10:21:00,Kevin Nguyen
CASE-0100,Reviewed,2025-01-20 12:43:43,Rachel Goldman
CASE-0100,Approved,2025-01-22 02:40:36,Robert Dawson
CASE-0100,Completed,2025-01-22 04:19:59,Linda Park
CASE-0101,Submitted,2025-01-20 12:10:00,Kevin Nguyen
CASE-0101,Reviewed,2025-01-20 15:55:12,Marcus Chen
CASE-0101,Sent Back for Correction,2025-01-20 19:36:11,Tom Henderson
CASE-0101,Reviewed,2025-01-20 21:55:53,Rachel Goldman
CASE-0101,Approved,2025-01-21 22:18:44,Diana Vasquez
CASE-0101,Completed,2025-01-22 00:15:00,Christopher Hall
CASE-0102,Submitted,2025-01-21 11:34:00,Sarah Mitchell
CASE-0102,Reviewed,2025-01-21 14:27:07,Rachel Goldman
CASE-0102,Sent Back for Correction,2025-01-21 17:22:52,Aisha Patel
CASE-0102,Reviewed,2025-01-21 22:29:03,Rachel Goldman
CASE-0102,Approved,2025-01-22 18:01:34,Robert Dawson
CASE-0102,Completed,2025-01-22 19:35:44,Christopher Hall
CASE-0103,Submitted,2025-01-27 12:52:00,Sarah Mitchell
CASE-0103,Reviewed,2025-01-27 17:52:31,Rachel Goldman
CASE-0103,Approved,2025-01-29 02:00:27,Robert Dawson
CASE-0103,Completed,2025-01-29 03:53:00,Linda Park
CASE-0104,Submitted,2025-01-23 14:40:00,Priya Sharma
CASE-0104,Reviewed,2025-01-23 20:46:35,Aisha Patel
CASE-0104,Approved,2025-01-25 08:57:02,Diana Vasquez
CASE-0104,Completed,2025-01-25 11:55:23,Linda Park
CASE-0105,Submitted,2025-01-13 11:49:00,Priya Sharma
CASE-0105,Reviewed,2025-01-13 14:31:05,Tom Henderson
CASE-0105,Approved,2025-01-15 06:15:44,Diana Vasquez
CASE-0105,Completed,2025-01-15 10:52:58,Diana Vasquez
CASE-0106,Submitted,2025-01-13 14:51:00,James Ortega
CASE-0106,Reviewed,2025-01-13 18:03:50,Tom Henderson
CASE-0106,Approved,2025-01-15 10:22:25,Linda Park
CASE-0106,Completed,2025-01-15 15:15:03,Linda Park
CASE-0107,Submitted,2025-01-20 13:45:00,Sarah Mitchell
CASE-0107,Reviewed,2025-01-20 19:37:16,Marcus Chen
CASE-0107,Approved,2025-01-22 01:38:54,Robert Dawson
CASE-0107,Completed,2025-01-22 03:34:46,Linda Park
CASE-0108,Submitted,2025-01-27 10:23:00,Kevin Nguyen
CASE-0108,Reviewed,2025-01-27 13:31:21,Marcus Chen
CASE-0108,Approved,2025-01-29 01:37:24,Linda Park
CASE-0108,Completed,2025-01-29 03:13:20,Robert Dawson
CASE-0109,Submitted,2025-01-22 10:57:00,Kevin Nguyen
CASE-0109,Reviewed,2025-01-22 14:53:26,Aisha Patel
CASE-0109,Approved,2025-01-23 12:18:31,Robert Dawson
CASE-0109,Completed,2025-01-23 16:18:23,Diana Vasquez
CASE-0110,Submitted,2025-01-10 10:25:00,Sarah Mitchell
CASE-0110,Reviewed,2025-01-10 15:46:18,Rachel Goldman
CASE-0110,Approved,2025-01-13 01:03:50,Linda Park
CASE-0110,Completed,2025-01-13 06:15:13,Linda Park
CASE-0111,Submitted,2025-01-30 10:17:00,Priya Sharma
CASE-0111,Reviewed,2025-01-30 15:49:55,Aisha Patel
CASE-0111,Approved,2025-01-31 21:32:58,Diana Vasquez
CASE-0111,Completed,2025-01-31 23:36:09,Linda Park
CASE-0112,Submitted,2025-01-23 12:10:00,Priya Sharma
CASE-0112,Reviewed,2025-01-23 17:36:31,Marcus Chen
CASE-0112,Approved,2025-01-24 16:26:49,Robert Dawson
CASE-0112,Completed,2025-01-24 19:19:58,Diana Vasquez
CASE-0113,Submitted,2025-01-20 08:31:00,Sarah Mitchell
CASE-0113,Reviewed,2025-01-20 10:35:06,Rachel Goldman
CASE-0113,Approved,2025-01-21 12:19:50,Diana Vasquez
CASE-0113,Completed,2025-01-21 17:18:56,Linda Park
CASE-0114,Submitted,2025-01-28 18:36:00,Priya Sharma
CASE-0114,Reviewed,2025-01-28 21:19:49,Tom Henderson
CASE-0114,Sent Back for Correction,2025-01-28 23:06:39,Marcus Chen
CASE-0114,Reviewed,2025-01-29 03:07:46,Rachel Goldman
CASE-0114,Approved,2025-01-30 05:13:49,Christopher Hall
CASE-0114,Completed,2025-01-30 09:51:41,Diana Vasquez
CASE-0115,Submitted,2025-02-10 11:28:00,Kevin Nguyen
CASE-0115,Reviewed,2025-02-10 15:35:03,Aisha Patel
CASE-0115,Approved,2025-02-11 16:03:12,Linda Park
CASE-0115,Completed,2025-02-11 20:35:53,Robert Dawson
CASE-0116,Submitted,2025-01-30 09:04:00,Priya Sharma
CASE-0116,Reviewed,2025-01-30 11:37:17,Tom Henderson
CASE-0116,Approved,2025-01-31 22:06:58,Christopher Hall
CASE-0116,Completed,2025-02-01 02:52:39,Linda Park
CASE-0117,Submitted,2025-01-21 13:06:00,James Ortega
CASE-0117,Reviewed,2025-01-21 18:07:41,Marcus Chen
CASE-0117,Approved,2025-01-23 06:22:31,Diana Vasquez
CASE-0117,Completed,2025-01-23 09:20:07,Christopher Hall
CASE-0118,Submitted,2025-01-16 15:10:00,Priya Sharma
CASE-0118,Reviewed,2025-01-16 20:06:21,Tom Henderson
CASE-0118,Approved,2025-01-17 23:27:46,Linda Park
CASE-0118,Completed,2025-01-18 04:47:31,Robert Dawson
CASE-0119,Submitted,2025-01-16 13:39:00,James Ortega
CASE-0119,Reviewed,2025-01-16 17:15:52,Marcus Chen
CASE-0119,Sent Back for Correction,2025-01-16 20:19:46,Marcus Chen
CASE-0119,Reviewed,2025-01-16 23:59:30,Tom Henderson
CASE-0119,Approved,2025-01-18 08:33:48,Robert Dawson
CASE-0119,Completed,2025-01-18 11:55:33,Robert Dawson
CASE-0120,Submitted,2025-01-24 09:56:00,Kevin Nguyen
CASE-0120,Reviewed,2025-01-24 13:41:50,Rachel Goldman
CASE-0120,Approved,2025-01-25 14:47:07,Linda Park
CASE-0120,Completed,2025-01-25 19:16:26,Robert Dawson
CASE-0121,Submitted,2025-01-27 07:12:00,Kevin Nguyen
CASE-0121,Reviewed,2025-01-27 09:18:41,Marcus Chen
CASE-0121,Approved,2025-01-28 15:27:35,Christopher Hall
CASE-0121,Completed,2025-01-28 17:09:13,Robert Dawson
CASE-0122,Submitted,2025-01-30 13:15:00,Sarah Mitchell
CASE-0122,Reviewed,2025-01-30 15:25:51,Tom Henderson
CASE-0122,Sent Back for Correction,2025-01-30 17:26:52,Aisha Patel
CASE-0122,Reviewed,2025-01-30 21:31:40,Rachel Goldman
CASE-0122,Approved,2025-01-31 23:25:57,Linda Park
CASE-0122,Completed,2025-02-01 01:36:59,Robert Dawson
CASE-0123,Submitted,2025-01-15 15:43:00,Sarah Mitchell
CASE-0123,Reviewed,2025-01-15 21:18:59,Rachel Goldman
CASE-0123,Approved,2025-01-17 05:49:26,Robert Dawson
CASE-0123,Completed,2025-01-17 10:23:10,Robert Dawson
CASE-0124,Submitted,2025-01-15 14:14:00,Sarah Mitchell
CASE-0124,Reviewed,2025-01-15 19:38:01,Rachel Goldman
CASE-0124,Approved,2025-01-16 16:05:24,Christopher Hall
CASE-0124,Completed,2025-01-16 19:52:24,Christopher Hall
CASE-0125,Submitted,2025-01-20 12:28:00,Sarah Mitchell
CASE-0125,Reviewed,2025-01-20 17:31:36,Rachel Goldman
CASE-0125,Sent Back for Correction,2025-01-20 20:28:29,Rachel Goldman
CASE-0125,Reviewed,2025-01-21 01:57:53,Rachel Goldman
CASE-0125,Approved,2025-01-22 03:14:20,Robert Dawson
CASE-0125,Completed,2025-01-22 05:38:17,Robert Dawson
CASE-0126,Submitted,2025-01-16 10:29:00,Kevin Nguyen
CASE-0126,Reviewed,2025-01-16 13:27:42,Marcus Chen
CASE-0126,Approved,2025-01-18 00:53:17,Robert Dawson
CASE-0126,Completed,2025-01-18 04:11:26,Linda Park
CASE-0127,Submitted,2025-01-27 10:50:00,Sarah Mitchell
CASE-0127,Reviewed,2025-01-27 15:58:15,Marcus Chen
CASE-0127,Approved,2025-01-28 10:38:19,Christopher Hall
CASE-0127,Completed,2025-01-28 12:00:16,Christopher Hall
CASE-0128,Submitted,2025-01-22 09:03:00,Sarah Mitchell
CASE-0128,Reviewed,2025-01-22 13:39:19,Rachel Goldman
CASE-0128,Approved,2025-01-24 06:50:07,Christopher Hall
CASE-0128,Completed,2025-01-24 08:07:50,Robert Dawson
CASE-0129,Submitted,2025-01-27 11:30:00,Kevin Nguyen
CASE-0129,Reviewed,2025-01-27 17:47:56,Rachel Goldman
CASE-0129,Approved,2025-01-29 06:06:36,Diana Vasquez
CASE-0129,Completed,2025-01-29 09:46:36,Diana Vasquez
CASE-0130,Submitted,2025-01-28 12:30:00,Priya Sharma
CASE-0130,Reviewed,2025-01-28 16:40:36,Aisha Patel
CASE-0130,Approved,2025-01-29 18:41:28,Linda Park
CASE-0130,Completed,2025-01-29 21:07:22,Christopher Hall
CASE-0131,Submitted,2025-01-27 13:39:00,Kevin Nguyen
CASE-0131,Reviewed,2025-01-27 17:21:42,Marcus Chen
CASE-0131,Approved,2025-01-28 14:48:58,Linda Park
CASE-0131,Completed,2025-01-28 16:45:24,Linda Park
CASE-0132,Submitted,2025-01-23 11:16:00,Priya Sharma
CASE-0132,Reviewed,2025-01-23 16:02:01,Marcus Chen
CASE-0132,Approved,2025-01-24 11:55:10,Christopher Hall
CASE-0132,Completed,2025-01-24 15:45:29,Robert Dawson
CASE-0133,Submitted,2025-01-27 07:34:00,Kevin Nguyen
CASE-0133,Reviewed,2025-01-27 10:44:06,Marcus Chen
CASE-0133,Approved,2025-01-29 04:36:07,Robert Dawson
CASE-0133,Completed,2025-01-29 07:50:50,Linda Park
CASE-0134,Submitted,2025-01-27 07:31:00,Sarah Mitchell
CASE-0134,Reviewed,2025-01-27 11:09:35,Aisha Patel
CASE-0134,Approved,2025-01-28 13:03:35,Christopher Hall
CASE-0134,Completed,2025-01-28 15:38:55,Linda Park
CASE-0135,Submitted,2025-02-14 09:13:00,Kevin Nguyen
CASE-0135,Reviewed,2025-02-14 14:49:33,Rachel Goldman
CASE-0135,Approved,2025-02-17 01:25:55,Linda Park
CASE-0135,Completed,2025-02-17 05:36:55,Robert Dawson
CASE-0136,Submitted,2025-01-27 11:41:00,Sarah Mitchell
CASE-0136,Reviewed,2025-01-27 14:30:45,Rachel Goldman
CASE-0136,Approved,2025-01-28 13:06:06,Robert Dawson
CASE-0136,Completed,2025-01-28 18:11:00,Robert Dawson
CASE-0137,Submitted,2025-02-03 11:26:00,Kevin Nguyen
CASE-0137,Reviewed,2025-02-03 15:32:25,Rachel Goldman
CASE-0137,Approved,2025-02-05 03:58:30,Linda Park
CASE-0137,Completed,2025-02-05 09:12:11,Robert Dawson
CASE-0138,Submitted,2025-01-20 11:32:00,Priya Sharma
CASE-0138,Reviewed,2025-01-20 13:54:44,Tom Henderson
CASE-0138,Approved,2025-01-21 23:30:42,Christopher Hall
CASE-0138,Completed,2025-01-22 02:27:04,Robert Dawson
CASE-0139,Submitted,2025-01-24 15:27:00,Sarah Mitchell
CASE-0139,Reviewed,2025-01-24 21:22:14,Aisha Patel
CASE-0139,Approved,2025-01-27 00:26:19,Linda Park
CASE-0139,Completed,2025-01-27 01:57:06,Robert Dawson
CASE-0140,Submitted,2025-01-24 13:24:00,Kevin Nguyen
CASE-0140,Reviewed,2025-01-24 17:49:34,Marcus Chen
CASE-0140,Sent Back for Correction,2025-01-24 21:31:35,Marcus Chen
CASE-0140,Reviewed,2025-01-24 23:55:04,Marcus Chen
CASE-0140,Approved,2025-01-27 14:14:32,Linda Park
CASE-0140,Completed,2025-01-27 17:39:36,Robert Dawson
CASE-0141,Submitted,2025-01-17 14:12:00,James Ortega
CASE-0141,Reviewed,2025-01-17 19:45:19,Tom Henderson
CASE-0141,Approved,2025-01-20 04:37:42,Diana Vasquez
CASE-0141,Completed,2025-01-20 06:20:02,Robert Dawson
CASE-0142,Submitted,2025-01-27 09:16:00,Priya Sharma
CASE-0142,Reviewed,2025-01-27 15:08:39,Tom Henderson
CASE-0142,Approved,2025-01-29 07:36:42,Linda Park
CASE-0142,Completed,2025-01-29 11:01:35,Christopher Hall
CASE-0143,Submitted,2025-02-10 12:15:00,Kevin Nguyen
CASE-0143,Reviewed,2025-02-10 17:55:03,Rachel Goldman
CASE-0143,Approved,2025-02-12 03:53:12,Diana Vasquez
CASE-0143,Completed,2025-02-12 06:04:31,Robert Dawson
CASE-0144,Submitted,2025-01-27 10:19:00,James Ortega
CASE-0144,Reviewed,2025-01-27 14:25:10,Rachel Goldman
CASE-0144,Approved,2025-01-28 10:35:23,Linda Park
CASE-0144,Completed,2025-01-28 12:47:49,Robert Dawson
CASE-0145,Submitted,2025-01-23 11:35:00,Sarah Mitchell
CASE-0145,Reviewed,2025-01-23 15:35:58,Marcus Chen
CASE-0145,Approved,2025-01-25 01:00:01,Robert Dawson
CASE-0145,Completed,2025-01-25 03:25:10,Linda Park
CASE-0146,Submitted,2025-02-03 13:25:00,Sarah Mitchell
CASE-0146,Reviewed,2025-02-03 18:43:11,Rachel Goldman
CASE-0146,Approved,2025-02-04 20:41:03,Robert Dawson
CASE-0146,Completed,2025-02-04 21:50:13,Linda Park
CASE-0147,Submitted,2025-01-20 18:24:00,James Ortega
CASE-0147,Reviewed,2025-01-21 00:28:43,Rachel Goldman
CASE-0147,Sent Back for Correction,2025-01-21 01:29:20,Tom Henderson
CASE-0147,Reviewed,2025-01-21 04:19:29,Rachel Goldman
CASE-0147,Approved,2025-01-22 02:49:26,Robert Dawson
CASE-0147,Completed,2025-01-22 04:53:29,Linda Park
CASE-0148,Submitted,2025-01-31 16:00:00,Kevin Nguyen
CASE-0148,Reviewed,2025-01-31 20:00:13,Tom Henderson
CASE-0148,Approved,2025-02-03 09:05:35,Robert Dawson
CASE-0148,Completed,2025-02-03 10:47:54,Diana Vasquez
CASE-0149,Submitted,2025-02-10 13:09:00,James Ortega
CASE-0149,Reviewed,2025-02-10 16:23:57,Aisha Patel
CASE-0149,Approved,2025-02-11 20:17:02,Robert Dawson
CASE-0149,Completed,2025-02-12 00:18:16,Christopher Hall
CASE-0150,Submitted,2025-01-27 11:47:00,Kevin Nguyen
CASE-0150,Reviewed,2025-01-27 15:24:11,Rachel Goldman
CASE-0150,Approved,2025-01-28 18:47:48,Linda Park
CASE-0150,Completed,2025-01-28 22:08:50,Robert Dawson
CASE-0151,Submitted,2025-01-22 16:47:00,Kevin Nguyen
CASE-0151,Reviewed,2025-01-22 19:10:41,Marcus Chen
CASE-0151,Sent Back for Correction,2025-01-22 21:58:08,Marcus Chen
CASE-0151,Reviewed,2025-01-23 03:59:08,Marcus Chen
CASE-0151,Approved,2025-01-24 10:55:55,Robert Dawson
CASE-0151,Completed,2025-01-24 14:10:22,Linda Park
CASE-0152,Submitted,2025-01-28 16:54:00,Priya Sharma
CASE-0152,Reviewed,2025-01-28 22:26:09,Rachel Goldman
CASE-0152,Sent Back for Correction,2025-01-29 01:52:07,Rachel Goldman
CASE-0152,Reviewed,2025-01-29 07:35:18,Aisha Patel
CASE-0152,Approved,2025-01-30 13:12:12,Diana Vasquez
CASE-0152,Completed,2025-01-30 18:13:16,Robert Dawson
CASE-0153,Submitted,2025-01-22 09:59:00,Priya Sharma
CASE-0153,Reviewed,2025-01-22 14:09:00,Rachel Goldman
CASE-0153,Approved,2025-01-23 08:35:38,Diana Vasquez
CASE-0153,Completed,2025-01-23 13:15:46,Robert Dawson
CASE-0154,Submitted,2025-02-17 13:34:00,Priya Sharma
CASE-0154,Reviewed,2025-02-17 17:10:58,Tom Henderson
CASE-0154,Approved,2025-02-19 01:56:01,Linda Park
CASE-0154,Completed,2025-02-19 04:21:03,Robert Dawson
CASE-0155,Submitted,2025-01-27 09:02:00,Kevin Nguyen
CASE-0155,Reviewed,2025-01-27 14:58:06,Marcus Chen
CASE-0155,Approved,2025-01-28 09:50:45,Christopher Hall
CASE-0155,Completed,2025-01-28 12:15:06,Robert Dawson
CASE-0156,Submitted,2025-01-27 14:32:00,Sarah Mitchell
CASE-0156,Reviewed,2025-01-27 20:20:40,Rachel Goldman
CASE-0156,Approved,2025-01-29 14:06:40,Robert Dawson
CASE-0156,Completed,2025-01-29 17:56:42,Diana Vasquez
CASE-0157,Submitted,2025-01-27 10:24:00,Priya Sharma
CASE-0157,Reviewed,2025-01-27 14:00:16,Rachel Goldman
CASE-0157,Approved,2025-01-28 21:40:49,Robert Dawson
CASE-0157,Completed,2025-01-29 02:09:46,Diana Vasquez
CASE-0158,Submitted,2025-01-30 10:30:00,Sarah Mitchell
CASE-0158,Reviewed,2025-01-30 14:06:08,Aisha Patel
CASE-0158,Sent Back for Correction,2025-01-30 15:40:26,Aisha Patel
CASE-0158,Reviewed,2025-01-30 20:37:01,Marcus Chen
CASE-0158,Approved,2025-01-31 18:13:15,Robert Dawson
CASE-0158,Completed,2025-01-31 20:36:30,Christopher Hall
CASE-0159,Submitted,2025-01-27 17:19:00,Priya Sharma
CASE-0159,Reviewed,2025-01-27 20:32:51,Aisha Patel
CASE-0159,Approved,2025-01-29 07:58:29,Robert Dawson
CASE-0159,Completed,2025-01-29 12:59:50,Diana Vasquez
CASE-0160,Submitted,2025-01-23 09:09:00,Sarah Mitchell
CASE-0160,Reviewed,2025-01-23 12:53:20,Rachel Goldman
CASE-0160,Approved,2025-01-25 03:45:00,Robert Dawson
CASE-0160,Completed,2025-01-25 08:29:51,Diana Vasquez
CASE-0161,Submitted,2025-01-22 10:17:00,James Ortega
CASE-0161,Reviewed,2025-01-22 15:24:41,Marcus Chen
CASE-0161,Approved,2025-01-23 21:22:52,Linda Park
CASE-0161,Completed,2025-01-24 02:15:19,Robert Dawson
CASE-0162,Submitted,2025-01-22 10:07:00,James Ortega
CASE-0162,Reviewed,2025-01-22 16:18:35,Marcus Chen
CASE-0162,Approved,2025-01-23 12:06:39,Linda Park
CASE-0162,Completed,2025-01-23 16:22:08,Linda Park
CASE-0163,Submitted,2025-01-30 11:04:00,Sarah Mitchell
CASE-0163,Reviewed,2025-01-30 15:23:16,Rachel Goldman
CASE-0163,Approved,2025-02-01 01:28:17,Robert Dawson
CASE-0163,Completed,2025-02-01 03:41:55,Christopher Hall
CASE-0164,Submitted,2025-01-27 10:40:00,Kevin Nguyen
CASE-0164,Reviewed,2025-01-27 15:15:15,Rachel Goldman
CASE-0164,Approved,2025-01-28 16:40:16,Robert Dawson
CASE-0164,Completed,2025-01-28 17:53:50,Robert Dawson
CASE-0165,Submitted,2025-01-28 11:47:00,Sarah Mitchell
CASE-0165,Reviewed,2025-01-28 15:16:08,Tom Henderson
CASE-0165,Sent Back for Correction,2025-01-28 18:48:33,Rachel Goldman
CASE-0165,Reviewed,2025-01-29 00:33:16,Aisha Patel
CASE-0165,Approved,2025-01-30 16:46:21,Robert Dawson
CASE-0165,Completed,2025-01-30 21:13:02,Diana Vasquez
CASE-0166,Submitted,2025-01-21 08:05:00,Sarah Mitchell
CASE-0166,Reviewed,2025-01-21 11:52:54,Rachel Goldman
CASE-0166,Approved,2025-01-23 04:30:50,Diana Vasquez
CASE-0166,Completed,2025-01-23 08:44:02,Robert Dawson
CASE-0167,Submitted,2025-01-21 10:25:00,Kevin Nguyen
CASE-0167,Reviewed,2025-01-21 12:44:46,Marcus Chen
CASE-0167,Approved,2025-01-22 10:30:58,Robert Dawson
CASE-0167,Completed,2025-01-22 15:09:24,Robert Dawson
CASE-0168,Submitted,2025-02-10 08:22:00,Sarah Mitchell
CASE-0168,Reviewed,2025-02-10 12:48:33,Marcus Chen
CASE-0168,Approved,2025-02-11 07:44:39,Diana Vasquez
CASE-0168,Completed,2025-02-11 10:35:41,Diana Vasquez
CASE-0169,Submitted,2025-01-27 10:00:00,Priya Sharma
CASE-0169,Reviewed,2025-01-27 11:42:24,Marcus Chen
CASE-0169,Approved,2025-01-28 10:52:03,Robert Dawson
CASE-0169,Completed,2025-01-28 13:28:30,Linda Park
CASE-0170,Submitted,2025-01-29 09:35:00,Kevin Nguyen
CASE-0170,Reviewed,2025-01-29 15:46:53,Rachel Goldman
CASE-0170,Approved,2025-01-30 17:51:58,Linda Park
CASE-0170,Completed,2025-01-30 19:10:27,Linda Park
CASE-0171,Submitted,2025-01-22 10:38:00,Priya Sharma
CASE-0171,Reviewed,2025-01-22 15:09:59,Tom Henderson
CASE-0171,Approved,2025-01-24 02:38:15,Robert Dawson
CASE-0171,Completed,2025-01-24 06:43:54,Linda Park
CASE-0172,Submitted,2025-01-31 09:04:00,Kevin Nguyen
CASE-0172,Reviewed,2025-01-31 12:11:02,Aisha Patel
CASE-0172,Approved,2025-02-02 00:21:55,Linda Park
CASE-0172,Completed,2025-02-02 02:04:58,Robert Dawson
CASE-0173,Submitted,2025-02-03 18:02:00,Sarah Mitchell
CASE-0173,Reviewed,2025-02-03 20:43:24,Tom Henderson
CASE-0173,Approved,2025-02-04 16:40:30,Linda Park
CASE-0173,Completed,2025-02-04 19:49:09,Christopher Hall
CASE-0174,Submitted,2025-02-11 15:48:00,James Ortega
CASE-0174,Reviewed,2025-02-11 21:35:00,Rachel Goldman
CASE-0174,Approved,2025-02-12 20:58:36,Christopher Hall
CASE-0174,Completed,2025-02-12 23:52:58,Linda Park
CASE-0175,Submitted,2025-02-03 09:06:00,James Ortega
CASE-0175,Reviewed,2025-02-03 14:54:36,Rachel Goldman
CASE-0175,Approved,2025-02-04 15:13:56,Linda Park
CASE-0175,Completed,2025-02-04 19:02:02,Linda Park
CASE-0176,Submitted,2025-01-30 12:20:00,Kevin Nguyen
CASE-0176,Reviewed,2025-01-30 16:37:44,Marcus Chen
CASE-0176,Approved,2025-02-01 08:16:59,Robert Dawson
CASE-0176,Completed,2025-02-01 13:04:06,Diana Vasquez
CASE-0177,Submitted,2025-02-14 13:59:00,James Ortega
CASE-0177,Reviewed,2025-02-14 17:58:21,Marcus Chen
CASE-0177,Approved,2025-02-16 23:59:26,Diana Vasquez
CASE-0177,Completed,2025-02-17 01:54:06,Linda Park
CASE-0178,Submitted,2025-02-07 12:01:00,Sarah Mitchell
CASE-0178,Reviewed,2025-02-07 14:48:45,Rachel Goldman
CASE-0178,Sent Back for Correction,2025-02-07 17:31:13,Aisha Patel
CASE-0178,Reviewed,2025-02-07 19:34:55,Aisha Patel
CASE-0178,Approved,2025-02-09 22:32:40,Christopher Hall
CASE-0178,Completed,2025-02-10 00:25:17,Christopher Hall
CASE-0179,Submitted,2025-01-27 12:45:00,Kevin Nguyen
CASE-0179,Reviewed,2025-01-27 18:11:47,Rachel Goldman
CASE-0179,Approved,2025-01-28 13:34:49,Linda Park
CASE-0179,Completed,2025-01-28 17:31:19,Robert Dawson
CASE-0180,Submitted,2025-02-03 14:17:00,Sarah Mitchell
CASE-0180,Reviewed,2025-02-03 16:51:44,Aisha Patel
CASE-0180,Approved,2025-02-05 02:13:36,Robert Dawson
CASE-0180,Completed,2025-02-05 03:19:45,Robert Dawson
CASE-0181,Submitted,2025-02-05 17:28:00,Sarah Mitchell
CASE-0181,Reviewed,2025-02-05 21:25:35,Rachel Goldman
CASE-0181,Sent Back for Correction,2025-02-05 23:31:00,Rachel Goldman
CASE-0181,Reviewed,2025-02-06 04:49:48,Aisha Patel
CASE-0181,Approved,2025-02-07 11:58:42,Linda Park
CASE-0181,Completed,2025-02-07 16:25:11,Robert Dawson
CASE-0182,Submitted,2025-01-24 16:00:00,Kevin Nguyen
CASE-0182,Reviewed,2025-01-24 21:52:19,Marcus Chen
CASE-0182,Approved,2025-01-27 11:49:48,Diana Vasquez
CASE-0182,Completed,2025-01-27 14:22:29,Robert Dawson
CASE-0183,Submitted,2025-02-03 15:06:00,James Ortega
CASE-0183,Reviewed,2025-02-03 18:23:28,Tom Henderson
CASE-0183,Approved,2025-02-04 19:40:38,Robert Dawson
CASE-0183,Completed,2025-02-04 21:13:05,Christopher Hall
CASE-0184,Submitted,2025-02-17 10:05:00,Priya Sharma
CASE-0184,Reviewed,2025-02-17 12:10:55,Aisha Patel
CASE-0184,Approved,2025-02-19 05:35:53,Diana Vasquez
CASE-0184,Completed,2025-02-19 10:42:45,Robert Dawson
CASE-0185,Submitted,2025-02-03 14:28:00,Priya Sharma
CASE-0185,Reviewed,2025-02-03 17:36:24,Tom Henderson
CASE-0185,Approved,2025-02-04 14:45:47,Linda Park
CASE-0185,Completed,2025-02-04 18:09:31,Robert Dawson
CASE-0186,Submitted,2025-02-12 10:16:00,Sarah Mitchell
CASE-0186,Reviewed,2025-02-12 12:26:15,Marcus Chen
CASE-0186,Approved,2025-02-13 07:09:28,Robert Dawson
CASE-0186,Completed,2025-02-13 10:06:21,Robert Dawson
CASE-0187,Submitted,2025-02-04 18:19:00,James Ortega
CASE-0187,Reviewed,2025-02-04 23:00:52,Rachel Goldman
CASE-0187,Approved,2025-02-06 11:18:52,Diana Vasquez
CASE-0187,Completed,2025-02-06 13:34:00,Linda Park
CASE-0188,Submitted,2025-02-03 13:56:00,James Ortega
CASE-0188,Reviewed,2025-02-03 19:35:14,Rachel Goldman
CASE-0188,Approved,2025-02-04 20:20:20,Linda Park
CASE-0188,Completed,2025-02-05 01:27:06,Linda Park
CASE-0189,Submitted,2025-01-31 12:59:00,Sarah Mitchell
CASE-0189,Reviewed,2025-01-31 14:49:03,Rachel Goldman
CASE-0189,Approved,2025-02-02 19:19:04,Linda Park
CASE-0189,Completed,2025-02-02 22:30:05,Linda Park
CASE-0190,Submitted,2025-02-14 15:19:00,Sarah Mitchell
CASE-0190,Reviewed,2025-02-14 20:03:43,Marcus Chen
CASE-0190,Approved,2025-02-17 09:45:24,Linda Park
CASE-0190,Completed,2025-02-17 13:35:00,Christopher Hall
CASE-0191,Submitted,2025-01-27 12:36:00,Kevin Nguyen
CASE-0191,Reviewed,2025-01-27 17:44:35,Rachel Goldman
CASE-0191,Approved,2025-01-28 12:36:36,Linda Park
CASE-0191,Completed,2025-01-28 17:48:38,Diana Vasquez
CASE-0192,Submitted,2025-02-04 10:01:00,Sarah Mitchell
CASE-0192,Reviewed,2025-02-04 15:37:53,Rachel Goldman
CASE-0192,Approved,2025-02-06 06:23:49,Robert Dawson
CASE-0192,Completed,2025-02-06 10:50:57,Diana Vasquez
CASE-0193,Submitted,2025-01-30 09:44:00,Sarah Mitchell
CASE-0193,Reviewed,2025-01-30 12:04:05,Marcus Chen
CASE-0193,Approved,2025-01-31 12:26:03,Robert Dawson
CASE-0193,Completed,2025-01-31 14:04:48,Linda Park
CASE-0194,Submitted,2025-02-04 11:47:00,Sarah Mitchell
CASE-0194,Reviewed,2025-02-04 16:41:53,Rachel Goldman
CASE-0194,Sent Back for Correction,2025-02-04 18:25:14,Marcus Chen
CASE-0194,Reviewed,2025-02-04 20:58:36,Rachel Goldman
CASE-0194,Approved,2025-02-06 03:22:18,Diana Vasquez
CASE-0194,Completed,2025-02-06 05:14:24,Linda Park
CASE-0195,Submitted,2025-02-10 11:49:00,James Ortega
CASE-0195,Reviewed,2025-02-10 16:28:14,Marcus Chen
CASE-0195,Approved,2025-02-12 07:04:44,Linda Park
CASE-0195,Completed,2025-02-12 10:15:32,Linda Park
CASE-0196,Submitted,2025-02-03 18:36:00,Priya Sharma
CASE-0196,Reviewed,2025-02-03 21:23:08,Aisha Patel
CASE-0196,Approved,2025-02-04 15:47:51,Robert Dawson
CASE-0196,Completed,2025-02-04 19:17:26,Linda Park
CASE-0197,Submitted,2025-02-10 16:55:00,Sarah Mitchell
CASE-0197,Reviewed,2025-02-10 21:01:45,Tom Henderson
CASE-0197,Approved,2025-02-11 16:26:46,Linda Park
CASE-0197,Completed,2025-02-11 20:05:38,Linda Park
CASE-0198,Submitted,2025-02-03 10:48:00,Priya Sharma
CASE-0198,Reviewed,2025-02-03 16:07:48,Rachel Goldman
CASE-0198,Approved,2025-02-04 23:21:09,Robert Dawson
CASE-0198,Completed,2025-02-05 03:10:39,Linda Park
CASE-0199,Submitted,2025-01-27 13:13:00,Sarah Mitchell
CASE-0199,Reviewed,2025-01-27 19:19:31,Rachel Goldman
CASE-0199,Sent Back for Correction,2025-01-27 22:14:00,Rachel Goldman
CASE-0199,Reviewed,2025-01-28 01:34:51,Rachel Goldman
CASE-0199,Approved,2025-01-29 11:03:10,Robert Dawson
CASE-0199,Completed,2025-01-29 14:37:30,Diana Vasquez
CASE-0200,Submitted,2025-02-13 09:56:00,Sarah Mitchell
CASE-0200,Reviewed,2025-02-13 15:09:28,Tom Henderson
CASE-0200,Approved,2025-02-15 00:49:29,Linda Park
CASE-0200,Completed,2025-02-15 03:03:49,Linda Park
CASE-0201,Submitted,2025-02-11 11:13:00,Sarah Mitchell
CASE-0201,Reviewed,2025-02-11 15:24:27,Aisha Patel
CASE-0201,Approved,2025-02-13 09:19:10,Robert Dawson
CASE-0201,Completed,2025-02-13 13:06:24,Linda Park
CASE-0202,Submitted,2025-01-30 11:53:00,Kevin Nguyen
CASE-0202,Reviewed,2025-01-30 17:32:49,Aisha Patel
CASE-0202,Approved,2025-02-01 04:21:57,Diana Vasquez
CASE-0202,Completed,2025-02-01 06:00:53,Robert Dawson
CASE-0203,Submitted,2025-02-03 15:29:00,Priya Sharma
CASE-0203,Reviewed,2025-02-03 20:29:57,Rachel Goldman
CASE-0203,Sent Back for Correction,2025-02-03 21:34:56,Rachel Goldman
CASE-0203,Reviewed,2025-02-04 03:35:23,Marcus Chen
CASE-0203,Approved,2025-02-05 15:39:05,Linda Park
CASE-0203,Completed,2025-02-05 18:54:41,Linda Park
CASE-0204,Submitted,2025-02-10 10:07:00,Sarah Mitchell
CASE-0204,Reviewed,2025-02-10 13:42:26,Aisha Patel
CASE-0204,Approved,2025-02-12 03:51:16,Robert Dawson
CASE-0204,Completed,2025-02-12 06:32:10,Robert Dawson
CASE-0205,Submitted,2025-02-03 15:55:00,Priya Sharma
CASE-0205,Reviewed,2025-02-03 19:56:00,Marcus Chen
CASE-0205,Approved,2025-02-04 19:02:29,Diana Vasquez
CASE-0205,Completed,2025-02-04 21:51:09,Robert Dawson
CASE-0206,Submitted,2025-02-18 09:03:00,James Ortega
CASE-0206,Reviewed,2025-02-18 11:01:39,Rachel Goldman
CASE-0206,Approved,2025-02-20 02:55:54,Christopher Hall
CASE-0206,Completed,2025-02-20 06:26:12,Linda Park
CASE-0207,Submitted,2025-02-03 10:25:00,Priya Sharma
CASE-0207,Reviewed,2025-02-03 15:45:21,Tom Henderson
CASE-0207,Approved,2025-02-05 04:04:59,Christopher Hall
CASE-0207,Completed,2025-02-05 08:12:49,Diana Vasquez
CASE-0208,Submitted,2025-02-11 12:30:00,Kevin Nguyen
CASE-0208,Reviewed,2025-02-11 16:13:38,Tom Henderson
CASE-0208,Approved,2025-02-12 12:13:18,Linda Park
CASE-0208,Completed,2025-02-12 16:04:39,Linda Park
CASE-0209,Submitted,2025-01-31 12:37:00,Priya Sharma
CASE-0209,Reviewed,2025-01-31 15:46:37,Rachel Goldman
CASE-0209,Approved,2025-02-02 17:56:08,Christopher Hall
CASE-0209,Completed,2025-02-02 22:09:40,Linda Park
CASE-0210,Submitted,2025-02-10 16:14:00,James Ortega
CASE-0210,Reviewed,2025-02-10 20:11:30,Aisha Patel
CASE-0210,Sent Back for Correction,2025-02-10 22:53:50,Tom Henderson
CASE-0210,Reviewed,2025-02-11 04:36:33,Marcus Chen
CASE-0210,Approved,2025-02-12 13:01:49,Linda Park
CASE-0210,Completed,2025-02-12 15:03:19,Linda Park
CASE-0211,Submitted,2025-02-10 11:07:00,Sarah Mitchell
CASE-0211,Reviewed,2025-02-10 12:54:03,Rachel Goldman
CASE-0211,Sent Back for Correction,2025-02-10 16:04:36,Rachel Goldman
CASE-0211,Reviewed,2025-02-10 17:41:33,Rachel Goldman
CASE-0211,Approved,2025-02-11 19:08:13,Robert Dawson
CASE-0211,Completed,2025-02-12 00:07:37,Robert Dawson
CASE-0212,Submitted,2025-02-12 11:31:00,Sarah Mitchell
CASE-0212,Reviewed,2025-02-12 15:08:11,Aisha Patel
CASE-0212,Sent Back for Correction,2025-02-12 16:27:15,Rachel Goldman
CASE-0212,Reviewed,2025-02-12 19:02:04,Rachel Goldman
CASE-0212,Approved,2025-02-13 19:16:14,Linda Park
CASE-0212,Completed,2025-02-13 20:50:25,Robert Dawson
CASE-0213,Submitted,2025-01-31 17:43:00,Sarah Mitchell
CASE-0213,Reviewed,2025-01-31 21:48:12,Rachel Goldman
CASE-0213,Approved,2025-02-03 03:47:21,Robert Dawson
CASE-0213,Completed,2025-02-03 08:49:46,Linda Park
CASE-0214,Submitted,2025-02-19 15:39:00,James Ortega
CASE-0214,Reviewed,2025-02-19 19:51:49,Tom Henderson
CASE-0214,Sent Back for Correction,2025-02-19 23:59:54,Marcus Chen
CASE-0214,Reviewed,2025-02-20 02:25:57,Aisha Patel
CASE-0214,Approved,2025-02-21 07:35:27,Robert Dawson
CASE-0214,Completed,2025-02-21 09:06:36,Diana Vasquez
CASE-0215,Submitted,2025-02-12 17:05:00,Priya Sharma
CASE-0215,Reviewed,2025-02-12 23:19:13,Tom Henderson
CASE-0215,Approved,2025-02-14 07:05:26,Linda Park
CASE-0215,Completed,2025-02-14 09:04:32,Linda Park
CASE-0216,Submitted,2025-02-24 11:20:00,James Ortega
CASE-0216,Reviewed,2025-02-24 13:24:15,Rachel Goldman
CASE-0216,Approved,2025-02-25 18:15:05,Linda Park
CASE-0216,Completed,2025-02-25 22:00:23,Linda Park
CASE-0217,Submitted,2025-02-04 09:09:00,Priya Sharma
CASE-0217,Reviewed,2025-02-04 13:30:39,Aisha Patel
CASE-0217,Sent Back for Correction,2025-02-04 17:02:39,Rachel Goldman
CASE-0217,Reviewed,2025-02-04 22:07:17,Rachel Goldman
CASE-0217,Approved,2025-02-05 19:06:46,Robert Dawson
CASE-0217,Completed,2025-02-05 22:14:31,Diana Vasquez
CASE-0218,Submitted,2025-02-06 11:16:00,Sarah Mitchell
CASE-0218,Reviewed,2025-02-06 13:43:24,Rachel Goldman
CASE-0218,Approved,2025-02-08 01:23:18,Robert Dawson
CASE-0218,Completed,2025-02-08 06:12:21,Diana Vasquez
CASE-0219,Submitted,2025-02-06 08:30:00,Sarah Mitchell
CASE-0219,Reviewed,2025-02-06 12:46:01,Rachel Goldman
CASE-0219,Sent Back for Correction,2025-02-06 15:55:26,Marcus Chen
CASE-0219,Reviewed,2025-02-06 19:32:55,Rachel Goldman
CASE-0219,Approved,2025-02-08 06:50:26,Christopher Hall
CASE-0219,Completed,2025-02-08 11:36:39,Robert Dawson
CASE-0220,Submitted,2025-02-13 10:32:00,Kevin Nguyen
CASE-0220,Reviewed,2025-02-13 14:30:06,Tom Henderson
CASE-0220,Approved,2025-02-14 15:46:41,Robert Dawson
CASE-0220,Completed,2025-02-14 17:32:43,Robert Dawson
CASE-0221,Submitted,2025-02-04 13:58:00,Priya Sharma
CASE-0221,Reviewed,2025-02-04 17:59:19,Rachel Goldman
CASE-0221,Approved,2025-02-06 02:49:11,Linda Park
CASE-0221,Completed,2025-02-06 07:42:49,Robert Dawson
CASE-0222,Submitted,2025-02-07 18:34:00,Sarah Mitchell
CASE-0222,Reviewed,2025-02-08 00:38:48,Rachel Goldman
CASE-0222,Approved,2025-02-09 22:44:50,Diana Vasquez
CASE-0222,Completed,2025-02-10 03:37:41,Robert Dawson
CASE-0223,Submitted,2025-02-19 13:06:00,Kevin Nguyen
CASE-0223,Reviewed,2025-02-19 15:19:23,Rachel Goldman
CASE-0223,Approved,2025-02-20 13:47:09,Diana Vasquez
CASE-0223,Completed,2025-02-20 18:40:42,Linda Park
CASE-0224,Submitted,2025-02-12 10:54:00,Sarah Mitchell
CASE-0224,Reviewed,2025-02-12 15:00:14,Marcus Chen
CASE-0224,Approved,2025-02-13 09:54:21,Robert Dawson
CASE-0224,Completed,2025-02-13 11:10:05,Robert Dawson
CASE-0225,Submitted,2025-01-31 14:43:00,Sarah Mitchell
CASE-0225,Reviewed,2025-01-31 17:33:52,Tom Henderson
CASE-0225,Approved,2025-02-03 09:47:48,Robert Dawson
CASE-0225,Completed,2025-02-03 13:30:44,Robert Dawson
CASE-0226,Submitted,2025-01-31 11:21:00,Priya Sharma
CASE-0226,Reviewed,2025-01-31 14:45:40,Rachel Goldman
CASE-0226,Approved,2025-02-02 17:23:30,Diana Vasquez
CASE-0226,Completed,2025-02-02 20:24:46,Linda Park
CASE-0227,Submitted,2025-02-03 14:41:00,Priya Sharma
CASE-0227,Reviewed,2025-02-03 19:36:40,Rachel Goldman
CASE-0227,Approved,2025-02-05 13:00:45,Diana Vasquez
CASE-0227,Completed,2025-02-05 15:19:54,Linda Park
CASE-0228,Submitted,2025-02-10 11:03:00,Kevin Nguyen
CASE-0228,Reviewed,2025-02-10 15:48:03,Marcus Chen
CASE-0228,Approved,2025-02-11 16:29:16,Robert Dawson
CASE-0228,Completed,2025-02-11 17:48:44,Robert Dawson
CASE-0229,Submitted,2025-02-10 13:14:00,James Ortega
CASE-0229,Reviewed,2025-02-10 19:25:52,Marcus Chen
CASE-0229,Approved,2025-02-12 10:49:06,Linda Park
CASE-0229,Completed,2025-02-12 12:33:57,Linda Park
CASE-0230,Submitted,2025-02-03 14:18:00,Sarah Mitchell
CASE-0230,Reviewed,2025-02-03 17:55:22,Marcus Chen
CASE-0230,Approved,2025-02-04 18:12:17,Linda Park
CASE-0230,Completed,2025-02-04 22:20:44,Robert Dawson
CASE-0231,Submitted,2025-02-24 18:31:00,Kevin Nguyen
CASE-0231,Reviewed,2025-02-25 00:17:22,Rachel Goldman
CASE-0231,Approved,2025-02-26 12:45:33,Robert Dawson
CASE-0231,Completed,2025-02-26 13:57:00,Linda Park
CASE-0232,Submitted,2025-02-06 16:10:00,Priya Sharma
CASE-0232,Reviewed,2025-02-06 19:28:18,Rachel Goldman
CASE-0232,Approved,2025-02-08 08:35:51,Diana Vasquez
CASE-0232,Completed,2025-02-08 10:10:05,Linda Park
CASE-0233,Submitted,2025-02-04 13:56:00,Sarah Mitchell
CASE-0233,Reviewed,2025-02-04 18:45:21,Marcus Chen
CASE-0233,Sent Back for Correction,2025-02-04 22:20:32,Marcus Chen
CASE-0233,Reviewed,2025-02-05 01:28:08,Marcus Chen
CASE-0233,Approved,2025-02-06 11:04:59,Robert Dawson
CASE-0233,Completed,2025-02-06 15:13:12,Linda Park
CASE-0234,Submitted,2025-02-11 12:24:00,Sarah Mitchell
CASE-0234,Reviewed,2025-02-11 17:11:23,Tom Henderson
CASE-0234,Sent Back for Correction,2025-02-11 18:48:55,Marcus Chen
CASE-0234,Reviewed,2025-02-11 22:07:31,Aisha Patel
CASE-0234,Approved,2025-02-12 22:34:35,Robert Dawson
CASE-0234,Completed,2025-02-13 02:04:14,Robert Dawson
CASE-0235,Submitted,2025-02-18 17:43:00,Priya Sharma
CASE-0235,Reviewed,2025-02-18 20:54:59,Rachel Goldman
CASE-0235,Approved,2025-02-19 15:11:25,Diana Vasquez
CASE-0235,Completed,2025-02-19 16:39:13,Linda Park
CASE-0236,Submitted,2025-02-17 11:06:00,James Ortega
CASE-0236,Reviewed,2025-02-17 15:47:03,Aisha Patel
CASE-0236,Approved,2025-02-18 15:44:51,Diana Vasquez
CASE-0236,Completed,2025-02-18 17:40:30,Linda Park
CASE-0237,Submitted,2025-02-06 14:08:00,Priya Sharma
CASE-0237,Reviewed,2025-02-06 16:37:56,Rachel Goldman
CASE-0237,Approved,2025-02-08 05:59:08,Diana Vasquez
CASE-0237,Completed,2025-02-08 09:13:17,Christopher Hall
CASE-0238,Submitted,2025-02-17 16:50:00,Kevin Nguyen
CASE-0238,Reviewed,2025-02-17 21:46:09,Rachel Goldman
CASE-0238,Sent Back for Correction,2025-02-18 00:54:01,Rachel Goldman
CASE-0238,Reviewed,2025-02-18 03:13:02,Rachel Goldman
CASE-0238,Approved,2025-02-19 12:14:29,Robert Dawson
CASE-0238,Completed,2025-02-19 13:47:34,Linda Park
CASE-0239,Submitted,2025-02-12 11:20:00,James Ortega
CASE-0239,Reviewed,2025-02-12 15:04:58,Rachel Goldman
CASE-0239,Approved,2025-02-14 01:18:55,Robert Dawson
CASE-0239,Completed,2025-02-14 02:52:18,Linda Park
CASE-0240,Submitted,2025-02-17 08:09:00,Priya Sharma
CASE-0240,Reviewed,2025-02-17 13:23:50,Aisha Patel
CASE-0240,Approved,2025-02-18 10:54:02,Robert Dawson
CASE-0240,Completed,2025-02-18 15:44:59,Robert Dawson
CASE-0241,Submitted,2025-02-10 10:14:00,Sarah Mitchell
CASE-0241,Reviewed,2025-02-10 14:02:15,Rachel Goldman
CASE-0241,Approved,2025-02-11 16:00:13,Diana Vasquez
CASE-0241,Completed,2025-02-11 18:34:42,Linda Park
CASE-0242,Submitted,2025-02-07 14:22:00,Priya Sharma
CASE-0242,Reviewed,2025-02-07 17:17:39,Marcus Chen
CASE-0242,Approved,2025-02-10 07:06:20,Robert Dawson
CASE-0242,Completed,2025-02-10 09:36:18,Linda Park
CASE-0243,Submitted,2025-02-05 15:23:00,Sarah Mitchell
CASE-0243,Reviewed,2025-02-05 19:27:32,Rachel Goldman
CASE-0243,Approved,2025-02-07 05:16:20,Robert Dawson
CASE-0243,Completed,2025-02-07 08:27:17,Diana Vasquez
CASE-0244,Submitted,2025-02-11 08:26:00,Sarah Mitchell
CASE-0244,Reviewed,2025-02-11 10:41:05,Marcus Chen
CASE-0244,Approved,2025-02-12 11:32:03,Robert Dawson
CASE-0244,Completed,2025-02-12 12:42:41,Diana Vasquez
CASE-0245,Submitted,2025-02-14 11:12:00,Priya Sharma
CASE-0245,Reviewed,2025-02-14 13:31:13,Marcus Chen
CASE-0245,Approved,2025-02-15 20:23:23,Diana Vasquez
CASE-0245,Completed,2025-02-16 00:04:34,Diana Vasquez
CASE-0246,Submitted,2025-03-03 10:46:00,Priya Sharma
CASE-0246,Reviewed,2025-03-03 15:57:14,Marcus Chen
CASE-0246,Approved,2025-03-04 12:32:24,Christopher Hall
CASE-0246,Completed,2025-03-04 13:47:15,Linda Park
CASE-0247,Submitted,2025-02-18 16:51:00,Sarah Mitchell
CASE-0247,Reviewed,2025-02-18 20:19:22,Tom Henderson
CASE-0247,Approved,2025-02-19 23:43:34,Linda Park
CASE-0247,Completed,2025-02-20 00:50:09,Linda Park
CASE-0248,Submitted,2025-02-10 12:51:00,Kevin Nguyen
CASE-0248,Reviewed,2025-02-10 18:41:57,Marcus Chen
CASE-0248,Approved,2025-02-12 05:28:12,Linda Park
CASE-0248,Completed,2025-02-12 08:07:19,Linda Park
CASE-0249,Submitted,2025-02-24 14:46:00,Kevin Nguyen
CASE-0249,Reviewed,2025-02-24 17:52:22,Marcus Chen
CASE-0249,Approved,2025-02-25 20:25:48,Linda Park
CASE-0249,Completed,2025-02-25 23:22:35,Robert Dawson
CASE-0250,Submitted,2025-02-11 12:53:00,Kevin Nguyen
CASE-0250,Reviewed,2025-02-11 16:14:13,Aisha Patel
CASE-0250,Sent Back for Correction,2025-02-11 18:18:16,Rachel Goldman
CASE-0250,Reviewed,2025-02-12 00:27:46,Marcus Chen
CASE-0250,Approved,2025-02-13 11:36:11,Robert Dawson
CASE-0250,Completed,2025-02-13 15:59:17,Linda Park
CASE-0251,Submitted,2025-02-10 10:34:00,James Ortega
CASE-0251,Reviewed,2025-02-10 14:35:41,Rachel Goldman
CASE-0251,Sent Back for Correction,2025-02-10 16:52:45,Tom Henderson
CASE-0251,Reviewed,2025-02-10 22:29:16,Marcus Chen
CASE-0251,Approved,2025-02-12 05:14:13,Christopher Hall
CASE-0251,Completed,2025-02-12 07:06:39,Linda Park
CASE-0252,Submitted,2025-02-17 09:17:00,Priya Sharma
CASE-0252,Reviewed,2025-02-17 15:16:10,Tom Henderson
CASE-0252,Approved,2025-02-19 08:14:36,Robert Dawson
CASE-0252,Completed,2025-02-19 11:33:16,Diana Vasquez
CASE-0253,Submitted,2025-02-11 14:24:00,Kevin Nguyen
CASE-0253,Reviewed,2025-02-11 16:31:01,Marcus Chen
CASE-0253,Sent Back for Correction,2025-02-11 18:39:25,Rachel Goldman
CASE-0253,Reviewed,2025-02-12 00:09:00,Rachel Goldman
CASE-0253,Approved,2025-02-13 00:45:24,Diana Vasquez
CASE-0253,Completed,2025-02-13 04:59:52,Linda Park
CASE-0254,Submitted,2025-02-11 13:56:00,Priya Sharma
CASE-0254,Reviewed,2025-02-11 16:17:14,Rachel Goldman
CASE-0254,Approved,2025-02-12 13:08:07,Linda Park
CASE-0254,Completed,2025-02-12 15:44:06,Robert Dawson
CASE-0255,Submitted,2025-02-20 16:42:00,Priya Sharma
CASE-0255,Reviewed,2025-02-20 22:37:27,Aisha Patel
CASE-0255,Approved,2025-02-22 13:24:00,Linda Park
CASE-0255,Completed,2025-02-22 18:09:19,Linda Park
CASE-0256,Submitted,2025-02-17 10:34:00,Priya Sharma
CASE-0256,Reviewed,2025-02-17 13:39:25,Aisha Patel
CASE-0256,Approved,2025-02-19 02:21:14,Robert Dawson
CASE-0256,Completed,2025-02-19 06:03:29,Robert Dawson
CASE-0257,Submitted,2025-02-25 13:40:00,Priya Sharma
CASE-0257,Reviewed,2025-02-25 16:44:24,Rachel Goldman
CASE-0257,Approved,2025-02-26 20:57:29,Linda Park
CASE-0257,Completed,2025-02-26 22:54:50,Linda Park
CASE-0258,Submitted,2025-03-03 11:08:00,James Ortega
CASE-0258,Reviewed,2025-03-03 16:50:06,Aisha Patel
CASE-0258,Approved,2025-03-05 00:17:12,Christopher Hall
CASE-0258,Completed,2025-03-05 04:12:25,Christopher Hall
CASE-0259,Submitted,2025-02-10 15:41:00,Priya Sharma
CASE-0259,Reviewed,2025-02-10 20:55:53,Aisha Patel
CASE-0259,Approved,2025-02-11 17:15:21,Linda Park
CASE-0259,Completed,2025-02-11 20:18:54,Linda Park
CASE-0260,Submitted,2025-02-14 13:14:00,Kevin Nguyen
CASE-0260,Reviewed,2025-02-14 15:54:49,Aisha Patel
CASE-0260,Approved,2025-02-17 05:36:31,Linda Park
CASE-0260,Completed,2025-02-17 10:49:01,Linda Park
CASE-0261,Submitted,2025-02-17 08:22:00,Kevin Nguyen
CASE-0261,Reviewed,2025-02-17 11:58:34,Tom Henderson
CASE-0261,Approved,2025-02-18 13:00:46,Diana Vasquez
CASE-0261,Completed,2025-02-18 15:46:54,Christopher Hall
CASE-0262,Submitted,2025-02-24 12:56:00,Priya Sharma
CASE-0262,Reviewed,2025-02-24 15:16:35,Rachel Goldman
CASE-0262,Approved,2025-02-25 10:45:04,Linda Park
CASE-0262,Completed,2025-02-25 14:28:00,Diana Vasquez
CASE-0263,Submitted,2025-02-24 09:02:00,Sarah Mitchell
CASE-0263,Reviewed,2025-02-24 14:47:39,Aisha Patel
CASE-0263,Approved,2025-02-25 15:23:14,Robert Dawson
CASE-0263,Completed,2025-02-25 17:53:47,Linda Park
CASE-0264,Submitted,2025-02-19 14:59:00,James Ortega
CASE-0264,Reviewed,2025-02-19 19:12:11,Marcus Chen
CASE-0264,Approved,2025-02-21 04:46:08,Diana Vasquez
CASE-0264,Completed,2025-02-21 08:10:48,Christopher Hall
CASE-0265,Submitted,2025-02-10 09:56:00,James Ortega
CASE-0265,Reviewed,2025-02-10 13:27:42,Tom Henderson
CASE-0265,Approved,2025-02-11 11:53:59,Robert Dawson
CASE-0265,Completed,2025-02-11 13:54:35,Linda Park
CASE-0266,Submitted,2025-02-24 10:26:00,Priya Sharma
CASE-0266,Reviewed,2025-02-24 12:54:42,Rachel Goldman
CASE-0266,Approved,2025-02-25 16:16:47,Robert Dawson
CASE-0266,Completed,2025-02-25 19:18:48,Diana Vasquez
CASE-0267,Submitted,2025-02-10 13:45:00,Kevin Nguyen
CASE-0267,Reviewed,2025-02-10 17:14:27,Marcus Chen
CASE-0267,Approved,2025-02-12 01:32:48,Diana Vasquez
CASE-0267,Completed,2025-02-12 06:14:47,Christopher Hall
CASE-0268,Submitted,2025-02-24 13:39:00,Kevin Nguyen
CASE-0268,Reviewed,2025-02-24 17:11:55,Tom Henderson
CASE-0268,Approved,2025-02-25 20:21:58,Diana Vasquez
CASE-0268,Completed,2025-02-25 23:29:16,Linda Park
CASE-0269,Submitted,2025-03-03 09:58:00,Kevin Nguyen
CASE-0269,Reviewed,2025-03-03 11:46:36,Rachel Goldman
CASE-0269,Approved,2025-03-04 23:08:48,Linda Park
CASE-0269,Completed,2025-03-05 01:55:08,Robert Dawson
CASE-0270,Submitted,2025-02-17 09:15:00,Sarah Mitchell
CASE-0270,Reviewed,2025-02-17 14:52:14,Rachel Goldman
CASE-0270,Approved,2025-02-19 05:29:28,Linda Park
CASE-0270,Completed,2025-02-19 10:19:13,Robert Dawson
CASE-0271,Submitted,2025-02-13 11:43:00,Sarah Mitchell
CASE-0271,Reviewed,2025-02-13 14:10:56,Tom Henderson
CASE-0271,Approved,2025-02-14 12:03:26,Linda Park
CASE-0271,Completed,2025-02-14 15:24:48,Robert Dawson
CASE-0272,Submitted,2025-02-10 09:07:00,James Ortega
CASE-0272,Reviewed,2025-02-10 13:13:07,Rachel Goldman
CASE-0272,Approved,2025-02-12 06:10:51,Diana Vasquez
CASE-0272,Completed,2025-02-12 09:07:27,Diana Vasquez
CASE-0273,Submitted,2025-02-10 14:47:00,James Ortega
CASE-0273,Reviewed,2025-02-10 16:47:12,Aisha Patel
CASE-0273,Approved,2025-02-12 04:41:37,Robert Dawson
CASE-0273,Completed,2025-02-12 08:57:12,Robert Dawson
CASE-0274,Submitted,2025-02-13 08:04:00,Sarah Mitchell
CASE-0274,Reviewed,2025-02-13 13:24:40,Marcus Chen
CASE-0274,Approved,2025-02-15 01:04:04,Robert Dawson
CASE-0274,Completed,2025-02-15 02:38:34,Robert Dawson
CASE-0275,Submitted,2025-02-27 15:44:00,James Ortega
CASE-0275,Reviewed,2025-02-27 20:45:38,Aisha Patel
CASE-0275,Approved,2025-03-01 08:23:55,Christopher Hall
CASE-0275,Completed,2025-03-01 11:57:25,Robert Dawson
CASE-0276,Submitted,2025-02-10 14:21:00,James Ortega
CASE-0276,Reviewed,2025-02-10 20:03:25,Marcus Chen
CASE-0276,Approved,2025-02-12 09:19:41,Christopher Hall
CASE-0276,Completed,2025-02-12 11:26:05,Linda Park
CASE-0277,Submitted,2025-02-28 09:20:00,Priya Sharma
CASE-0277,Reviewed,2025-02-28 15:14:32,Aisha Patel
CASE-0277,Approved,2025-03-02 21:25:57,Robert Dawson
CASE-0277,Completed,2025-03-02 23:54:10,Robert Dawson
CASE-0278,Submitted,2025-02-25 09:01:00,James Ortega
CASE-0278,Reviewed,2025-02-25 10:45:35,Rachel Goldman
CASE-0278,Approved,2025-02-26 22:43:38,Robert Dawson
CASE-0278,Completed,2025-02-27 00:53:46,Diana Vasquez
CASE-0279,Submitted,2025-02-24 11:04:00,Kevin Nguyen
CASE-0279,Reviewed,2025-02-24 17:01:48,Marcus Chen
CASE-0279,Approved,2025-02-26 00:36:28,Christopher Hall
CASE-0279,Completed,2025-02-26 05:04:33,Robert Dawson
CASE-0280,Submitted,2025-02-17 13:12:00,Sarah Mitchell
CASE-0280,Reviewed,2025-02-17 16:16:47,Aisha Patel
CASE-0280,Approved,2025-02-18 23:18:40,Robert Dawson
CASE-0280,Completed,2025-02-19 03:25:47,Linda Park
CASE-0281,Submitted,2025-02-17 10:47:00,Priya Sharma
CASE-0281,Reviewed,2025-02-17 14:42:40,Marcus Chen
CASE-0281,Approved,2025-02-19 04:06:16,Linda Park
CASE-0281,Completed,2025-02-19 08:42:04,Diana Vasquez
CASE-0282,Submitted,2025-03-05 11:06:00,Kevin Nguyen
CASE-0282,Reviewed,2025-03-05 13:29:36,Aisha Patel
CASE-0282,Sent Back for Correction,2025-03-05 16:45:16,Tom Henderson
CASE-0282,Reviewed,2025-03-05 19:46:52,Marcus Chen
CASE-0282,Approved,2025-03-07 01:51:39,Linda Park
CASE-0282,Completed,2025-03-07 06:32:41,Robert Dawson
CASE-0283,Submitted,2025-02-18 17:49:00,Kevin Nguyen
CASE-0283,Reviewed,2025-02-18 21:57:30,Marcus Chen
CASE-0283,Sent Back for Correction,2025-02-19 00:51:50,Tom Henderson
CASE-0283,Reviewed,2025-02-19 05:37:20,Aisha Patel
CASE-0283,Approved,2025-02-20 01:40:44,Linda Park
CASE-0283,Completed,2025-02-20 03:30:43,Robert Dawson
CASE-0284,Submitted,2025-02-17 15:34:00,James Ortega
CASE-0284,Reviewed,2025-02-17 19:26:43,Marcus Chen
CASE-0284,Approved,2025-02-18 21:12:19,Robert Dawson
CASE-0284,Completed,2025-02-18 23:31:07,Christopher Hall
CASE-0285,Submitted,2025-02-17 10:56:00,Sarah Mitchell
CASE-0285,Reviewed,2025-02-17 13:28:53,Rachel Goldman
CASE-0285,Sent Back for Correction,2025-02-17 15:00:24,Rachel Goldman
CASE-0285,Reviewed,2025-02-17 17:15:24,Tom Henderson
CASE-0285,Approved,2025-02-18 21:46:12,Robert Dawson
CASE-0285,Completed,2025-02-19 00:56:27,Robert Dawson
CASE-0286,Submitted,2025-02-18 12:58:00,James Ortega
CASE-0286,Reviewed,2025-02-18 19:05:32,Rachel Goldman
CASE-0286,Approved,2025-02-19 15:52:11,Christopher Hall
CASE-0286,Completed,2025-02-19 20:30:02,Linda Park
CASE-0287,Submitted,2025-02-10 15:13:00,James Ortega
CASE-0287,Reviewed,2025-02-10 19:42:26,Rachel Goldman
CASE-0287,Sent Back for Correction,2025-02-10 22:29:22,Tom Henderson
CASE-0287,Reviewed,2025-02-11 02:44:53,Marcus Chen
CASE-0287,Approved,2025-02-12 05:23:44,Diana Vasquez
CASE-0287,Completed,2025-02-12 09:34:53,Linda Park
CASE-0288,Submitted,2025-02-27 11:41:00,Priya Sharma
CASE-0288,Reviewed,2025-02-27 16:57:35,Rachel Goldman
CASE-0288,Approved,2025-02-28 18:43:33,Robert Dawson
CASE-0288,Completed,2025-02-28 21:38:54,Robert Dawson
CASE-0289,Submitted,2025-02-24 16:48:00,Kevin Nguyen
CASE-0289,Reviewed,2025-02-24 20:45:31,Rachel Goldman
CASE-0289,Approved,2025-02-26 01:07:55,Diana Vasquez
CASE-0289,Completed,2025-02-26 02:44:58,Linda Park
CASE-0290,Submitted,2025-02-27 08:58:00,James Ortega
CASE-0290,Reviewed,2025-02-27 14:26:39,Tom Henderson
CASE-0290,Approved,2025-03-01 05:05:38,Linda Park
CASE-0290,Completed,2025-03-01 08:11:35,Robert Dawson
CASE-0291,Submitted,2025-02-25 08:52:00,James Ortega
CASE-0291,Reviewed,2025-02-25 11:27:24,Rachel Goldman
CASE-0291,Approved,2025-02-26 20:50:12,Christopher Hall
CASE-0291,Completed,2025-02-27 01:45:46,Robert Dawson
CASE-0292,Submitted,2025-02-25 16:05:00,Priya Sharma
CASE-0292,Reviewed,2025-02-25 21:30:03,Rachel Goldman
CASE-0292,Approved,2025-02-27 14:27:35,Christopher Hall
CASE-0292,Completed,2025-02-27 17:57:13,Linda Park
CASE-0293,Submitted,2025-03-03 14:20:00,Sarah Mitchell
CASE-0293,Reviewed,2025-03-03 19:15:47,Tom Henderson
CASE-0293,Approved,2025-03-04 17:28:27,Linda Park
CASE-0293,Completed,2025-03-04 20:40:47,Linda Park
CASE-0294,Submitted,2025-02-21 16:37:00,James Ortega
CASE-0294,Reviewed,2025-02-21 22:54:35,Rachel Goldman
CASE-0294,Approved,2025-02-24 04:55:05,Robert Dawson
CASE-0294,Completed,2025-02-24 06:50:04,Linda Park
CASE-0295,Submitted,2025-02-17 09:40:00,James Ortega
CASE-0295,Reviewed,2025-02-17 15:17:14,Rachel Goldman
CASE-0295,Approved,2025-02-18 20:31:45,Christopher Hall
CASE-0295,Completed,2025-02-19 00:10:32,Robert Dawson
CASE-0296,Submitted,2025-02-28 11:05:00,James Ortega
CASE-0296,Reviewed,2025-02-28 17:06:03,Marcus Chen
CASE-0296,Approved,2025-03-02 21:26:33,Linda Park
CASE-0296,Completed,2025-03-02 22:45:22,Christopher Hall
CASE-0297,Submitted,2025-02-20 09:23:00,James Ortega
CASE-0297,Reviewed,2025-02-20 12:36:20,Rachel Goldman
CASE-0297,Approved,2025-02-22 04:31:45,Robert Dawson
CASE-0297,Completed,2025-02-22 08:41:50,Linda Park
CASE-0298,Submitted,2025-02-20 09:42:00,Priya Sharma
CASE-0298,Reviewed,2025-02-20 13:56:02,Rachel Goldman
CASE-0298,Approved,2025-02-22 03:30:41,Diana Vasquez
CASE-0298,Completed,2025-02-22 07:03:27,Linda Park
CASE-0299,Submitted,2025-02-17 16:40:00,James Ortega
CASE-0299,Reviewed,2025-02-17 22:58:53,Rachel Goldman
CASE-0299,Approved,2025-02-19 00:02:59,Robert Dawson
CASE-0299,Completed,2025-02-19 01:40:12,Linda Park
CASE-0300,Submitted,2025-02-17 10:10:00,Priya Sharma
CASE-0300,Reviewed,2025-02-17 16:30:06,Rachel Goldman
CASE-0300,Approved,2025-02-18 23:03:42,Christopher Hall
CASE-0300,Completed,2025-02-19 03:44:10,Linda Park
CASE-0301,Submitted,2025-02-25 12:15:00,Kevin Nguyen
CASE-0301,Reviewed,2025-02-25 18:24:03,Aisha Patel
CASE-0301,Approved,2025-02-27 01:58:32,Christopher Hall
CASE-0301,Completed,2025-02-27 03:33:13,Linda Park
CASE-0302,Submitted,2025-02-25 07:35:00,Priya Sharma
CASE-0302,Reviewed,2025-02-25 12:16:25,Rachel Goldman
CASE-0302,Sent Back for Correction,2025-02-25 14:49:29,Tom Henderson
CASE-0302,Reviewed,2025-02-25 20:23:58,Rachel Goldman
CASE-0302,Approved,2025-02-27 10:17:24,Linda Park
CASE-0302,Completed,2025-02-27 14:16:03,Linda Park
CASE-0303,Submitted,2025-02-17 10:47:00,Kevin Nguyen
CASE-0303,Reviewed,2025-02-17 13:00:17,Tom Henderson
CASE-0303,Approved,2025-02-19 04:44:55,Robert Dawson
CASE-0303,Completed,2025-02-19 08:39:07,Diana Vasquez
CASE-0304,Submitted,2025-02-24 12:49:00,Kevin Nguyen
CASE-0304,Reviewed,2025-02-24 18:42:34,Marcus Chen
CASE-0304,Approved,2025-02-26 07:04:14,Linda Park
CASE-0304,Completed,2025-02-26 08:32:05,Christopher Hall
CASE-0305,Submitted,2025-02-18 09:22:00,Priya Sharma
CASE-0305,Reviewed,2025-02-18 14:02:52,Aisha Patel
CASE-0305,Approved,2025-02-20 06:08:49,Robert Dawson
CASE-0305,Completed,2025-02-20 11:22:23,Christopher Hall
CASE-0306,Submitted,2025-02-24 11:53:00,Kevin Nguyen
CASE-0306,Reviewed,2025-02-24 16:39:43,Aisha Patel
CASE-0306,Approved,2025-02-26 02:42:49,Robert Dawson
CASE-0306,Completed,2025-02-26 06:31:26,Christopher Hall
CASE-0307,Submitted,2025-03-03 08:11:00,James Ortega
CASE-0307,Reviewed,2025-03-03 11:32:15,Rachel Goldman
CASE-0307,Approved,2025-03-04 23:09:43,Linda Park
CASE-0307,Completed,2025-03-05 04:11:07,Robert Dawson
CASE-0308,Submitted,2025-02-14 09:32:00,James Ortega
CASE-0308,Reviewed,2025-02-14 14:55:06,Marcus Chen
CASE-0308,Approved,2025-02-17 00:31:50,Robert Dawson
CASE-0308,Completed,2025-02-17 04:40:39,Diana Vasquez
CASE-0309,Submitted,2025-02-24 15:55:00,Priya Sharma
CASE-0309,Reviewed,2025-02-24 19:58:35,Rachel Goldman
CASE-0309,Approved,2025-02-26 09:36:14,Linda Park
CASE-0309,Completed,2025-02-26 11:48:30,Robert Dawson
CASE-0310,Submitted,2025-02-25 13:27:00,Kevin Nguyen
CASE-0310,Reviewed,2025-02-25 19:02:45,Aisha Patel
CASE-0310,Approved,2025-02-27 03:11:38,Robert Dawson
CASE-0310,Completed,2025-02-27 06:10:33,Diana Vasquez
CASE-0311,Submitted,2025-03-07 09:25:00,Sarah Mitchell
CASE-0311,Reviewed,2025-03-07 11:00:37,Rachel Goldman
CASE-0311,Approved,2025-03-08 15:26:24,Robert Dawson
CASE-0311,Completed,2025-03-08 18:52:39,Linda Park
CASE-0312,Submitted,2025-02-24 10:56:00,James Ortega
CASE-0312,Reviewed,2025-02-24 12:45:15,Tom Henderson
CASE-0312,Approved,2025-02-26 05:51:29,Linda Park
CASE-0312,Completed,2025-02-26 10:50:45,Diana Vasquez
CASE-0313,Submitted,2025-02-24 09:41:00,James Ortega
CASE-0313,Reviewed,2025-02-24 15:10:15,Marcus Chen
CASE-0313,Approved,2025-02-25 22:01:41,Linda Park
CASE-0313,Completed,2025-02-26 03:21:19,Robert Dawson
CASE-0314,Submitted,2025-03-03 09:15:00,James Ortega
CASE-0314,Reviewed,2025-03-03 11:15:14,Rachel Goldman
CASE-0314,Approved,2025-03-04 23:16:57,Linda Park
CASE-0314,Completed,2025-03-05 00:47:07,Linda Park
CASE-0315,Submitted,2025-02-21 08:58:00,Priya Sharma
CASE-0315,Reviewed,2025-02-21 11:00:28,Marcus Chen
CASE-0315,Sent Back for Correction,2025-02-21 12:22:06,Rachel Goldman
CASE-0315,Reviewed,2025-02-21 14:37:09,Marcus Chen
CASE-0315,Approved,2025-02-23 18:57:04,Robert Dawson
CASE-0315,Completed,2025-02-23 23:14:04,Robert Dawson
CASE-0316,Submitted,2025-03-04 14:30:00,Sarah Mitchell
CASE-0316,Reviewed,2025-03-04 20:16:16,Marcus Chen
CASE-0316,Approved,2025-03-05 17:31:20,Linda Park
CASE-0316,Completed,2025-03-05 20:28:51,Linda Park
CASE-0317,Submitted,2025-03-03 11:21:00,Priya Sharma
CASE-0317,Reviewed,2025-03-03 13:25:05,Marcus Chen
CASE-0317,Approved,2025-03-04 10:03:04,Diana Vasquez
CASE-0317,Completed,2025-03-04 12:24:11,Robert Dawson
CASE-0318,Submitted,2025-02-20 11:58:00,Sarah Mitchell
CASE-0318,Reviewed,2025-02-20 13:42:04,Tom Henderson
CASE-0318,Approved,2025-02-21 20:00:53,Christopher Hall
CASE-0318,Completed,2025-02-21 23:43:33,Linda Park
CASE-0319,Submitted,2025-02-19 15:21:00,Priya Sharma
CASE-0319,Reviewed,2025-02-19 21:27:47,Rachel Goldman
CASE-0319,Approved,2025-02-20 19:33:28,Robert Dawson
CASE-0319,Completed,2025-02-20 22:24:46,Diana Vasquez
CASE-0320,Submitted,2025-02-26 10:44:00,Sarah Mitchell
CASE-0320,Reviewed,2025-02-26 15:02:47,Rachel Goldman
CASE-0320,Sent Back for Correction,2025-02-26 17:12:47,Rachel Goldman
CASE-0320,Reviewed,2025-02-26 19:27:44,Marcus Chen
CASE-0320,Approved,2025-02-28 02:44:03,Linda Park
CASE-0320,Completed,2025-02-28 05:11:42,Linda Park
CASE-0321,Submitted,2025-02-24 16:05:00,Sarah Mitchell
CASE-0321,Reviewed,2025-02-24 20:19:44,Marcus Chen
CASE-0321,Approved,2025-02-26 11:37:47,Robert Dawson
CASE-0321,Completed,2025-02-26 15:41:35,Robert Dawson
CASE-0322,Submitted,2025-02-19 12:35:00,Kevin Nguyen
CASE-0322,Reviewed,2025-02-19 16:26:41,Rachel Goldman
CASE-0322,Approved,2025-02-20 13:15:29,Robert Dawson
CASE-0322,Completed,2025-02-20 14:34:41,Robert Dawson
CASE-0323,Submitted,2025-02-27 16:26:00,Kevin Nguyen
CASE-0323,Reviewed,2025-02-27 20:33:16,Marcus Chen
CASE-0323,Approved,2025-03-01 07:28:36,Linda Park
CASE-0323,Completed,2025-03-01 09:12:04,Robert Dawson
CASE-0324,Submitted,2025-02-26 17:58:00,James Ortega
CASE-0324,Reviewed,2025-02-26 23:24:48,Rachel Goldman
CASE-0324,Approved,2025-02-28 15:59:03,Linda Park
CASE-0324,Completed,2025-02-28 20:02:40,Linda Park
CASE-0325,Submitted,2025-02-24 12:40:00,Kevin Nguyen
CASE-0325,Reviewed,2025-02-24 18:37:31,Rachel Goldman
CASE-0325,Approved,2025-02-26 05:26:55,Robert Dawson
CASE-0325,Completed,2025-02-26 09:14:12,Diana Vasquez
CASE-0326,Submitted,2025-03-03 13:48:00,James Ortega
CASE-0326,Reviewed,2025-03-03 17:07:00,Aisha Patel
CASE-0326,Approved,2025-03-04 11:46:50,Diana Vasquez
CASE-0326,Completed,2025-03-04 16:09:56,Diana Vasquez
CASE-0327,Submitted,2025-03-03 17:38:00,James Ortega
CASE-0327,Reviewed,2025-03-03 19:32:38,Aisha Patel
CASE-0327,Approved,2025-03-05 12:26:17,Christopher Hall
CASE-0327,Completed,2025-03-05 14:59:53,Linda Park
CASE-0328,Submitted,2025-02-24 12:18:00,James Ortega
CASE-0328,Reviewed,2025-02-24 17:52:12,Rachel Goldman
CASE-0328,Approved,2025-02-26 12:08:18,Linda Park
CASE-0328,Completed,2025-02-26 13:25:53,Robert Dawson
CASE-0329,Submitted,2025-03-14 13:14:00,Sarah Mitchell
CASE-0329,Reviewed,2025-03-14 18:36:00,Rachel Goldman
CASE-0329,Approved,2025-03-16 22:18:46,Linda Park
CASE-0329,Completed,2025-03-17 01:54:23,Diana Vasquez
CASE-0330,Submitted,2025-02-24 11:40:00,Kevin Nguyen
CASE-0330,Reviewed,2025-02-24 14:06:47,Tom Henderson
CASE-0330,Approved,2025-02-25 19:12:22,Linda Park
CASE-0330,Completed,2025-02-25 21:33:25,Robert Dawson
CASE-0331,Submitted,2025-03-03 18:34:00,Priya Sharma
CASE-0331,Reviewed,2025-03-03 21:46:29,Aisha Patel
CASE-0331,Approved,2025-03-05 15:45:30,Robert Dawson
CASE-0331,Completed,2025-03-05 20:38:00,Robert Dawson
CASE-0332,Submitted,2025-03-04 16:38:00,Kevin Nguyen
CASE-0332,Reviewed,2025-03-04 19:07:06,Aisha Patel
CASE-0332,Sent Back for Correction,2025-03-04 22:57:09,Aisha Patel
CASE-0332,Reviewed,2025-03-05 03:08:28,Marcus Chen
CASE-0332,Approved,2025-03-06 13:02:22,Diana Vasquez
CASE-0332,Completed,2025-03-06 14:20:57,Diana Vasquez
CASE-0333,Submitted,2025-03-03 13:45:00,Sarah Mitchell
CASE-0333,Reviewed,2025-03-03 17:11:48,Marcus Chen
CASE-0333,Approved,2025-03-04 13:17:19,Linda Park
CASE-0333,Completed,2025-03-04 16:52:33,Christopher Hall
CASE-0334,Submitted,2025-02-24 08:54:00,James Ortega
CASE-0334,Reviewed,2025-02-24 14:01:54,Tom Henderson
CASE-0334,Approved,2025-02-25 22:25:52,Christopher Hall
CASE-0334,Completed,2025-02-26 02:51:47,Robert Dawson
CASE-0335,Submitted,2025-02-24 10:45:00,Priya Sharma
CASE-0335,Reviewed,2025-02-24 15:17:30,Rachel Goldman
CASE-0335,Approved,2025-02-25 22:02:22,Christopher Hall
CASE-0335,Completed,2025-02-26 03:05:51,Christopher Hall
CASE-0336,Submitted,2025-02-27 09:07:00,Sarah Mitchell
CASE-0336,Reviewed,2025-02-27 14:18:03,Rachel Goldman
CASE-0336,Approved,2025-03-01 06:50:19,Robert Dawson
CASE-0336,Completed,2025-03-01 12:01:29,Robert Dawson
CASE-0337,Submitted,2025-02-24 14:08:00,Priya Sharma
CASE-0337,Reviewed,2025-02-24 16:39:17,Rachel Goldman
CASE-0337,Approved,2025-02-26 01:19:04,Robert Dawson
CASE-0337,Completed,2025-02-26 03:36:01,Linda Park
CASE-0338,Submitted,2025-03-05 12:43:00,Priya Sharma
CASE-0338,Reviewed,2025-03-05 16:43:32,Marcus Chen
CASE-0338,Approved,2025-03-06 22:24:45,Linda Park
CASE-0338,Completed,2025-03-07 02:57:31,Linda Park
CASE-0339,Submitted,2025-03-11 10:50:00,Kevin Nguyen
CASE-0339,Reviewed,2025-03-11 16:17:58,Aisha Patel
CASE-0339,Approved,2025-03-13 00:09:23,Linda Park
CASE-0339,Completed,2025-03-13 02:25:18,Linda Park
CASE-0340,Submitted,2025-03-05 12:37:00,Kevin Nguyen
CASE-0340,Reviewed,2025-03-05 18:21:20,Aisha Patel
CASE-0340,Sent Back for Correction,2025-03-05 21:11:39,Rachel Goldman
CASE-0340,Reviewed,2025-03-06 02:46:12,Marcus Chen
CASE-0340,Approved,2025-03-06 23:06:06,Robert Dawson
CASE-0340,Completed,2025-03-07 02:18:49,Diana Vasquez
CASE-0341,Submitted,2025-03-11 12:01:00,Kevin Nguyen
CASE-0341,Reviewed,2025-03-11 18:14:50,Rachel Goldman
CASE-0341,Approved,2025-03-12 14:11:00,Linda Park
CASE-0341,Completed,2025-03-12 16:51:06,Linda Park
CASE-0342,Submitted,2025-03-03 09:39:00,Priya Sharma
CASE-0342,Reviewed,2025-03-03 13:18:18,Rachel Goldman
CASE-0342,Approved,2025-03-04 22:15:40,Robert Dawson
CASE-0342,Completed,2025-03-05 02:55:54,Robert Dawson
CASE-0343,Submitted,2025-03-06 11:40:00,Sarah Mitchell
CASE-0343,Reviewed,2025-03-06 17:48:41,Rachel Goldman
CASE-0343,Approved,2025-03-07 19:25:26,Diana Vasquez
CASE-0343,Completed,2025-03-07 22:37:34,Robert Dawson
CASE-0344,Submitted,2025-03-10 13:38:00,Kevin Nguyen
CASE-0344,Reviewed,2025-03-10 18:21:50,Marcus Chen
CASE-0344,Approved,2025-03-12 08:54:33,Diana Vasquez
CASE-0344,Completed,2025-03-12 13:54:12,Robert Dawson
CASE-0345,Submitted,2025-03-03 16:46:00,Sarah Mitchell
CASE-0345,Reviewed,2025-03-03 19:44:17,Rachel Goldman
CASE-0345,Approved,2025-03-05 10:42:19,Linda Park
CASE-0345,Completed,2025-03-05 15:10:52,Robert Dawson
CASE-0346,Submitted,2025-03-14 18:07:00,Sarah Mitchell
CASE-0346,Reviewed,2025-03-14 23:33:16,Tom Henderson
CASE-0346,Approved,2025-03-17 13:20:10,Linda Park
CASE-0346,Completed,2025-03-17 15:46:04,Robert Dawson
CASE-0347,Submitted,2025-03-10 08:19:00,Sarah Mitchell
CASE-0347,Reviewed,2025-03-10 14:29:57,Rachel Goldman
CASE-0347,Approved,2025-03-11 18:17:09,Linda Park
CASE-0347,Completed,2025-03-11 22:39:12,Linda Park
CASE-0348,Submitted,2025-03-03 15:11:00,Sarah Mitchell
CASE-0348,Reviewed,2025-03-03 20:46:25,Tom Henderson
CASE-0348,Approved,2025-03-05 09:32:53,Linda Park
CASE-0348,Completed,2025-03-05 13:21:40,Christopher Hall
CASE-0349,Submitted,2025-02-27 09:25:00,Kevin Nguyen
CASE-0349,Reviewed,2025-02-27 14:01:46,Tom Henderson
CASE-0349,Approved,2025-02-28 21:56:44,Robert Dawson
CASE-0349,Completed,2025-03-01 02:14:13,Robert Dawson
CASE-0350,Submitted,2025-03-03 10:57:00,Kevin Nguyen
CASE-0350,Reviewed,2025-03-03 13:09:20,Aisha Patel
CASE-0350,Approved,2025-03-04 20:06:42,Robert Dawson
CASE-0350,Completed,2025-03-04 22:10:55,Diana Vasquez
CASE-0351,Submitted,2025-03-03 14:29:00,Sarah Mitchell
CASE-0351,Reviewed,2025-03-03 19:21:39,Aisha Patel
CASE-0351,Approved,2025-03-04 23:22:52,Robert Dawson
CASE-0351,Completed,2025-03-05 03:33:28,Linda Park
CASE-0352,Submitted,2025-02-24 15:37:00,Priya Sharma
CASE-0352,Reviewed,2025-02-24 21:02:12,Marcus Chen
CASE-0352,Sent Back for Correction,2025-02-24 23:48:05,Aisha Patel
CASE-0352,Reviewed,2025-02-25 04:08:18,Marcus Chen
CASE-0352,Approved,2025-02-26 05:08:19,Robert Dawson
CASE-0352,Completed,2025-02-26 09:24:37,Robert Dawson
CASE-0353,Submitted,2025-02-25 14:00:00,James Ortega
CASE-0353,Reviewed,2025-02-25 16:41:50,Tom Henderson
CASE-0353,Sent Back for Correction,2025-02-25 20:03:36,Rachel Goldman
CASE-0353,Reviewed,2025-02-26 00:13:47,Aisha Patel
CASE-0353,Approved,2025-02-27 17:46:12,Robert Dawson
CASE-0353,Completed,2025-02-27 22:09:31,Linda Park
CASE-0354,Submitted,2025-03-03 10:13:00,Kevin Nguyen
CASE-0354,Reviewed,2025-03-03 14:06:03,Rachel Goldman
CASE-0354,Approved,2025-03-05 01:35:19,Robert Dawson
CASE-0354,Completed,2025-03-05 06:48:14,Diana Vasquez
CASE-0355,Submitted,2025-03-17 08:46:00,Priya Sharma
CASE-0355,Reviewed,2025-03-17 14:09:37,Rachel Goldman
CASE-0355,Approved,2025-03-18 20:27:29,Robert Dawson
CASE-0355,Completed,2025-03-19 00:52:23,Linda Park
CASE-0356,Submitted,2025-03-13 16:03:00,Priya Sharma
CASE-0356,Reviewed,2025-03-13 18:41:53,Marcus Chen
CASE-0356,Approved,2025-03-15 04:01:45,Diana Vasquez
CASE-0356,Completed,2025-03-15 09:00:36,Diana Vasquez
CASE-0357,Submitted,2025-03-24 11:20:00,Sarah Mitchell
CASE-0357,Reviewed,2025-03-24 17:14:16,Rachel Goldman
CASE-0357,Approved,2025-03-25 22:45:54,Diana Vasquez
CASE-0357,Completed,2025-03-26 02:51:30,Diana Vasquez
CASE-0358,Submitted,2025-03-17 11:17:00,Kevin Nguyen
CASE-0358,Reviewed,2025-03-17 15:26:47,Marcus Chen
CASE-0358,Approved,2025-03-18 09:53:57,Linda Park
CASE-0358,Completed,2025-03-18 14:46:15,Diana Vasquez
CASE-0359,Submitted,2025-03-07 08:04:00,Priya Sharma
CASE-0359,Reviewed,2025-03-07 14:02:28,Marcus Chen
CASE-0359,Approved,2025-03-09 21:50:01,Diana Vasquez
CASE-0359,Completed,2025-03-10 00:59:49,Robert Dawson
CASE-0360,Submitted,2025-03-07 08:29:00,James Ortega
CASE-0360,Reviewed,2025-03-07 12:00:46,Rachel Goldman
CASE-0360,Sent Back for Correction,2025-03-07 13:55:01,Rachel Goldman
CASE-0360,Reviewed,2025-03-07 17:30:17,Marcus Chen
CASE-0360,Approved,2025-03-10 06:50:55,Diana Vasquez
CASE-0360,Completed,2025-03-10 11:52:03,Linda Park
CASE-0361,Submitted,2025-03-03 09:22:00,James Ortega
CASE-0361,Reviewed,2025-03-03 12:13:25,Rachel Goldman
CASE-0361,Approved,2025-03-04 06:41:33,Robert Dawson
CASE-0361,Completed,2025-03-04 09:03:54,Diana Vasquez
CASE-0362,Submitted,2025-03-07 08:41:00,Sarah Mitchell
CASE-0362,Reviewed,2025-03-07 13:43:28,Rachel Goldman
CASE-0362,Approved,2025-03-08 20:39:23,Linda Park
CASE-0362,Completed,2025-03-09 01:23:17,Robert Dawson
CASE-0363,Submitted,2025-03-03 10:36:00,Sarah Mitchell
CASE-0363,Reviewed,2025-03-03 16:18:33,Marcus Chen
CASE-0363,Sent Back for Correction,2025-03-03 17:23:45,Marcus Chen
CASE-0363,Reviewed,2025-03-03 19:36:40,Marcus Chen
CASE-0363,Approved,2025-03-05 04:41:15,Robert Dawson
CASE-0363,Completed,2025-03-05 07:40:45,Robert Dawson
CASE-0364,Submitted,2025-03-11 07:33:00,Priya Sharma
CASE-0364,Reviewed,2025-03-11 12:29:16,Rachel Goldman
CASE-0364,Approved,2025-03-13 01:45:09,Robert Dawson
CASE-0364,Completed,2025-03-13 06:16:13,Linda Park
CASE-0365,Submitted,2025-03-03 10:37:00,James Ortega
CASE-0365,Reviewed,2025-03-03 13:59:20,Rachel Goldman
CASE-0365,Approved,2025-03-04 12:36:55,Linda Park
CASE-0365,Completed,2025-03-04 17:22:24,Linda Park
CASE-0366,Submitted,2025-03-07 10:42:00,Priya Sharma
CASE-0366,Reviewed,2025-03-07 13:47:03,Rachel Goldman
CASE-0366,Approved,2025-03-08 22:53:48,Robert Dawson
CASE-0366,Completed,2025-03-09 00:24:03,Linda Park
CASE-0367,Submitted,2025-03-04 11:07:00,Kevin Nguyen
CASE-0367,Reviewed,2025-03-04 13:04:19,Marcus Chen
CASE-0367,Approved,2025-03-05 11:55:29,Linda Park
CASE-0367,Completed,2025-03-05 14:52:35,Robert Dawson
CASE-0368,Submitted,2025-02-27 09:04:00,James Ortega
CASE-0368,Reviewed,2025-02-27 13:54:14,Marcus Chen
CASE-0368,Approved,2025-03-01 06:50:00,Robert Dawson
CASE-0368,Completed,2025-03-01 09:36:25,Christopher Hall
CASE-0369,Submitted,2025-03-17 11:42:00,James Ortega
CASE-0369,Reviewed,2025-03-17 16:56:35,Tom Henderson
CASE-0369,Approved,2025-03-19 00:41:37,Christopher Hall
CASE-0369,Completed,2025-03-19 05:24:31,Robert Dawson
CASE-0370,Submitted,2025-02-27 11:28:00,Sarah Mitchell
CASE-0370,Reviewed,2025-02-27 16:39:49,Tom Henderson
CASE-0370,Sent Back for Correction,2025-02-27 19:21:46,Marcus Chen
CASE-0370,Reviewed,2025-02-27 23:57:55,Rachel Goldman
CASE-0370,Approved,2025-03-01 05:27:48,Robert Dawson
CASE-0370,Completed,2025-03-01 08:03:08,Robert Dawson
CASE-0371,Submitted,2025-03-06 15:14:00,Priya Sharma
CASE-0371,Reviewed,2025-03-06 20:59:22,Marcus Chen
CASE-0371,Approved,2025-03-08 12:21:23,Linda Park
CASE-0371,Completed,2025-03-08 17:00:30,Robert Dawson
CASE-0372,Submitted,2025-03-03 13:14:00,James Ortega
CASE-0372,Reviewed,2025-03-03 17:31:21,Tom Henderson
CASE-0372,Approved,2025-03-05 01:08:29,Robert Dawson
CASE-0372,Completed,2025-03-05 03:20:51,Diana Vasquez
CASE-0373,Submitted,2025-03-13 12:56:00,James Ortega
CASE-0373,Reviewed,2025-03-13 15:45:28,Rachel Goldman
CASE-0373,Approved,2025-03-15 09:45:40,Robert Dawson
CASE-0373,Completed,2025-03-15 11:47:53,Diana Vasquez
CASE-0374,Submitted,2025-03-03 18:59:00,Kevin Nguyen
CASE-0374,Reviewed,2025-03-03 20:30:04,Aisha Patel
CASE-0374,Approved,2025-03-04 23:14:41,Diana Vasquez
CASE-0374,Completed,2025-03-05 02:22:31,Linda Park
CASE-0375,Submitted,2025-03-13 11:23:00,Priya Sharma
CASE-0375,Reviewed,2025-03-13 13:02:17,Rachel Goldman
CASE-0375,Approved,2025-03-15 01:16:55,Linda Park
CASE-0375,Completed,2025-03-15 05:56:02,Robert Dawson
CASE-0376,Submitted,2025-03-11 11:59:00,Priya Sharma
CASE-0376,Reviewed,2025-03-11 17:21:31,Aisha Patel
CASE-0376,Approved,2025-03-13 02:39:39,Robert Dawson
CASE-0376,Completed,2025-03-13 05:57:43,Diana Vasquez
CASE-0377,Submitted,2025-03-04 12:24:00,Kevin Nguyen
CASE-0377,Reviewed,2025-03-04 15:59:26,Aisha Patel
CASE-0377,Sent Back for Correction,2025-03-04 18:33:43,Marcus Chen
CASE-0377,Reviewed,2025-03-04 23:43:02,Rachel Goldman
CASE-0377,Approved,2025-03-06 16:57:11,Diana Vasquez
CASE-0377,Completed,2025-03-06 19:01:09,Robert Dawson
CASE-0378,Submitted,2025-03-10 12:11:00,Kevin Nguyen
CASE-0378,Reviewed,2025-03-10 16:58:09,Tom Henderson
CASE-0378,Approved,2025-03-12 06:26:30,Christopher Hall
CASE-0378,Completed,2025-03-12 10:22:08,Robert Dawson
CASE-0379,Submitted,2025-03-10 13:54:00,Sarah Mitchell
CASE-0379,Reviewed,2025-03-10 15:50:19,Rachel Goldman
CASE-0379,Approved,2025-03-11 16:49:40,Linda Park
CASE-0379,Completed,2025-03-11 18:39:41,Robert Dawson
CASE-0380,Submitted,2025-03-17 17:01:00,James Ortega
CASE-0380,Reviewed,2025-03-17 21:46:34,Marcus Chen
CASE-0380,Approved,2025-03-19 13:08:51,Linda Park
CASE-0380,Completed,2025-03-19 15:18:49,Robert Dawson
CASE-0381,Submitted,2025-03-10 11:40:00,Priya Sharma
CASE-0381,Reviewed,2025-03-10 14:23:15,Rachel Goldman
CASE-0381,Sent Back for Correction,2025-03-10 15:56:39,Tom Henderson
CASE-0381,Reviewed,2025-03-10 21:59:11,Rachel Goldman
CASE-0381,Approved,2025-03-12 12:06:23,Linda Park
CASE-0381,Completed,2025-03-12 14:27:16,Robert Dawson
CASE-0382,Submitted,2025-03-03 09:49:00,Kevin Nguyen
CASE-0382,Reviewed,2025-03-03 11:52:45,Marcus Chen
CASE-0382,Approved,2025-03-04 08:45:36,Christopher Hall
CASE-0382,Completed,2025-03-04 11:34:00,Linda Park
CASE-0383,Submitted,2025-03-24 15:02:00,James Ortega
CASE-0383,Reviewed,2025-03-24 17:23:51,Tom Henderson
CASE-0383,Approved,2025-03-26 11:15:06,Robert Dawson
CASE-0383,Completed,2025-03-26 13:49:39,Christopher Hall
CASE-0384,Submitted,2025-03-10 09:58:00,Kevin Nguyen
CASE-0384,Reviewed,2025-03-10 13:34:42,Tom Henderson
CASE-0384,Approved,2025-03-11 08:19:06,Robert Dawson
CASE-0384,Completed,2025-03-11 09:53:14,Linda Park
CASE-0385,Submitted,2025-03-10 10:04:00,James Ortega
CASE-0385,Reviewed,2025-03-10 11:55:52,Aisha Patel
CASE-0385,Sent Back for Correction,2025-03-10 16:08:51,Tom Henderson
CASE-0385,Reviewed,2025-03-10 18:45:04,Rachel Goldman
CASE-0385,Approved,2025-03-11 14:34:40,Robert Dawson
CASE-0385,Completed,2025-03-11 17:41:54,Christopher Hall
CASE-0386,Submitted,2025-03-13 14:27:00,James Ortega
CASE-0386,Reviewed,2025-03-13 16:31:45,Rachel Goldman
CASE-0386,Approved,2025-03-14 17:37:41,Linda Park
CASE-0386,Completed,2025-03-14 22:21:58,Diana Vasquez
CASE-0387,Submitted,2025-03-10 16:50:00,Priya Sharma
CASE-0387,Reviewed,2025-03-10 18:45:48,Rachel Goldman
CASE-0387,Approved,2025-03-12 06:54:45,Robert Dawson
CASE-0387,Completed,2025-03-12 11:15:08,Linda Park
CASE-0388,Submitted,2025-03-06 16:32:00,Sarah Mitchell
CASE-0388,Reviewed,2025-03-06 19:36:59,Tom Henderson
CASE-0388,Approved,2025-03-08 11:34:38,Linda Park
CASE-0388,Completed,2025-03-08 13:54:19,Linda Park
CASE-0389,Submitted,2025-03-05 12:39:00,Priya Sharma
CASE-0389,Reviewed,2025-03-05 17:55:49,Rachel Goldman
CASE-0389,Approved,2025-03-07 08:53:37,Diana Vasquez
CASE-0389,Completed,2025-03-07 11:08:45,Linda Park
CASE-0390,Submitted,2025-03-18 11:30:00,Priya Sharma
CASE-0390,Reviewed,2025-03-18 16:15:31,Aisha Patel
CASE-0390,Approved,2025-03-19 13:19:15,Diana Vasquez
CASE-0390,Completed,2025-03-19 17:58:43,Linda Park
CASE-0391,Submitted,2025-03-05 17:43:00,James Ortega
CASE-0391,Reviewed,2025-03-05 22:29:50,Rachel Goldman
CASE-0391,Approved,2025-03-07 03:23:05,Christopher Hall
CASE-0391,Completed,2025-03-07 08:15:54,Diana Vasquez
CASE-0392,Submitted,2025-03-10 11:30:00,Priya Sharma
CASE-0392,Reviewed,2025-03-10 14:18:47,Rachel Goldman
CASE-0392,Sent Back for Correction,2025-03-10 18:33:28,Rachel Goldman
CASE-0392,Reviewed,2025-03-11 00:02:44,Aisha Patel
CASE-0392,Approved,2025-03-12 12:27:48,Diana Vasquez
CASE-0392,Completed,2025-03-12 14:25:51,Robert Dawson
CASE-0393,Submitted,2025-03-03 10:17:00,Priya Sharma
CASE-0393,Reviewed,2025-03-03 13:12:03,Marcus Chen
CASE-0393,Sent Back for Correction,2025-03-03 17:07:16,Rachel Goldman
CASE-0393,Reviewed,2025-03-03 19:30:43,Marcus Chen
CASE-0393,Approved,2025-03-05 00:30:31,Robert Dawson
CASE-0393,Completed,2025-03-05 03:49:26,Linda Park
CASE-0394,Submitted,2025-03-10 12:16:00,Sarah Mitchell
CASE-0394,Reviewed,2025-03-10 16:45:32,Rachel Goldman
CASE-0394,Approved,2025-03-11 13:27:18,Robert Dawson
CASE-0394,Completed,2025-03-11 17:27:21,Robert Dawson
CASE-0395,Submitted,2025-03-13 08:59:00,James Ortega
CASE-0395,Reviewed,2025-03-13 12:29:09,Aisha Patel
CASE-0395,Approved,2025-03-14 10:48:44,Robert Dawson
CASE-0395,Completed,2025-03-14 15:01:53,Linda Park
CASE-0396,Submitted,2025-03-11 10:34:00,James Ortega
CASE-0396,Reviewed,2025-03-11 15:04:46,Aisha Patel
CASE-0396,Approved,2025-03-12 12:46:24,Christopher Hall
CASE-0396,Completed,2025-03-12 14:22:07,Christopher Hall
CASE-0397,Submitted,2025-03-06 08:51:00,Sarah Mitchell
CASE-0397,Reviewed,2025-03-06 13:00:38,Marcus Chen
CASE-0397,Approved,2025-03-07 16:10:37,Robert Dawson
CASE-0397,Completed,2025-03-07 17:57:39,Linda Park
CASE-0398,Submitted,2025-03-10 11:16:00,Kevin Nguyen
CASE-0398,Reviewed,2025-03-10 15:25:01,Rachel Goldman
CASE-0398,Approved,2025-03-11 12:04:14,Robert Dawson
CASE-0398,Completed,2025-03-11 14:18:33,Linda Park
CASE-0399,Submitted,2025-03-10 15:40:00,Priya Sharma
CASE-0399,Reviewed,2025-03-10 18:56:05,Rachel Goldman
CASE-0399,Approved,2025-03-11 20:13:36,Linda Park
CASE-0399,Completed,2025-03-11 23:21:59,Robert Dawson
CASE-0400,Submitted,2025-03-05 12:30:00,Kevin Nguyen
CASE-0400,Reviewed,2025-03-05 14:49:25,Marcus Chen
CASE-0400,Approved,2025-03-06 13:38:50,Diana Vasquez
CASE-0400,Completed,2025-03-06 16:45:15,Linda Park
CASE-0401,Submitted,2025-03-17 12:40:00,Priya Sharma
CASE-0401,Reviewed,2025-03-17 14:42:44,Tom Henderson
CASE-0401,Approved,2025-03-19 08:53:52,Linda Park
CASE-0401,Completed,2025-03-19 11:33:40,Christopher Hall
CASE-0402,Submitted,2025-03-20 12:02:00,James Ortega
CASE-0402,Reviewed,2025-03-20 17:09:20,Marcus Chen
CASE-0402,Approved,2025-03-22 00:30:40,Robert Dawson
CASE-0402,Completed,2025-03-22 02:43:44,Robert Dawson
CASE-0403,Submitted,2025-03-10 10:12:00,Kevin Nguyen
CASE-0403,Reviewed,2025-03-10 16:04:54,Rachel Goldman
CASE-0403,Approved,2025-03-11 17:56:03,Diana Vasquez
CASE-0403,Completed,2025-03-11 19:24:52,Diana Vasquez
CASE-0404,Submitted,2025-03-17 10:53:00,Kevin Nguyen
CASE-0404,Reviewed,2025-03-17 16:33:55,Rachel Goldman
CASE-0404,Approved,2025-03-19 05:24:31,Robert Dawson
CASE-0404,Completed,2025-03-19 08:53:39,Linda Park
CASE-0405,Submitted,2025-03-04 10:54:00,Kevin Nguyen
CASE-0405,Reviewed,2025-03-04 14:54:28,Tom Henderson
CASE-0405,Approved,2025-03-06 07:22:28,Diana Vasquez
CASE-0405,Completed,2025-03-06 11:06:29,Linda Park
CASE-0406,Submitted,2025-03-18 09:57:00,Sarah Mitchell
CASE-0406,Reviewed,2025-03-18 14:57:44,Rachel Goldman
CASE-0406,Approved,2025-03-19 21:01:03,Christopher Hall
CASE-0406,Completed,2025-03-19 23:59:01,Linda Park
CASE-0407,Submitted,2025-03-10 14:08:00,James Ortega
CASE-0407,Reviewed,2025-03-10 17:45:32,Marcus Chen
CASE-0407,Approved,2025-03-12 06:10:46,Christopher Hall
CASE-0407,Completed,2025-03-12 09:17:51,Linda Park
CASE-0408,Submitted,2025-03-10 13:44:00,Sarah Mitchell
CASE-0408,Reviewed,2025-03-10 18:53:32,Marcus Chen
CASE-0408,Sent Back for Correction,2025-03-10 22:21:30,Tom Henderson
CASE-0408,Reviewed,2025-03-11 04:12:13,Marcus Chen
CASE-0408,Approved,2025-03-12 02:40:11,Robert Dawson
CASE-0408,Completed,2025-03-12 04:03:52,Robert Dawson
CASE-0409,Submitted,2025-03-10 14:20:00,Sarah Mitchell
CASE-0409,Reviewed,2025-03-10 17:23:48,Rachel Goldman
CASE-0409,Sent Back for Correction,2025-03-10 18:59:10,Marcus Chen
CASE-0409,Reviewed,2025-03-11 00:32:46,Rachel Goldman
CASE-0409,Approved,2025-03-12 06:40:30,Linda Park
CASE-0409,Completed,2025-03-12 11:33:32,Linda Park
CASE-0410,Submitted,2025-03-13 12:32:00,Priya Sharma
CASE-0410,Reviewed,2025-03-13 15:27:53,Rachel Goldman
CASE-0410,Approved,2025-03-15 05:57:00,Robert Dawson
CASE-0410,Completed,2025-03-15 10:22:49,Linda Park
CASE-0411,Submitted,2025-03-17 12:26:00,James Ortega
CASE-0411,Reviewed,2025-03-17 17:29:06,Marcus Chen
CASE-0411,Sent Back for Correction,2025-03-17 20:03:05,Rachel Goldman
CASE-0411,Reviewed,2025-03-18 01:22:24,Marcus Chen
CASE-0411,Approved,2025-03-19 07:28:48,Diana Vasquez
CASE-0411,Completed,2025-03-19 11:12:03,Diana Vasquez
CASE-0412,Submitted,2025-03-13 09:50:00,Priya Sharma
CASE-0412,Reviewed,2025-03-13 13:25:17,Marcus Chen
CASE-0412,Approved,2025-03-14 19:51:00,Robert Dawson
CASE-0412,Completed,2025-03-14 21:51:02,Robert Dawson
CASE-0413,Submitted,2025-03-14 17:10:00,James Ortega
CASE-0413,Reviewed,2025-03-14 21:18:52,Rachel Goldman
CASE-0413,Approved,2025-03-17 03:41:35,Diana Vasquez
CASE-0413,Completed,2025-03-17 07:33:47,Linda Park
CASE-0414,Submitted,2025-03-10 09:45:00,Kevin Nguyen
CASE-0414,Reviewed,2025-03-10 14:39:54,Marcus Chen
CASE-0414,Approved,2025-03-12 02:06:24,Diana Vasquez
CASE-0414,Completed,2025-03-12 03:35:38,Diana Vasquez
CASE-0415,Submitted,2025-03-17 09:52:00,Sarah Mitchell
CASE-0415,Reviewed,2025-03-17 14:09:49,Aisha Patel
CASE-0415,Approved,2025-03-19 00:37:52,Linda Park
CASE-0415,Completed,2025-03-19 04:14:28,Diana Vasquez
CASE-0416,Submitted,2025-03-13 14:04:00,Sarah Mitchell
CASE-0416,Reviewed,2025-03-13 16:19:38,Aisha Patel
CASE-0416,Approved,2025-03-14 22:20:29,Diana Vasquez
CASE-0416,Completed,2025-03-14 23:45:54,Robert Dawson
CASE-0417,Submitted,2025-03-13 14:31:00,Sarah Mitchell
CASE-0417,Reviewed,2025-03-13 17:29:02,Rachel Goldman
CASE-0417,Approved,2025-03-15 06:17:07,Robert Dawson
CASE-0417,Completed,2025-03-15 10:54:51,Linda Park
CASE-0418,Submitted,2025-03-10 13:11:00,James Ortega
CASE-0418,Reviewed,2025-03-10 16:32:30,Rachel Goldman
CASE-0418,Sent Back for Correction,2025-03-10 18:48:25,Marcus Chen
CASE-0418,Reviewed,2025-03-10 22:29:29,Rachel Goldman
CASE-0418,Approved,2025-03-12 13:34:51,Linda Park
CASE-0418,Completed,2025-03-12 17:23:09,Linda Park
CASE-0419,Submitted,2025-03-17 12:43:00,Priya Sharma
CASE-0419,Reviewed,2025-03-17 18:52:15,Aisha Patel
CASE-0419,Approved,2025-03-19 01:07:37,Linda Park
CASE-0419,Completed,2025-03-19 03:31:29,Diana Vasquez
CASE-0420,Submitted,2025-03-31 16:31:00,Kevin Nguyen
CASE-0420,Reviewed,2025-03-31 21:10:11,Marcus Chen
CASE-0420,Approved,2025-04-01 23:34:01,Diana Vasquez
CASE-0420,Completed,2025-04-02 02:52:37,Robert Dawson
CASE-0421,Submitted,2025-03-07 14:03:00,James Ortega
CASE-0421,Reviewed,2025-03-07 16:34:18,Tom Henderson
CASE-0421,Approved,2025-03-10 03:21:39,Diana Vasquez
CASE-0421,Completed,2025-03-10 06:17:33,Robert Dawson
CASE-0422,Submitted,2025-03-24 13:08:00,James Ortega
CASE-0422,Reviewed,2025-03-24 19:03:53,Marcus Chen
CASE-0422,Sent Back for Correction,2025-03-24 23:14:18,Aisha Patel
CASE-0422,Reviewed,2025-03-25 05:30:48,Aisha Patel
CASE-0422,Approved,2025-03-26 20:54:06,Diana Vasquez
CASE-0422,Completed,2025-03-27 01:09:40,Linda Park
CASE-0423,Submitted,2025-03-18 13:28:00,Sarah Mitchell
CASE-0423,Reviewed,2025-03-18 19:27:41,Rachel Goldman
CASE-0423,Approved,2025-03-20 13:03:11,Robert Dawson
CASE-0423,Completed,2025-03-20 14:26:17,Robert Dawson
CASE-0424,Submitted,2025-03-11 07:00:00,Sarah Mitchell
CASE-0424,Reviewed,2025-03-11 11:59:20,Aisha Patel
CASE-0424,Approved,2025-03-13 02:54:22,Christopher Hall
CASE-0424,Completed,2025-03-13 06:57:31,Christopher Hall
CASE-0425,Submitted,2025-03-14 09:20:00,Sarah Mitchell
CASE-0425,Reviewed,2025-03-14 13:44:54,Rachel Goldman
CASE-0425,Approved,2025-03-15 22:13:21,Diana Vasquez
CASE-0425,Completed,2025-03-16 02:47:22,Linda Park
CASE-0426,Submitted,2025-03-14 10:16:00,Kevin Nguyen
CASE-0426,Reviewed,2025-03-14 15:11:44,Rachel Goldman
CASE-0426,Approved,2025-03-16 23:21:05,Linda Park
CASE-0426,Completed,2025-03-17 03:51:22,Linda Park
CASE-0427,Submitted,2025-03-17 16:40:00,Sarah Mitchell
CASE-0427,Reviewed,2025-03-17 22:36:40,Rachel Goldman
CASE-0427,Approved,2025-03-19 12:29:25,Robert Dawson
CASE-0427,Completed,2025-03-19 14:31:22,Robert Dawson
CASE-0428,Submitted,2025-03-25 09:53:00,Kevin Nguyen
CASE-0428,Reviewed,2025-03-25 13:36:14,Rachel Goldman
CASE-0428,Approved,2025-03-26 20:46:36,Linda Park
CASE-0428,Completed,2025-03-26 23:11:13,Diana Vasquez
CASE-0429,Submitted,2025-03-19 10:00:00,Sarah Mitchell
CASE-0429,Reviewed,2025-03-19 14:09:05,Rachel Goldman
CASE-0429,Approved,2025-03-20 14:40:21,Linda Park
CASE-0429,Completed,2025-03-20 16:23:42,Linda Park
CASE-0430,Submitted,2025-03-27 11:46:00,Kevin Nguyen
CASE-0430,Reviewed,2025-03-27 15:37:33,Marcus Chen
CASE-0430,Approved,2025-03-28 23:47:55,Linda Park
CASE-0430,Completed,2025-03-29 02:52:33,Robert Dawson
CASE-0431,Submitted,2025-03-13 15:02:00,James Ortega
CASE-0431,Reviewed,2025-03-13 18:44:07,Rachel Goldman
CASE-0431,Approved,2025-03-14 21:12:28,Robert Dawson
CASE-0431,Completed,2025-03-14 22:43:55,Robert Dawson
CASE-0432,Submitted,2025-03-24 10:12:00,Priya Sharma
CASE-0432,Reviewed,2025-03-24 12:26:19,Rachel Goldman
CASE-0432,Approved,2025-03-25 14:14:11,Linda Park
CASE-0432,Completed,2025-03-25 17:32:11,Diana Vasquez
CASE-0433,Submitted,2025-03-20 12:38:00,Priya Sharma
CASE-0433,Reviewed,2025-03-20 15:20:23,Marcus Chen
CASE-0433,Approved,2025-03-21 14:19:05,Robert Dawson
CASE-0433,Completed,2025-03-21 18:26:04,Christopher Hall
CASE-0434,Submitted,2025-03-21 12:49:00,James Ortega
CASE-0434,Reviewed,2025-03-21 18:08:43,Marcus Chen
CASE-0434,Approved,2025-03-23 19:25:44,Christopher Hall
CASE-0434,Completed,2025-03-24 00:02:07,Robert Dawson
CASE-0435,Submitted,2025-03-18 10:30:00,Priya Sharma
CASE-0435,Reviewed,2025-03-18 13:12:34,Rachel Goldman
CASE-0435,Approved,2025-03-20 01:56:20,Robert Dawson
CASE-0435,Completed,2025-03-20 04:42:40,Robert Dawson
CASE-0436,Submitted,2025-03-14 15:00:00,Kevin Nguyen
CASE-0436,Reviewed,2025-03-14 16:56:24,Rachel Goldman
CASE-0436,Approved,2025-03-17 06:36:52,Linda Park
CASE-0436,Completed,2025-03-17 10:43:38,Diana Vasquez
CASE-0437,Submitted,2025-03-21 09:57:00,Kevin Nguyen
CASE-0437,Reviewed,2025-03-21 15:44:08,Marcus Chen
CASE-0437,Approved,2025-03-24 06:11:48,Diana Vasquez
CASE-0437,Completed,2025-03-24 08:09:18,Robert Dawson
CASE-0438,Submitted,2025-03-17 18:28:00,Priya Sharma
CASE-0438,Reviewed,2025-03-17 21:56:41,Tom Henderson
CASE-0438,Approved,2025-03-19 11:54:32,Diana Vasquez
CASE-0438,Completed,2025-03-19 13:18:52,Diana Vasquez
CASE-0439,Submitted,2025-03-17 15:56:00,James Ortega
CASE-0439,Reviewed,2025-03-17 18:04:15,Rachel Goldman
CASE-0439,Approved,2025-03-18 23:33:59,Linda Park
CASE-0439,Completed,2025-03-19 02:31:29,Linda Park
CASE-0440,Submitted,2025-03-17 12:31:00,Kevin Nguyen
CASE-0440,Reviewed,2025-03-17 15:59:10,Marcus Chen
CASE-0440,Approved,2025-03-18 11:37:32,Linda Park
CASE-0440,Completed,2025-03-18 15:21:49,Diana Vasquez
CASE-0441,Submitted,2025-03-24 11:08:00,Kevin Nguyen
CASE-0441,Reviewed,2025-03-24 15:27:50,Rachel Goldman
CASE-0441,Approved,2025-03-25 16:14:44,Robert Dawson
CASE-0441,Completed,2025-03-25 19:37:29,Diana Vasquez
CASE-0442,Submitted,2025-03-12 10:08:00,Kevin Nguyen
CASE-0442,Reviewed,2025-03-12 14:18:38,Marcus Chen
CASE-0442,Sent Back for Correction,2025-03-12 17:06:17,Rachel Goldman
CASE-0442,Reviewed,2025-03-12 20:43:47,Marcus Chen
CASE-0442,Approved,2025-03-14 12:03:13,Linda Park
CASE-0442,Completed,2025-03-14 16:07:41,Robert Dawson
CASE-0443,Submitted,2025-03-20 12:15:00,Priya Sharma
CASE-0443,Reviewed,2025-03-20 14:49:36,Tom Henderson
CASE-0443,Approved,2025-03-21 21:18:57,Robert Dawson
CASE-0443,Completed,2025-03-21 23:41:59,Robert Dawson
CASE-0444,Submitted,2025-03-31 12:42:00,Priya Sharma
CASE-0444,Reviewed,2025-03-31 15:34:34,Rachel Goldman
CASE-0444,Approved,2025-04-01 22:35:49,Robert Dawson
CASE-0444,Completed,2025-04-01 23:51:08,Robert Dawson
CASE-0445,Submitted,2025-03-10 13:13:00,Sarah Mitchell
CASE-0445,Reviewed,2025-03-10 18:15:51,Aisha Patel
CASE-0445,Approved,2025-03-11 15:47:17,Robert Dawson
CASE-0445,Completed,2025-03-11 17:52:29,Robert Dawson
CASE-0446,Submitted,2025-03-18 14:16:00,Priya Sharma
CASE-0446,Reviewed,2025-03-18 19:40:49,Rachel Goldman
CASE-0446,Approved,2025-03-20 10:33:45,Linda Park
CASE-0446,Completed,2025-03-20 13:05:57,Robert Dawson
CASE-0447,Submitted,2025-03-19 09:59:00,Kevin Nguyen
CASE-0447,Reviewed,2025-03-19 13:19:08,Rachel Goldman
CASE-0447,Approved,2025-03-21 03:29:44,Robert Dawson
CASE-0447,Completed,2025-03-21 08:28:24,Diana Vasquez
CASE-0448,Submitted,2025-03-10 17:36:00,Priya Sharma
CASE-0448,Reviewed,2025-03-10 22:10:30,Rachel Goldman
CASE-0448,Approved,2025-03-12 07:45:13,Linda Park
CASE-0448,Completed,2025-03-12 12:24:44,Robert Dawson
CASE-0449,Submitted,2025-03-17 11:38:00,James Ortega
CASE-0449,Reviewed,2025-03-17 16:44:43,Rachel Goldman
CASE-0449,Approved,2025-03-19 07:56:06,Linda Park
CASE-0449,Completed,2025-03-19 09:58:17,Robert Dawson
CASE-0450,Submitted,2025-03-17 12:14:00,James Ortega
CASE-0450,Reviewed,2025-03-17 18:09:59,Rachel Goldman
CASE-0450,Approved,2025-03-19 01:09:03,Diana Vasquez
CASE-0450,Completed,2025-03-19 05:07:55,Linda Park
CASE-0451,Submitted,2025-03-25 18:29:00,James Ortega
CASE-0451,Reviewed,2025-03-25 20:49:02,Rachel Goldman
CASE-0451,Approved,2025-03-27 03:02:54,Robert Dawson
CASE-0451,Completed,2025-03-27 06:57:27,Diana Vasquez
CASE-0452,Submitted,2025-03-20 08:01:00,James Ortega
CASE-0452,Reviewed,2025-03-20 13:27:48,Marcus Chen
CASE-0452,Approved,2025-03-22 07:39:05,Christopher Hall
CASE-0452,Completed,2025-03-22 09:14:38,Robert Dawson
CASE-0453,Submitted,2025-03-17 11:56:00,Kevin Nguyen
CASE-0453,Reviewed,2025-03-17 17:41:16,Tom Henderson
CASE-0453,Approved,2025-03-18 12:13:39,Robert Dawson
CASE-0453,Completed,2025-03-18 17:06:05,Christopher Hall
CASE-0454,Submitted,2025-03-13 12:13:00,Priya Sharma
CASE-0454,Reviewed,2025-03-13 15:23:01,Tom Henderson
CASE-0454,Sent Back for Correction,2025-03-13 16:47:57,Marcus Chen
CASE-0454,Reviewed,2025-03-13 22:48:54,Marcus Chen
CASE-0454,Approved,2025-03-15 01:49:16,Christopher Hall
CASE-0454,Completed,2025-03-15 04:28:28,Linda Park
CASE-0455,Submitted,2025-03-21 09:01:00,James Ortega
CASE-0455,Reviewed,2025-03-21 11:04:59,Rachel Goldman
CASE-0455,Approved,2025-03-22 11:54:55,Linda Park
CASE-0455,Completed,2025-03-22 15:26:06,Robert Dawson
CASE-0456,Submitted,2025-03-25 09:59:00,Kevin Nguyen
CASE-0456,Reviewed,2025-03-25 11:54:43,Marcus Chen
CASE-0456,Approved,2025-03-26 14:19:07,Linda Park
CASE-0456,Completed,2025-03-26 16:17:31,Linda Park
CASE-0457,Submitted,2025-03-27 16:14:00,Priya Sharma
CASE-0457,Reviewed,2025-03-27 18:57:57,Marcus Chen
CASE-0457,Approved,2025-03-28 23:24:03,Christopher Hall
CASE-0457,Completed,2025-03-29 03:37:40,Christopher Hall
CASE-0458,Submitted,2025-03-24 12:52:00,James Ortega
CASE-0458,Reviewed,2025-03-24 16:59:46,Marcus Chen
CASE-0458,Sent Back for Correction,2025-03-24 18:28:27,Rachel Goldman
CASE-0458,Reviewed,2025-03-24 23:27:21,Rachel Goldman
CASE-0458,Approved,2025-03-26 02:18:14,Linda Park
CASE-0458,Completed,2025-03-26 04:21:04,Diana Vasquez
CASE-0459,Submitted,2025-03-31 13:46:00,James Ortega
CASE-0459,Reviewed,2025-03-31 19:08:05,Rachel Goldman
CASE-0459,Approved,2025-04-01 17:32:17,Linda Park
CASE-0459,Completed,2025-04-01 19:02:22,Diana Vasquez
CASE-0460,Submitted,2025-03-18 09:32:00,Priya Sharma
CASE-0460,Reviewed,2025-03-18 11:24:49,Marcus Chen
CASE-0460,Approved,2025-03-19 19:58:47,Linda Park
CASE-0460,Completed,2025-03-20 00:41:07,Robert Dawson
CASE-0461,Submitted,2025-03-17 10:58:00,Priya Sharma
CASE-0461,Reviewed,2025-03-17 14:25:57,Rachel Goldman
CASE-0461,Approved,2025-03-18 17:05:59,Christopher Hall
CASE-0461,Completed,2025-03-18 19:05:51,Robert Dawson
CASE-0462,Submitted,2025-03-24 14:56:00,Kevin Nguyen
CASE-0462,Reviewed,2025-03-24 19:57:40,Rachel Goldman
CASE-0462,Approved,2025-03-26 03:11:43,Robert Dawson
CASE-0462,Completed,2025-03-26 04:21:46,Christopher Hall
CASE-0463,Submitted,2025-03-28 17:15:00,Kevin Nguyen
CASE-0463,Reviewed,2025-03-28 20:03:28,Aisha Patel
CASE-0463,Approved,2025-03-31 11:37:04,Linda Park
CASE-0463,Completed,2025-03-31 14:47:14,Diana Vasquez
CASE-0464,Submitted,2025-03-24 11:04:00,Priya Sharma
CASE-0464,Reviewed,2025-03-24 14:26:44,Aisha Patel
CASE-0464,Approved,2025-03-25 14:38:41,Linda Park
CASE-0464,Completed,2025-03-25 18:16:53,Robert Dawson
CASE-0465,Submitted,2025-03-27 14:42:00,Kevin Nguyen
CASE-0465,Reviewed,2025-03-27 17:15:39,Aisha Patel
CASE-0465,Approved,2025-03-28 22:07:25,Linda Park
CASE-0465,Completed,2025-03-29 02:57:03,Diana Vasquez
CASE-0466,Submitted,2025-03-24 08:20:00,James Ortega
CASE-0466,Reviewed,2025-03-24 10:50:35,Rachel Goldman
CASE-0466,Approved,2025-03-25 21:17:04,Diana Vasquez
CASE-0466,Completed,2025-03-26 02:21:18,Linda Park
CASE-0467,Submitted,2025-03-24 13:05:00,Sarah Mitchell
CASE-0467,Reviewed,2025-03-24 17:41:48,Rachel Goldman
CASE-0467,Approved,2025-03-26 04:55:42,Diana Vasquez
CASE-0467,Completed,2025-03-26 09:21:14,Robert Dawson
CASE-0468,Submitted,2025-03-27 18:11:00,Kevin Nguyen
CASE-0468,Reviewed,2025-03-27 23:03:39,Aisha Patel
CASE-0468,Sent Back for Correction,2025-03-28 00:33:50,Marcus Chen
CASE-0468,Reviewed,2025-03-28 05:14:55,Marcus Chen
CASE-0468,Approved,2025-03-29 11:44:03,Robert Dawson
CASE-0468,Completed,2025-03-29 14:39:03,Diana Vasquez
CASE-0469,Submitted,2025-03-18 16:22:00,Kevin Nguyen
CASE-0469,Reviewed,2025-03-18 19:08:12,Marcus Chen
CASE-0469,Approved,2025-03-20 05:46:33,Diana Vasquez
CASE-0469,Completed,2025-03-20 10:10:17,Robert Dawson
CASE-0470,Submitted,2025-03-31 07:57:00,Priya Sharma
CASE-0470,Reviewed,2025-03-31 11:57:48,Rachel Goldman
CASE-0470,Approved,2025-04-01 07:13:30,Linda Park
CASE-0470,Completed,2025-04-01 09:05:09,Linda Park
CASE-0471,Submitted,2025-03-28 12:51:00,James Ortega
CASE-0471,Reviewed,2025-03-28 17:11:19,Rachel Goldman
CASE-0471,Approved,2025-03-31 04:01:48,Robert Dawson
CASE-0471,Completed,2025-03-31 05:26:36,Linda Park
CASE-0472,Submitted,2025-03-31 10:38:00,Kevin Nguyen
CASE-0472,Reviewed,2025-03-31 15:27:23,Rachel Goldman
CASE-0472,Sent Back for Correction,2025-03-31 17:05:07,Marcus Chen
CASE-0472,Reviewed,2025-03-31 19:34:10,Rachel Goldman
CASE-0472,Approved,2025-04-01 23:53:47,Linda Park
CASE-0472,Completed,2025-04-02 01:46:06,Robert Dawson
CASE-0473,Submitted,2025-04-14 13:40:00,Priya Sharma
CASE-0473,Reviewed,2025-04-14 18:20:50,Rachel Goldman
CASE-0473,Approved,2025-04-15 14:40:36,Linda Park
CASE-0473,Completed,2025-04-15 17:01:35,Robert Dawson
CASE-0474,Submitted,2025-03-17 18:48:00,James Ortega
CASE-0474,Reviewed,2025-03-17 21:22:33,Marcus Chen
CASE-0474,Approved,2025-03-18 18:10:06,Linda Park
CASE-0474,Completed,2025-03-18 22:38:54,Linda Park
CASE-0475,Submitted,2025-03-17 11:15:00,Sarah Mitchell
CASE-0475,Reviewed,2025-03-17 16:49:06,Rachel Goldman
CASE-0475,Approved,2025-03-19 01:36:51,Linda Park
CASE-0475,Completed,2025-03-19 04:09:24,Robert Dawson
CASE-0476,Submitted,2025-03-24 10:30:00,Priya Sharma
CASE-0476,Reviewed,2025-03-24 16:06:38,Marcus Chen
CASE-0476,Approved,2025-03-25 16:59:31,Christopher Hall
CASE-0476,Completed,2025-03-25 18:38:15,Robert Dawson
CASE-0477,Submitted,2025-03-17 17:31:00,Priya Sharma
CASE-0477,Reviewed,2025-03-17 21:38:09,Rachel Goldman
CASE-0477,Approved,2025-03-19 11:37:03,Diana Vasquez
CASE-0477,Completed,2025-03-19 15:35:46,Robert Dawson
CASE-0478,Submitted,2025-03-24 14:31:00,Kevin Nguyen
CASE-0478,Reviewed,2025-03-24 18:00:45,Rachel Goldman
CASE-0478,Approved,2025-03-25 18:40:58,Christopher Hall
CASE-0478,Completed,2025-03-25 22:10:13,Linda Park
CASE-0479,Submitted,2025-03-31 18:12:00,James Ortega
CASE-0479,Reviewed,2025-03-31 20:52:51,Marcus Chen
CASE-0479,Approved,2025-04-01 16:04:19,Linda Park
CASE-0479,Completed,2025-04-01 19:12:15,Robert Dawson
CASE-0480,Submitted,2025-03-17 09:11:00,Priya Sharma
CASE-0480,Reviewed,2025-03-17 12:26:46,Tom Henderson
CASE-0480,Approved,2025-03-18 06:37:00,Christopher Hall
CASE-0480,Completed,2025-03-18 09:18:41,Diana Vasquez
CASE-0481,Submitted,2025-04-02 14:31:00,James Ortega
CASE-0481,Reviewed,2025-04-02 16:26:07,Rachel Goldman
CASE-0481,Approved,2025-04-04 00:47:21,Diana Vasquez
CASE-0481,Completed,2025-04-04 04:33:33,Diana Vasquez
CASE-0482,Submitted,2025-04-03 10:07:00,Kevin Nguyen
CASE-0482,Reviewed,2025-04-03 15:53:05,Rachel Goldman
CASE-0482,Approved,2025-04-05 02:28:37,Linda Park
CASE-0482,Completed,2025-04-05 07:21:43,Christopher Hall
CASE-0483,Submitted,2025-03-24 12:26:00,Sarah Mitchell
CASE-0483,Reviewed,2025-03-24 15:38:37,Rachel Goldman
CASE-0483,Approved,2025-03-25 12:57:52,Linda Park
CASE-0483,Completed,2025-03-25 17:34:39,Linda Park
CASE-0484,Submitted,2025-03-25 09:37:00,Sarah Mitchell
CASE-0484,Reviewed,2025-03-25 15:10:20,Rachel Goldman
CASE-0484,Approved,2025-03-26 21:02:27,Robert Dawson
CASE-0484,Completed,2025-03-27 01:42:48,Linda Park
CASE-0485,Submitted,2025-03-24 12:03:00,Sarah Mitchell
CASE-0485,Reviewed,2025-03-24 15:36:11,Rachel Goldman
CASE-0485,Approved,2025-03-25 19:29:22,Linda Park
CASE-0485,Completed,2025-03-25 22:19:09,Linda Park
CASE-0486,Submitted,2025-03-19 16:31:00,Kevin Nguyen
CASE-0486,Reviewed,2025-03-19 18:50:14,Rachel Goldman
CASE-0486,Approved,2025-03-21 09:06:40,Robert Dawson
CASE-0486,Completed,2025-03-21 13:54:28,Linda Park
CASE-0487,Submitted,2025-03-24 18:56:00,Kevin Nguyen
CASE-0487,Reviewed,2025-03-24 22:45:58,Marcus Chen
CASE-0487,Approved,2025-03-26 16:18:19,Christopher Hall
CASE-0487,Completed,2025-03-26 18:50:31,Robert Dawson
CASE-0488,Submitted,2025-03-24 17:04:00,Priya Sharma
CASE-0488,Reviewed,2025-03-24 22:34:50,Rachel Goldman
CASE-0488,Approved,2025-03-26 00:12:04,Linda Park
CASE-0488,Completed,2025-03-26 02:07:25,Robert Dawson
CASE-0489,Submitted,2025-03-24 10:48:00,Priya Sharma
CASE-0489,Reviewed,2025-03-24 16:08:36,Marcus Chen
CASE-0489,Approved,2025-03-26 09:37:14,Linda Park
CASE-0489,Completed,2025-03-26 12:20:58,Christopher Hall
CASE-0490,Submitted,2025-03-31 18:42:00,James Ortega
CASE-0490,Reviewed,2025-03-31 22:29:45,Rachel Goldman
CASE-0490,Sent Back for Correction,2025-04-01 01:40:40,Aisha Patel
CASE-0490,Reviewed,2025-04-01 06:17:32,Aisha Patel
CASE-0490,Approved,2025-04-02 23:28:40,Linda Park
CASE-0490,Completed,2025-04-03 04:09:35,Robert Dawson
CASE-0491,Submitted,2025-03-24 11:56:00,Kevin Nguyen
CASE-0491,Reviewed,2025-03-24 16:46:09,Marcus Chen
CASE-0491,Approved,2025-03-25 20:47:03,Linda Park
CASE-0491,Completed,2025-03-25 23:55:16,Robert Dawson
CASE-0492,Submitted,2025-03-28 16:16:00,Priya Sharma
CASE-0492,Reviewed,2025-03-28 21:09:38,Rachel Goldman
CASE-0492,Approved,2025-03-31 10:42:04,Linda Park
CASE-0492,Completed,2025-03-31 14:48:34,Diana Vasquez
CASE-0493,Submitted,2025-03-24 13:48:00,Sarah Mitchell
CASE-0493,Reviewed,2025-03-24 18:41:56,Rachel Goldman
CASE-0493,Approved,2025-03-26 02:18:00,Robert Dawson
CASE-0493,Completed,2025-03-26 05:54:15,Robert Dawson
CASE-0494,Submitted,2025-04-02 13:29:00,Priya Sharma
CASE-0494,Reviewed,2025-04-02 16:22:56,Marcus Chen
CASE-0494,Approved,2025-04-04 04:22:58,Linda Park
CASE-0494,Completed,2025-04-04 05:35:36,Linda Park
CASE-0495,Submitted,2025-04-14 08:47:00,Kevin Nguyen
CASE-0495,Reviewed,2025-04-14 12:14:23,Marcus Chen
CASE-0495,Approved,2025-04-16 03:29:00,Christopher Hall
CASE-0495,Completed,2025-04-16 06:14:38,Robert Dawson
CASE-0496,Submitted,2025-04-04 13:13:00,Sarah Mitchell
CASE-0496,Reviewed,2025-04-04 16:49:36,Marcus Chen
CASE-0496,Approved,2025-04-07 01:39:17,Robert Dawson
CASE-0496,Completed,2025-04-07 04:33:58,Christopher Hall
CASE-0497,Submitted,2025-03-26 16:44:00,James Ortega
CASE-0497,Reviewed,2025-03-26 18:37:40,Marcus Chen
CASE-0497,Approved,2025-03-27 18:55:03,Diana Vasquez
CASE-0497,Completed,2025-03-27 20:30:11,Linda Park
CASE-0498,Submitted,2025-03-31 15:04:00,Priya Sharma
CASE-0498,Reviewed,2025-03-31 19:49:08,Marcus Chen
CASE-0498,Approved,2025-04-02 07:51:04,Christopher Hall
CASE-0498,Completed,2025-04-02 11:33:21,Christopher Hall
CASE-0499,Submitted,2025-03-31 15:47:00,Priya Sharma
CASE-0499,Reviewed,2025-03-31 17:49:00,Marcus Chen
CASE-0499,Approved,2025-04-01 15:48:59,Robert Dawson
CASE-0499,Completed,2025-04-01 19:32:13,Robert Dawson
CASE-0500,Submitted,2025-04-01 16:52:00,Sarah Mitchell
CASE-0500,Reviewed,2025-04-01 19:43:24,Tom Henderson
CASE-0500,Approved,2025-04-03 11:24:55,Robert Dawson
CASE-0500,Completed,2025-04-03 12:36:56,Linda Park
CASE-0501,Submitted,2025-03-25 08:26:00,Priya Sharma
CASE-0501,Reviewed,2025-03-25 10:24:19,Rachel Goldman
CASE-0501,Approved,2025-03-26 12:45:43,Diana Vasquez
CASE-0501,Completed,2025-03-26 16:21:27,Linda Park
CASE-0502,Submitted,2025-03-25 16:08:00,Priya Sharma
CASE-0502,Reviewed,2025-03-25 21:25:54,Marcus Chen
CASE-0502,Approved,2025-03-26 17:50:25,Diana Vasquez
CASE-0502,Completed,2025-03-26 22:30:34,Diana Vasquez
CASE-0503,Submitted,2025-04-07 17:43:00,James Ortega
CASE-0503,Reviewed,2025-04-07 19:38:38,Rachel Goldman
CASE-0503,Approved,2025-04-09 08:14:16,Linda Park
CASE-0503,Completed,2025-04-09 11:09:39,Diana Vasquez
CASE-0504,Submitted,2025-04-14 12:49:00,Sarah Mitchell
CASE-0504,Reviewed,2025-04-14 14:49:35,Marcus Chen
CASE-0504,Approved,2025-04-16 00:25:57,Linda Park
CASE-0504,Completed,2025-04-16 04:01:59,Linda Park
CASE-0505,Submitted,2025-03-31 10:48:00,James Ortega
CASE-0505,Reviewed,2025-03-31 14:18:43,Rachel Goldman
CASE-0505,Approved,2025-04-02 02:24:05,Robert Dawson
CASE-0505,Completed,2025-04-02 04:57:29,Robert Dawson
CASE-0506,Submitted,2025-04-10 15:43:00,James Ortega
CASE-0506,Reviewed,2025-04-10 21:03:16,Rachel Goldman
CASE-0506,Approved,2025-04-12 11:06:26,Robert Dawson
CASE-0506,Completed,2025-04-12 13:22:45,Diana Vasquez
CASE-0507,Submitted,2025-04-08 12:30:00,James Ortega
CASE-0507,Reviewed,2025-04-08 16:08:14,Marcus Chen
CASE-0507,Approved,2025-04-10 03:03:21,Linda Park
CASE-0507,Completed,2025-04-10 04:53:55,Robert Dawson
CASE-0508,Submitted,2025-04-07 13:14:00,Sarah Mitchell
CASE-0508,Reviewed,2025-04-07 18:45:17,Tom Henderson
CASE-0508,Approved,2025-04-08 13:59:11,Linda Park
CASE-0508,Completed,2025-04-08 16:54:00,Diana Vasquez
CASE-0509,Submitted,2025-04-07 10:43:00,Sarah Mitchell
CASE-0509,Reviewed,2025-04-07 14:09:30,Marcus Chen
CASE-0509,Approved,2025-04-08 21:49:00,Robert Dawson
CASE-0509,Completed,2025-04-09 00:33:18,Robert Dawson
CASE-0510,Submitted,2025-04-03 14:52:00,James Ortega
CASE-0510,Reviewed,2025-04-03 18:31:07,Rachel Goldman
CASE-0510,Approved,2025-04-04 20:09:58,Robert Dawson
CASE-0510,Completed,2025-04-04 21:41:19,Linda Park
CASE-0511,Submitted,2025-03-31 10:16:00,Priya Sharma
CASE-0511,Reviewed,2025-03-31 15:39:15,Marcus Chen
CASE-0511,Approved,2025-04-02 06:53:01,Linda Park
CASE-0511,Completed,2025-04-02 10:18:02,Robert Dawson
CASE-0512,Submitted,2025-04-09 09:24:00,James Ortega
CASE-0512,Reviewed,2025-04-09 12:40:48,Tom Henderson
CASE-0512,Approved,2025-04-11 01:52:38,Linda Park
CASE-0512,Completed,2025-04-11 06:38:52,Christopher Hall
CASE-0513,Submitted,2025-03-31 15:15:00,Priya Sharma
CASE-0513,Reviewed,2025-03-31 18:43:17,Aisha Patel
CASE-0513,Approved,2025-04-01 18:27:44,Robert Dawson
CASE-0513,Completed,2025-04-01 19:38:36,Linda Park
CASE-0514,Submitted,2025-03-31 18:01:00,Priya Sharma
CASE-0514,Reviewed,2025-03-31 21:12:09,Rachel Goldman
CASE-0514,Approved,2025-04-02 08:54:26,Robert Dawson
CASE-0514,Completed,2025-04-02 11:49:18,Linda Park
CASE-0515,Submitted,2025-04-10 08:23:00,James Ortega
CASE-0515,Reviewed,2025-04-10 13:27:34,Aisha Patel
CASE-0515,Sent Back for Correction,2025-04-10 15:09:26,Marcus Chen
CASE-0515,Reviewed,2025-04-10 19:49:08,Marcus Chen
CASE-0515,Approved,2025-04-11 19:15:05,Christopher Hall
CASE-0515,Completed,2025-04-11 21:32:54,Diana Vasquez
CASE-0516,Submitted,2025-03-27 12:55:00,Sarah Mitchell
CASE-0516,Reviewed,2025-03-27 18:41:44,Marcus Chen
CASE-0516,Approved,2025-03-29 08:16:52,Diana Vasquez
CASE-0516,Completed,2025-03-29 10:42:02,Diana Vasquez
CASE-0517,Submitted,2025-04-02 10:35:00,Kevin Nguyen
CASE-0517,Reviewed,2025-04-02 13:53:38,Rachel Goldman
CASE-0517,Approved,2025-04-03 11:49:10,Linda Park
CASE-0517,Completed,2025-04-03 13:13:19,Diana Vasquez
CASE-0518,Submitted,2025-04-03 15:44:00,Priya Sharma
CASE-0518,Reviewed,2025-04-03 18:28:00,Marcus Chen
CASE-0518,Sent Back for Correction,2025-04-03 21:53:00,Marcus Chen
CASE-0518,Reviewed,2025-04-04 02:29:45,Aisha Patel
CASE-0518,Approved,2025-04-05 12:31:09,Linda Park
CASE-0518,Completed,2025-04-05 16:59:00,Linda Park
CASE-0519,Submitted,2025-04-17 12:28:00,James Ortega
CASE-0519,Reviewed,2025-04-17 15:30:46,Marcus Chen
CASE-0519,Approved,2025-04-18 19:24:47,Diana Vasquez
CASE-0519,Completed,2025-04-18 23:20:48,Linda Park
CASE-0520,Submitted,2025-04-16 14:56:00,James Ortega
CASE-0520,Reviewed,2025-04-16 19:51:08,Rachel Goldman
CASE-0520,Approved,2025-04-18 07:59:21,Linda Park
CASE-0520,Completed,2025-04-18 09:35:12,Robert Dawson
CASE-0521,Submitted,2025-04-21 13:15:00,Kevin Nguyen
CASE-0521,Reviewed,2025-04-21 17:23:10,Rachel Goldman
CASE-0521,Approved,2025-04-23 02:29:22,Linda Park
CASE-0521,Completed,2025-04-23 07:10:32,Linda Park
CASE-0522,Submitted,2025-03-31 10:27:00,Sarah Mitchell
CASE-0522,Reviewed,2025-03-31 14:12:12,Rachel Goldman
CASE-0522,Approved,2025-04-01 21:20:17,Robert Dawson
CASE-0522,Completed,2025-04-02 01:57:10,Linda Park
CASE-0523,Submitted,2025-04-08 14:16:00,Priya Sharma
CASE-0523,Reviewed,2025-04-08 18:20:09,Aisha Patel
CASE-0523,Sent Back for Correction,2025-04-08 20:16:39,Aisha Patel
CASE-0523,Reviewed,2025-04-09 00:21:25,Rachel Goldman
CASE-0523,Approved,2025-04-10 03:52:12,Diana Vasquez
CASE-0523,Completed,2025-04-10 08:49:25,Diana Vasquez
CASE-0524,Submitted,2025-04-07 15:32:00,Sarah Mitchell
CASE-0524,Reviewed,2025-04-07 20:15:51,Tom Henderson
CASE-0524,Approved,2025-04-08 15:16:08,Robert Dawson
CASE-0524,Completed,2025-04-08 19:17:34,Linda Park
CASE-0525,Submitted,2025-03-28 09:28:00,Sarah Mitchell
CASE-0525,Reviewed,2025-03-28 12:47:59,Rachel Goldman
CASE-0525,Approved,2025-03-30 03:22:05,Linda Park
CASE-0525,Completed,2025-03-30 04:38:29,Robert Dawson
CASE-0526,Submitted,2025-03-24 10:01:00,Priya Sharma
CASE-0526,Reviewed,2025-03-24 15:47:41,Marcus Chen
CASE-0526,Approved,2025-03-26 10:10:40,Diana Vasquez
CASE-0526,Completed,2025-03-26 11:21:38,Robert Dawson
CASE-0527,Submitted,2025-04-07 09:14:00,Kevin Nguyen
CASE-0527,Reviewed,2025-04-07 12:59:51,Marcus Chen
CASE-0527,Sent Back for Correction,2025-04-07 16:39:06,Rachel Goldman
CASE-0527,Reviewed,2025-04-07 18:51:15,Tom Henderson
CASE-0527,Approved,2025-04-09 10:44:36,Diana Vasquez
CASE-0527,Completed,2025-04-09 12:27:45,Robert Dawson
CASE-0528,Submitted,2025-03-31 12:37:00,James Ortega
CASE-0528,Reviewed,2025-03-31 14:53:16,Rachel Goldman
CASE-0528,Approved,2025-04-02 03:39:14,Robert Dawson
CASE-0528,Completed,2025-04-02 06:29:46,Linda Park
CASE-0529,Submitted,2025-04-15 10:10:00,Sarah Mitchell
CASE-0529,Reviewed,2025-04-15 13:54:40,Rachel Goldman
CASE-0529,Approved,2025-04-16 13:25:48,Robert Dawson
CASE-0529,Completed,2025-04-16 15:22:20,Robert Dawson
CASE-0530,Submitted,2025-04-18 13:32:00,Kevin Nguyen
CASE-0530,Reviewed,2025-04-18 18:59:15,Marcus Chen
CASE-0530,Approved,2025-04-21 06:28:48,Linda Park
CASE-0530,Completed,2025-04-21 08:57:15,Diana Vasquez
CASE-0531,Submitted,2025-03-31 13:22:00,Kevin Nguyen
CASE-0531,Reviewed,2025-03-31 15:20:42,Aisha Patel
CASE-0531,Approved,2025-04-01 12:49:10,Linda Park
CASE-0531,Completed,2025-04-01 15:56:42,Robert Dawson
CASE-0532,Submitted,2025-04-16 08:55:00,Sarah Mitchell
CASE-0532,Reviewed,2025-04-16 12:00:10,Marcus Chen
CASE-0532,Approved,2025-04-17 11:27:58,Robert Dawson
CASE-0532,Completed,2025-04-17 16:52:25,Robert Dawson
CASE-0533,Submitted,2025-04-02 10:56:00,Kevin Nguyen
CASE-0533,Reviewed,2025-04-02 15:13:12,Rachel Goldman
CASE-0533,Sent Back for Correction,2025-04-02 16:53:23,Rachel Goldman
CASE-0533,Reviewed,2025-04-02 21:05:30,Marcus Chen
CASE-0533,Approved,2025-04-04 04:11:17,Diana Vasquez
CASE-0533,Completed,2025-04-04 08:29:37,Robert Dawson
CASE-0534,Submitted,2025-04-07 14:45:00,Kevin Nguyen
CASE-0534,Reviewed,2025-04-07 16:50:23,Marcus Chen
CASE-0534,Approved,2025-04-09 08:09:47,Diana Vasquez
CASE-0534,Completed,2025-04-09 12:45:55,Christopher Hall
CASE-0535,Submitted,2025-03-28 11:42:00,Priya Sharma
CASE-0535,Reviewed,2025-03-28 13:20:12,Marcus Chen
CASE-0535,Approved,2025-03-29 08:50:53,Linda Park
CASE-0535,Completed,2025-03-29 11:22:38,Robert Dawson
CASE-0536,Submitted,2025-04-03 11:49:00,Kevin Nguyen
CASE-0536,Reviewed,2025-04-03 17:14:36,Marcus Chen
CASE-0536,Approved,2025-04-04 20:44:45,Diana Vasquez
CASE-0536,Completed,2025-04-05 00:58:36,Linda Park
CASE-0537,Submitted,2025-03-28 13:39:00,Priya Sharma
CASE-0537,Reviewed,2025-03-28 17:28:23,Tom Henderson
CASE-0537,Approved,2025-03-31 00:20:42,Linda Park
CASE-0537,Completed,2025-03-31 03:54:51,Robert Dawson
CASE-0538,Submitted,2025-04-15 08:50:00,James Ortega
CASE-0538,Reviewed,2025-04-15 11:51:07,Rachel Goldman
CASE-0538,Approved,2025-04-16 16:02:21,Linda Park
CASE-0538,Completed,2025-04-16 19:46:23,Robert Dawson
CASE-0539,Submitted,2025-04-07 09:49:00,Priya Sharma
CASE-0539,Reviewed,2025-04-07 11:54:12,Rachel Goldman
CASE-0539,Approved,2025-04-08 22:21:08,Linda Park
CASE-0539,Completed,2025-04-08 23:44:18,Diana Vasquez
CASE-0540,Submitted,2025-04-03 12:54:00,Priya Sharma
CASE-0540,Reviewed,2025-04-03 15:29:52,Rachel Goldman
CASE-0540,Approved,2025-04-04 11:37:36,Linda Park
CASE-0540,Completed,2025-04-04 13:55:24,Robert Dawson
CASE-0541,Submitted,2025-03-27 12:01:00,Priya Sharma
CASE-0541,Reviewed,2025-03-27 14:11:07,Aisha Patel
CASE-0541,Sent Back for Correction,2025-03-27 16:32:58,Rachel Goldman
CASE-0541,Reviewed,2025-03-27 21:28:05,Marcus Chen
CASE-0541,Approved,2025-03-29 10:57:12,Linda Park
CASE-0541,Completed,2025-03-29 15:40:33,Robert Dawson
CASE-0542,Submitted,2025-04-02 11:37:00,James Ortega
CASE-0542,Reviewed,2025-04-02 14:01:30,Marcus Chen
CASE-0542,Sent Back for Correction,2025-04-02 17:53:57,Aisha Patel
CASE-0542,Reviewed,2025-04-02 21:14:52,Marcus Chen
CASE-0542,Approved,2025-04-03 16:51:27,Robert Dawson
CASE-0542,Completed,2025-04-03 17:58:46,Christopher Hall
CASE-0543,Submitted,2025-04-02 10:19:00,Sarah Mitchell
CASE-0543,Reviewed,2025-04-02 14:46:57,Marcus Chen
CASE-0543,Approved,2025-04-04 00:08:07,Diana Vasquez
CASE-0543,Completed,2025-04-04 03:17:12,Linda Park
CASE-0544,Submitted,2025-04-07 14:45:00,Kevin Nguyen
CASE-0544,Reviewed,2025-04-07 18:18:21,Tom Henderson
CASE-0544,Sent Back for Correction,2025-04-07 20:30:59,Tom Henderson
CASE-0544,Reviewed,2025-04-08 00:56:36,Rachel Goldman
CASE-0544,Approved,2025-04-09 01:39:24,Robert Dawson
CASE-0544,Completed,2025-04-09 04:20:57,Linda Park
CASE-0545,Submitted,2025-04-08 10:11:00,James Ortega
CASE-0545,Reviewed,2025-04-08 14:18:07,Rachel Goldman
CASE-0545,Sent Back for Correction,2025-04-08 17:32:57,Rachel Goldman
CASE-0545,Reviewed,2025-04-08 19:36:18,Aisha Patel
CASE-0545,Approved,2025-04-10 00:21:06,Christopher Hall
CASE-0545,Completed,2025-04-10 02:20:01,Christopher Hall
CASE-0546,Submitted,2025-03-31 10:45:00,Priya Sharma
CASE-0546,Reviewed,2025-03-31 15:01:01,Rachel Goldman
CASE-0546,Approved,2025-04-01 21:44:50,Christopher Hall
CASE-0546,Completed,2025-04-02 01:36:28,Linda Park
CASE-0547,Submitted,2025-04-07 14:11:00,James Ortega
CASE-0547,Reviewed,2025-04-07 18:40:54,Rachel Goldman
CASE-0547,Approved,2025-04-09 11:52:49,Robert Dawson
CASE-0547,Completed,2025-04-09 16:48:43,Robert Dawson
CASE-0548,Submitted,2025-04-01 17:46:00,Sarah Mitchell
CASE-0548,Reviewed,2025-04-01 23:09:04,Tom Henderson
CASE-0548,Approved,2025-04-03 02:19:11,Diana Vasquez
CASE-0548,Completed,2025-04-03 06:28:53,Linda Park
CASE-0549,Submitted,2025-04-10 14:00:00,Priya Sharma
CASE-0549,Reviewed,2025-04-10 16:59:07,Rachel Goldman
CASE-0549,Approved,2025-04-12 05:50:39,Diana Vasquez
CASE-0549,Completed,2025-04-12 07:57:46,Robert Dawson
CASE-0550,Submitted,2025-04-15 08:42:00,Priya Sharma
CASE-0550,Reviewed,2025-04-15 12:30:43,Rachel Goldman
CASE-0550,Approved,2025-04-16 12:17:39,Linda Park
CASE-0550,Completed,2025-04-16 13:46:23,Robert Dawson
CASE-0551,Submitted,2025-04-16 18:34:00,Sarah Mitchell
CASE-0551,Reviewed,2025-04-17 00:31:26,Marcus Chen
CASE-0551,Approved,2025-04-18 13:03:12,Diana Vasquez
CASE-0551,Completed,2025-04-18 17:28:19,Robert Dawson
CASE-0552,Submitted,2025-04-02 11:12:00,Priya Sharma
CASE-0552,Reviewed,2025-04-02 15:03:59,Tom Henderson
CASE-0552,Approved,2025-04-04 08:55:50,Diana Vasquez
CASE-0552,Completed,2025-04-04 10:54:14,Linda Park
CASE-0553,Submitted,2025-03-31 10:18:00,Priya Sharma
CASE-0553,Reviewed,2025-03-31 12:35:42,Marcus Chen
CASE-0553,Sent Back for Correction,2025-03-31 14:45:06,Marcus Chen
CASE-0553,Reviewed,2025-03-31 18:44:25,Rachel Goldman
CASE-0553,Approved,2025-04-01 23:11:58,Linda Park
CASE-0553,Completed,2025-04-02 03:50:01,Robert Dawson
CASE-0554,Submitted,2025-04-14 14:40:00,Priya Sharma
CASE-0554,Reviewed,2025-04-14 17:59:34,Aisha Patel
CASE-0554,Approved,2025-04-16 06:34:27,Robert Dawson
CASE-0554,Completed,2025-04-16 07:47:30,Linda Park
CASE-0555,Submitted,2025-04-04 10:30:00,Sarah Mitchell
CASE-0555,Reviewed,2025-04-04 12:57:16,Marcus Chen
CASE-0555,Approved,2025-04-05 16:29:52,Linda Park
CASE-0555,Completed,2025-04-05 20:39:21,Diana Vasquez
CASE-0556,Submitted,2025-04-10 15:16:00,Priya Sharma
CASE-0556,Reviewed,2025-04-10 19:31:33,Tom Henderson
CASE-0556,Approved,2025-04-12 04:54:02,Diana Vasquez
CASE-0556,Completed,2025-04-12 06:21:31,Robert Dawson
CASE-0557,Submitted,2025-04-21 12:34:00,Priya Sharma
CASE-0557,Reviewed,2025-04-21 17:58:18,Marcus Chen
CASE-0557,Approved,2025-04-23 04:37:03,Linda Park
CASE-0557,Completed,2025-04-23 08:31:37,Robert Dawson
CASE-0558,Submitted,2025-04-09 16:19:00,Sarah Mitchell
CASE-0558,Reviewed,2025-04-09 20:25:25,Marcus Chen
CASE-0558,Sent Back for Correction,2025-04-09 22:56:14,Rachel Goldman
CASE-0558,Reviewed,2025-04-10 03:55:56,Marcus Chen
CASE-0558,Approved,2025-04-11 11:57:17,Robert Dawson
CASE-0558,Completed,2025-04-11 16:34:52,Robert Dawson
CASE-0559,Submitted,2025-04-07 11:54:00,Sarah Mitchell
CASE-0559,Reviewed,2025-04-07 14:46:09,Rachel Goldman
CASE-0559,Sent Back for Correction,2025-04-07 17:05:32,Aisha Patel
CASE-0559,Reviewed,2025-04-07 20:45:57,Rachel Goldman
CASE-0559,Approved,2025-04-08 23:31:56,Robert Dawson
CASE-0559,Completed,2025-04-09 02:18:19,Robert Dawson
CASE-0560,Submitted,2025-04-10 14:57:00,James Ortega
CASE-0560,Reviewed,2025-04-10 17:19:38,Marcus Chen
CASE-0560,Sent Back for Correction,2025-04-10 19:43:14,Aisha Patel
CASE-0560,Reviewed,2025-04-10 23:36:25,Marcus Chen
CASE-0560,Approved,2025-04-12 07:24:25,Robert Dawson
CASE-0560,Completed,2025-04-12 11:12:33,Diana Vasquez
CASE-0561,Submitted,2025-04-09 12:17:00,Sarah Mitchell
CASE-0561,Reviewed,2025-04-09 15:00:05,Tom Henderson
CASE-0561,Approved,2025-04-11 03:26:56,Robert Dawson
CASE-0561,Completed,2025-04-11 05:39:59,Linda Park
CASE-0562,Submitted,2025-04-08 13:24:00,Priya Sharma
CASE-0562,Reviewed,2025-04-08 18:40:08,Rachel Goldman
CASE-0562,Sent Back for Correction,2025-04-08 20:14:27,Rachel Goldman
CASE-0562,Reviewed,2025-04-09 01:34:15,Aisha Patel
CASE-0562,Approved,2025-04-09 21:47:18,Diana Vasquez
CASE-0562,Completed,2025-04-09 23:30:52,Robert Dawson
CASE-0563,Submitted,2025-04-07 13:25:00,James Ortega
CASE-0563,Reviewed,2025-04-07 19:14:16,Rachel Goldman
CASE-0563,Approved,2025-04-08 13:27:03,Robert Dawson
CASE-0563,Completed,2025-04-08 16:28:48,Linda Park
CASE-0564,Submitted,2025-04-08 13:07:00,James Ortega
CASE-0564,Reviewed,2025-04-08 18:00:30,Rachel Goldman
CASE-0564,Approved,2025-04-10 11:18:28,Linda Park
CASE-0564,Completed,2025-04-10 15:53:38,Diana Vasquez
CASE-0565,Submitted,2025-04-21 10:23:00,Priya Sharma
CASE-0565,Reviewed,2025-04-21 15:11:14,Tom Henderson
CASE-0565,Approved,2025-04-22 16:24:53,Diana Vasquez
CASE-0565,Completed,2025-04-22 21:26:11,Linda Park
CASE-0566,Submitted,2025-04-17 13:18:00,James Ortega
CASE-0566,Reviewed,2025-04-17 17:33:00,Aisha Patel
CASE-0566,Sent Back for Correction,2025-04-17 21:02:35,Aisha Patel
CASE-0566,Reviewed,2025-04-18 03:13:31,Tom Henderson
CASE-0566,Approved,2025-04-19 10:14:05,Diana Vasquez
CASE-0566,Completed,2025-04-19 11:55:52,Robert Dawson
CASE-0567,Submitted,2025-04-07 14:43:00,Sarah Mitchell
CASE-0567,Reviewed,2025-04-07 18:06:27,Rachel Goldman
CASE-0567,Approved,2025-04-09 01:44:47,Robert Dawson
CASE-0567,Completed,2025-04-09 06:17:51,Linda Park
CASE-0568,Submitted,2025-04-03 11:13:00,James Ortega
CASE-0568,Reviewed,2025-04-03 15:46:22,Rachel Goldman
CASE-0568,Sent Back for Correction,2025-04-03 18:13:57,Rachel Goldman
CASE-0568,Reviewed,2025-04-03 20:00:44,Tom Henderson
CASE-0568,Approved,2025-04-04 22:24:33,Linda Park
CASE-0568,Completed,2025-04-05 02:40:05,Diana Vasquez
CASE-0569,Submitted,2025-04-07 12:10:00,Priya Sharma
CASE-0569,Reviewed,2025-04-07 16:18:05,Rachel Goldman
CASE-0569,Approved,2025-04-08 19:15:07,Robert Dawson
CASE-0569,Completed,2025-04-08 22:18:16,Linda Park
CASE-0570,Submitted,2025-04-08 13:00:00,Sarah Mitchell
CASE-0570,Reviewed,2025-04-08 18:13:18,Tom Henderson
CASE-0570,Approved,2025-04-10 05:05:50,Diana Vasquez
CASE-0570,Completed,2025-04-10 09:13:35,Robert Dawson
CASE-0571,Submitted,2025-04-07 10:19:00,James Ortega
CASE-0571,Reviewed,2025-04-07 12:06:47,Rachel Goldman
CASE-0571,Approved,2025-04-08 20:37:42,Linda Park
CASE-0571,Completed,2025-04-09 00:01:17,Robert Dawson
CASE-0572,Submitted,2025-04-16 11:05:00,Priya Sharma
CASE-0572,Reviewed,2025-04-16 14:31:42,Rachel Goldman
CASE-0572,Sent Back for Correction,2025-04-16 17:14:58,Aisha Patel
CASE-0572,Reviewed,2025-04-16 19:21:18,Marcus Chen
CASE-0572,Approved,2025-04-17 22:30:52,Linda Park
CASE-0572,Completed,2025-04-18 00:25:27,Robert Dawson
CASE-0573,Submitted,2025-04-21 16:48:00,James Ortega
CASE-0573,Reviewed,2025-04-21 21:22:04,Rachel Goldman
CASE-0573,Approved,2025-04-23 02:47:12,Linda Park
CASE-0573,Completed,2025-04-23 07:50:39,Linda Park
CASE-0574,Submitted,2025-04-16 15:25:00,Kevin Nguyen
CASE-0574,Reviewed,2025-04-16 18:50:04,Rachel Goldman
CASE-0574,Approved,2025-04-17 13:48:15,Diana Vasquez
CASE-0574,Completed,2025-04-17 15:57:54,Robert Dawson
CASE-0575,Submitted,2025-04-28 15:18:00,James Ortega
CASE-0575,Reviewed,2025-04-28 18:29:40,Rachel Goldman
CASE-0575,Approved,2025-04-30 10:54:58,Diana Vasquez
CASE-0575,Completed,2025-04-30 13:08:23,Christopher Hall
CASE-0576,Submitted,2025-04-02 11:17:00,James Ortega
CASE-0576,Reviewed,2025-04-02 14:23:33,Rachel Goldman
CASE-0576,Approved,2025-04-04 02:15:54,Linda Park
CASE-0576,Completed,2025-04-04 05:19:23,Christopher Hall
CASE-0577,Submitted,2025-04-16 08:06:00,Kevin Nguyen
CASE-0577,Reviewed,2025-04-16 11:20:57,Marcus Chen
CASE-0577,Sent Back for Correction,2025-04-16 14:21:08,Marcus Chen
CASE-0577,Reviewed,2025-04-16 17:57:15,Marcus Chen
CASE-0577,Approved,2025-04-17 19:49:58,Diana Vasquez
CASE-0577,Completed,2025-04-17 23:57:27,Christopher Hall
CASE-0578,Submitted,2025-04-10 13:59:00,Sarah Mitchell
CASE-0578,Reviewed,2025-04-10 19:44:21,Rachel Goldman
CASE-0578,Sent Back for Correction,2025-04-10 22:58:00,Rachel Goldman
CASE-0578,Reviewed,2025-04-11 02:31:10,Aisha Patel
CASE-0578,Approved,2025-04-12 02:10:52,Linda Park
CASE-0578,Completed,2025-04-12 05:47:48,Diana Vasquez
CASE-0579,Submitted,2025-04-14 13:18:00,Sarah Mitchell
CASE-0579,Reviewed,2025-04-14 16:18:23,Tom Henderson
CASE-0579,Approved,2025-04-16 07:52:53,Diana Vasquez
CASE-0579,Completed,2025-04-16 12:26:47,Linda Park
CASE-0580,Submitted,2025-04-21 14:33:00,Kevin Nguyen
CASE-0580,Reviewed,2025-04-21 17:53:09,Tom Henderson
CASE-0580,Approved,2025-04-23 02:07:37,Linda Park
CASE-0580,Completed,2025-04-23 04:28:38,Christopher Hall
CASE-0581,Submitted,2025-04-11 13:17:00,Priya Sharma
CASE-0581,Reviewed,2025-04-11 15:29:46,Aisha Patel
CASE-0581,Approved,2025-04-13 22:02:27,Diana Vasquez
CASE-0581,Completed,2025-04-14 00:14:10,Robert Dawson
CASE-0582,Submitted,2025-04-25 17:56:00,Priya Sharma
CASE-0582,Reviewed,2025-04-25 23:28:56,Tom Henderson
CASE-0582,Approved,2025-04-28 10:42:54,Linda Park
CASE-0582,Completed,2025-04-28 14:59:29,Linda Park
CASE-0583,Submitted,2025-04-10 12:27:00,Sarah Mitchell
CASE-0583,Reviewed,2025-04-10 16:18:34,Rachel Goldman
CASE-0583,Approved,2025-04-11 20:03:05,Robert Dawson
CASE-0583,Completed,2025-04-11 22:34:38,Linda Park
CASE-0584,Submitted,2025-04-30 11:38:00,Kevin Nguyen
CASE-0584,Reviewed,2025-04-30 16:53:25,Tom Henderson
CASE-0584,Sent Back for Correction,2025-04-30 18:35:23,Marcus Chen
CASE-0584,Reviewed,2025-04-30 22:51:07,Marcus Chen
CASE-0584,Approved,2025-05-02 09:24:08,Robert Dawson
CASE-0584,Completed,2025-05-02 14:18:03,Robert Dawson
CASE-0585,Submitted,2025-04-17 12:49:00,Priya Sharma
CASE-0585,Reviewed,2025-04-17 18:21:10,Rachel Goldman
CASE-0585,Sent Back for Correction,2025-04-17 20:54:40,Rachel Goldman
CASE-0585,Reviewed,2025-04-18 00:46:32,Rachel Goldman
CASE-0585,Approved,2025-04-19 17:33:50,Linda Park
CASE-0585,Completed,2025-04-19 18:53:26,Diana Vasquez
CASE-0586,Submitted,2025-04-07 18:03:00,Sarah Mitchell
CASE-0586,Reviewed,2025-04-07 22:40:04,Rachel Goldman
CASE-0586,Approved,2025-04-09 01:22:15,Robert Dawson
CASE-0586,Completed,2025-04-09 03:10:54,Diana Vasquez
CASE-0587,Submitted,2025-04-09 17:14:00,James Ortega
CASE-0587,Reviewed,2025-04-09 20:37:42,Aisha Patel
CASE-0587,Approved,2025-04-10 17:34:19,Diana Vasquez
CASE-0587,Completed,2025-04-10 22:49:18,Linda Park
CASE-0588,Submitted,2025-04-17 08:01:00,Priya Sharma
CASE-0588,Reviewed,2025-04-17 10:55:50,Rachel Goldman
CASE-0588,Sent Back for Correction,2025-04-17 13:43:09,Tom Henderson
CASE-0588,Reviewed,2025-04-17 18:19:55,Tom Henderson
CASE-0588,Approved,2025-04-19 01:00:30,Robert Dawson
CASE-0588,Completed,2025-04-19 03:30:43,Linda Park
CASE-0589,Submitted,2025-04-14 12:17:00,Kevin Nguyen
CASE-0589,Reviewed,2025-04-14 15:03:11,Rachel Goldman
CASE-0589,Approved,2025-04-16 02:11:05,Linda Park
CASE-0589,Completed,2025-04-16 06:13:24,Christopher Hall
CASE-0590,Submitted,2025-04-21 10:08:00,Priya Sharma
CASE-0590,Reviewed,2025-04-21 11:49:30,Marcus Chen
CASE-0590,Approved,2025-04-22 11:30:42,Robert Dawson
CASE-0590,Completed,2025-04-22 14:37:26,Robert Dawson
CASE-0591,Submitted,2025-04-07 11:27:00,Priya Sharma
CASE-0591,Reviewed,2025-04-07 14:30:34,Rachel Goldman
CASE-0591,Approved,2025-04-08 17:02:39,Linda Park
CASE-0591,Completed,2025-04-08 19:06:11,Robert Dawson
CASE-0592,Submitted,2025-04-11 15:29:00,Priya Sharma
CASE-0592,Reviewed,2025-04-11 17:44:29,Marcus Chen
CASE-0592,Sent Back for Correction,2025-04-11 20:17:10,Rachel Goldman
CASE-0592,Reviewed,2025-04-12 01:13:13,Marcus Chen
CASE-0592,Approved,2025-04-14 01:16:03,Robert Dawson
CASE-0592,Completed,2025-04-14 05:21:12,Diana Vasquez
CASE-0593,Submitted,2025-04-16 18:31:00,Kevin Nguyen
CASE-0593,Reviewed,2025-04-16 22:44:26,Marcus Chen
CASE-0593,Approved,2025-04-17 21:45:42,Diana Vasquez
CASE-0593,Completed,2025-04-18 01:00:24,Robert Dawson
CASE-0594,Submitted,2025-04-15 11:43:00,Sarah Mitchell
CASE-0594,Reviewed,2025-04-15 17:12:22,Tom Henderson
CASE-0594,Approved,2025-04-16 16:05:54,Diana Vasquez
CASE-0594,Completed,2025-04-16 18:06:22,Robert Dawson
CASE-0595,Submitted,2025-04-14 11:13:00,Sarah Mitchell
CASE-0595,Reviewed,2025-04-14 14:24:48,Rachel Goldman
CASE-0595,Approved,2025-04-16 07:20:37,Robert Dawson
CASE-0595,Completed,2025-04-16 09:01:39,Robert Dawson
CASE-0596,Submitted,2025-04-24 12:38:00,Priya Sharma
CASE-0596,Reviewed,2025-04-24 15:56:51,Rachel Goldman
CASE-0596,Approved,2025-04-26 05:26:02,Robert Dawson
CASE-0596,Completed,2025-04-26 09:24:22,Linda Park
CASE-0597,Submitted,2025-04-18 14:17:00,Sarah Mitchell
CASE-0597,Reviewed,2025-04-18 15:49:22,Tom Henderson
CASE-0597,Approved,2025-04-20 21:46:04,Diana Vasquez
CASE-0597,Completed,2025-04-21 00:07:31,Christopher Hall
CASE-0598,Submitted,2025-04-07 12:37:00,Priya Sharma
CASE-0598,Reviewed,2025-04-07 16:44:51,Marcus Chen
CASE-0598,Approved,2025-04-08 22:33:21,Robert Dawson
CASE-0598,Completed,2025-04-09 00:05:52,Linda Park
CASE-0599,Submitted,2025-04-10 14:06:00,James Ortega
CASE-0599,Reviewed,2025-04-10 16:26:47,Tom Henderson
CASE-0599,Approved,2025-04-11 12:24:45,Diana Vasquez
CASE-0599,Completed,2025-04-11 15:51:09,Christopher Hall
CASE-0600,Submitted,2025-04-23 14:08:00,Kevin Nguyen
CASE-0600,Reviewed,2025-04-23 18:56:57,Rachel Goldman
CASE-0600,Approved,2025-04-25 11:56:10,Robert Dawson
CASE-0600,Completed,2025-04-25 14:53:26,Robert Dawson
CASE-0601,Submitted,2025-04-14 12:14:00,Kevin Nguyen
CASE-0601,Reviewed,2025-04-14 16:01:36,Marcus Chen
CASE-0601,Sent Back for Correction,2025-04-14 18:11:47,Rachel Goldman
CASE-0601,Reviewed,2025-04-14 23:05:01,Rachel Goldman
CASE-0601,Approved,2025-04-16 13:18:08,Linda Park
CASE-0601,Completed,2025-04-16 15:12:45,Diana Vasquez
CASE-0602,Submitted,2025-04-18 10:45:00,James Ortega
CASE-0602,Reviewed,2025-04-18 13:38:52,Rachel Goldman
CASE-0602,Sent Back for Correction,2025-04-18 16:47:49,Marcus Chen
CASE-0602,Reviewed,2025-04-18 20:30:55,Marcus Chen
CASE-0602,Approved,2025-04-21 10:19:51,Robert Dawson
CASE-0602,Completed,2025-04-21 14:49:44,Robert Dawson
CASE-0603,Submitted,2025-04-25 09:12:00,Sarah Mitchell
CASE-0603,Reviewed,2025-04-25 14:28:54,Rachel Goldman
CASE-0603,Sent Back for Correction,2025-04-25 18:03:32,Aisha Patel
CASE-0603,Reviewed,2025-04-25 21:09:07,Rachel Goldman
CASE-0603,Approved,2025-04-28 09:29:34,Robert Dawson
CASE-0603,Completed,2025-04-28 13:34:31,Robert Dawson
CASE-0604,Submitted,2025-04-18 11:52:00,Priya Sharma
CASE-0604,Reviewed,2025-04-18 15:12:22,Marcus Chen
CASE-0604,Sent Back for Correction,2025-04-18 17:02:16,Rachel Goldman
CASE-0604,Reviewed,2025-04-18 18:53:19,Rachel Goldman
CASE-0604,Approved,2025-04-20 20:42:49,Diana Vasquez
CASE-0604,Completed,2025-04-20 23:03:50,Robert Dawson
CASE-0605,Submitted,2025-04-28 17:20:00,James Ortega
CASE-0605,Reviewed,2025-04-28 22:15:11,Rachel Goldman
CASE-0605,Approved,2025-04-30 04:01:03,Robert Dawson
CASE-0605,Completed,2025-04-30 06:37:38,Diana Vasquez
CASE-0606,Submitted,2025-04-22 10:09:00,Priya Sharma
CASE-0606,Reviewed,2025-04-22 13:10:28,Marcus Chen
CASE-0606,Approved,2025-04-24 01:33:37,Diana Vasquez
CASE-0606,Completed,2025-04-24 03:20:56,Christopher Hall
CASE-0607,Submitted,2025-04-28 10:56:00,Sarah Mitchell
CASE-0607,Reviewed,2025-04-28 15:37:37,Rachel Goldman
CASE-0607,Approved,2025-04-29 15:34:22,Linda Park
CASE-0607,Completed,2025-04-29 20:17:59,Robert Dawson
CASE-0608,Submitted,2025-04-11 07:39:00,Kevin Nguyen
CASE-0608,Reviewed,2025-04-11 12:33:10,Marcus Chen
CASE-0608,Approved,2025-04-12 11:37:27,Robert Dawson
CASE-0608,Completed,2025-04-12 14:11:46,Robert Dawson
CASE-0609,Submitted,2025-04-24 17:31:00,Kevin Nguyen
CASE-0609,Reviewed,2025-04-24 21:28:53,Rachel Goldman
CASE-0609,Approved,2025-04-26 13:10:48,Robert Dawson
CASE-0609,Completed,2025-04-26 16:05:44,Diana Vasquez
CASE-0610,Submitted,2025-04-16 13:24:00,James Ortega
CASE-0610,Reviewed,2025-04-16 18:48:10,Marcus Chen
CASE-0610,Sent Back for Correction,2025-04-16 20:28:18,Rachel Goldman
CASE-0610,Reviewed,2025-04-16 23:39:07,Tom Henderson
CASE-0610,Approved,2025-04-18 08:04:02,Diana Vasquez
CASE-0610,Completed,2025-04-18 11:13:02,Robert Dawson
CASE-0611,Submitted,2025-04-17 16:53:00,Kevin Nguyen
CASE-0611,Reviewed,2025-04-17 18:45:25,Rachel Goldman
CASE-0611,Approved,2025-04-18 18:29:17,Robert Dawson
CASE-0611,Completed,2025-04-18 20:06:45,Diana Vasquez
CASE-0612,Submitted,2025-04-17 09:48:00,Sarah Mitchell
CASE-0612,Reviewed,2025-04-17 13:00:48,Rachel Goldman
CASE-0612,Approved,2025-04-19 00:19:00,Linda Park
CASE-0612,Completed,2025-04-19 04:38:29,Linda Park
CASE-0613,Submitted,2025-04-28 16:08:00,Kevin Nguyen
CASE-0613,Reviewed,2025-04-28 18:06:20,Aisha Patel
CASE-0613,Approved,2025-04-29 21:06:29,Diana Vasquez
CASE-0613,Completed,2025-04-29 23:01:17,Robert Dawson
CASE-0614,Submitted,2025-04-18 10:04:00,Sarah Mitchell
CASE-0614,Reviewed,2025-04-18 12:10:54,Marcus Chen
CASE-0614,Approved,2025-04-19 23:35:15,Linda Park
CASE-0614,Completed,2025-04-20 04:24:13,Robert Dawson
CASE-0615,Submitted,2025-04-10 17:15:00,Priya Sharma
CASE-0615,Reviewed,2025-04-10 21:39:43,Rachel Goldman
CASE-0615,Sent Back for Correction,2025-04-11 00:45:46,Rachel Goldman
CASE-0615,Reviewed,2025-04-11 03:39:08,Marcus Chen
CASE-0615,Approved,2025-04-12 12:15:31,Linda Park
CASE-0615,Completed,2025-04-12 14:41:34,Robert Dawson
CASE-0616,Submitted,2025-04-14 15:00:00,Kevin Nguyen
CASE-0616,Reviewed,2025-04-14 17:26:59,Marcus Chen
CASE-0616,Approved,2025-04-16 07:44:09,Robert Dawson
CASE-0616,Completed,2025-04-16 10:53:46,Diana Vasquez
CASE-0617,Submitted,2025-04-29 08:53:00,James Ortega
CASE-0617,Reviewed,2025-04-29 14:47:06,Rachel Goldman
CASE-0617,Approved,2025-05-01 03:00:19,Linda Park
CASE-0617,Completed,2025-05-01 08:06:46,Robert Dawson
CASE-0618,Submitted,2025-04-14 11:28:00,Sarah Mitchell
CASE-0618,Reviewed,2025-04-14 16:24:45,Marcus Chen
CASE-0618,Approved,2025-04-16 01:25:17,Linda Park
CASE-0618,Completed,2025-04-16 06:29:12,Robert Dawson
CASE-0619,Submitted,2025-04-28 13:39:00,Kevin Nguyen
CASE-0619,Reviewed,2025-04-28 15:28:23,Aisha Patel
CASE-0619,Approved,2025-04-29 11:50:28,Linda Park
CASE-0619,Completed,2025-04-29 13:24:04,Linda Park
CASE-0620,Submitted,2025-04-21 08:55:00,James Ortega
CASE-0620,Reviewed,2025-04-21 14:58:30,Rachel Goldman
CASE-0620,Approved,2025-04-22 19:55:25,Linda Park
CASE-0620,Completed,2025-04-23 00:51:31,Robert Dawson
CASE-0621,Submitted,2025-04-17 16:10:00,Kevin Nguyen
CASE-0621,Reviewed,2025-04-17 20:29:49,Tom Henderson
CASE-0621,Sent Back for Correction,2025-04-17 23:52:19,Tom Henderson
CASE-0621,Reviewed,2025-04-18 01:48:13,Aisha Patel
CASE-0621,Approved,2025-04-19 03:18:49,Robert Dawson
CASE-0621,Completed,2025-04-19 07:17:37,Robert Dawson
CASE-0622,Submitted,2025-04-28 10:07:00,Priya Sharma
CASE-0622,Reviewed,2025-04-28 13:00:47,Rachel Goldman
CASE-0622,Approved,2025-04-29 07:32:36,Robert Dawson
CASE-0622,Completed,2025-04-29 10:01:12,Robert Dawson
CASE-0623,Submitted,2025-04-10 17:32:00,James Ortega
CASE-0623,Reviewed,2025-04-10 23:18:15,Rachel Goldman
CASE-0623,Approved,2025-04-12 05:09:46,Robert Dawson
CASE-0623,Completed,2025-04-12 07:15:58,Linda Park
CASE-0624,Submitted,2025-04-23 10:44:00,Kevin Nguyen
CASE-0624,Reviewed,2025-04-23 12:39:28,Aisha Patel
CASE-0624,Approved,2025-04-25 05:00:21,Christopher Hall
CASE-0624,Completed,2025-04-25 07:23:41,Linda Park
CASE-0625,Submitted,2025-04-21 11:54:00,Kevin Nguyen
CASE-0625,Reviewed,2025-04-21 17:17:58,Aisha Patel
CASE-0625,Approved,2025-04-22 14:12:44,Linda Park
CASE-0625,Completed,2025-04-22 16:38:02,Linda Park
CASE-0626,Submitted,2025-04-18 08:12:00,Kevin Nguyen
CASE-0626,Reviewed,2025-04-18 10:57:36,Rachel Goldman
CASE-0626,Approved,2025-04-20 01:23:21,Linda Park
CASE-0626,Completed,2025-04-20 03:27:48,Linda Park
CASE-0627,Submitted,2025-04-21 14:11:00,Sarah Mitchell
CASE-0627,Reviewed,2025-04-21 16:10:48,Aisha Patel
CASE-0627,Sent Back for Correction,2025-04-21 19:04:35,Tom Henderson
CASE-0627,Reviewed,2025-04-21 20:55:53,Aisha Patel
CASE-0627,Approved,2025-04-23 01:16:14,Robert Dawson
CASE-0627,Completed,2025-04-23 03:10:12,Christopher Hall
CASE-0628,Submitted,2025-04-22 12:04:00,Sarah Mitchell
CASE-0628,Reviewed,2025-04-22 13:41:01,Tom Henderson
CASE-0628,Sent Back for Correction,2025-04-22 15:52:14,Rachel Goldman
CASE-0628,Reviewed,2025-04-22 19:45:57,Tom Henderson
CASE-0628,Approved,2025-04-23 22:50:52,Robert Dawson
CASE-0628,Completed,2025-04-24 03:22:57,Diana Vasquez
CASE-0629,Submitted,2025-04-24 11:48:00,Priya Sharma
CASE-0629,Reviewed,2025-04-24 16:07:38,Marcus Chen
CASE-0629,Approved,2025-04-26 00:50:48,Robert Dawson
CASE-0629,Completed,2025-04-26 04:10:51,Robert Dawson
CASE-0630,Submitted,2025-04-22 09:14:00,Kevin Nguyen
CASE-0630,Reviewed,2025-04-22 11:34:56,Rachel Goldman
CASE-0630,Approved,2025-04-23 19:28:10,Diana Vasquez
CASE-0630,Completed,2025-04-23 22:37:06,Linda Park
CASE-0631,Submitted,2025-04-18 10:15:00,James Ortega
CASE-0631,Reviewed,2025-04-18 12:57:29,Marcus Chen
CASE-0631,Approved,2025-04-19 13:17:10,Robert Dawson
CASE-0631,Completed,2025-04-19 16:20:27,Linda Park
CASE-0632,Submitted,2025-04-21 14:06:00,Priya Sharma
CASE-0632,Reviewed,2025-04-21 19:09:48,Marcus Chen
CASE-0632,Approved,2025-04-22 20:38:18,Robert Dawson
CASE-0632,Completed,2025-04-23 01:10:39,Diana Vasquez
CASE-0633,Submitted,2025-04-14 17:04:00,Kevin Nguyen
CASE-0633,Reviewed,2025-04-14 22:54:12,Rachel Goldman
CASE-0633,Approved,2025-04-15 18:33:11,Robert Dawson
CASE-0633,Completed,2025-04-15 23:27:38,Diana Vasquez
CASE-0634,Submitted,2025-04-28 12:26:00,James Ortega
CASE-0634,Reviewed,2025-04-28 14:08:58,Marcus Chen
CASE-0634,Approved,2025-04-29 18:29:37,Linda Park
CASE-0634,Completed,2025-04-29 23:00:47,Linda Park
CASE-0635,Submitted,2025-04-21 12:34:00,James Ortega
CASE-0635,Reviewed,2025-04-21 15:47:21,Tom Henderson
CASE-0635,Approved,2025-04-23 07:53:12,Linda Park
CASE-0635,Completed,2025-04-23 09:35:27,Diana Vasquez
CASE-0636,Submitted,2025-04-21 14:24:00,Kevin Nguyen
CASE-0636,Reviewed,2025-04-21 16:28:09,Marcus Chen
CASE-0636,Approved,2025-04-22 22:38:07,Linda Park
CASE-0636,Completed,2025-04-23 02:44:04,Robert Dawson
CASE-0637,Submitted,2025-05-05 11:49:00,Priya Sharma
CASE-0637,Reviewed,2025-05-05 17:14:17,Aisha Patel
CASE-0637,Approved,2025-05-07 09:39:09,Linda Park
CASE-0637,Completed,2025-05-07 12:32:07,Robert Dawson
CASE-0638,Submitted,2025-04-21 14:09:00,Priya Sharma
CASE-0638,Reviewed,2025-04-21 16:13:28,Rachel Goldman
CASE-0638,Approved,2025-04-23 02:22:53,Christopher Hall
CASE-0638,Completed,2025-04-23 06:59:54,Linda Park
CASE-0639,Submitted,2025-04-25 14:07:00,James Ortega
CASE-0639,Reviewed,2025-04-25 19:01:03,Tom Henderson
CASE-0639,Sent Back for Correction,2025-04-25 21:03:07,Marcus Chen
CASE-0639,Reviewed,2025-04-25 23:33:59,Marcus Chen
CASE-0639,Approved,2025-04-28 10:46:48,Linda Park
CASE-0639,Completed,2025-04-28 13:35:49,Linda Park
CASE-0640,Submitted,2025-05-12 11:11:00,Sarah Mitchell
CASE-0640,Reviewed,2025-05-12 13:27:00,Rachel Goldman
CASE-0640,Approved,2025-05-14 06:14:05,Robert Dawson
CASE-0640,Completed,2025-05-14 07:36:27,Robert Dawson
CASE-0641,Submitted,2025-04-29 07:55:00,James Ortega
CASE-0641,Reviewed,2025-04-29 09:55:52,Marcus Chen
CASE-0641,Approved,2025-04-30 15:55:14,Diana Vasquez
CASE-0641,Completed,2025-04-30 20:17:58,Christopher Hall
CASE-0642,Submitted,2025-04-16 13:00:00,Kevin Nguyen
CASE-0642,Reviewed,2025-04-16 18:50:03,Marcus Chen
CASE-0642,Approved,2025-04-17 17:54:07,Robert Dawson
CASE-0642,Completed,2025-04-17 23:14:38,Linda Park
CASE-0643,Submitted,2025-04-17 11:29:00,James Ortega
CASE-0643,Reviewed,2025-04-17 15:09:05,Rachel Goldman
CASE-0643,Approved,2025-04-19 02:22:26,Christopher Hall
CASE-0643,Completed,2025-04-19 07:26:01,Linda Park
CASE-0644,Submitted,2025-04-16 15:06:00,Priya Sharma
CASE-0644,Reviewed,2025-04-16 17:10:01,Marcus Chen
CASE-0644,Approved,2025-04-17 21:38:55,Robert Dawson
CASE-0644,Completed,2025-04-18 00:15:33,Diana Vasquez
CASE-0645,Submitted,2025-04-21 09:49:00,Sarah Mitchell
CASE-0645,Reviewed,2025-04-21 13:28:34,Marcus Chen
CASE-0645,Approved,2025-04-23 01:33:15,Diana Vasquez
CASE-0645,Completed,2025-04-23 02:57:48,Robert Dawson
CASE-0646,Submitted,2025-05-08 17:50:00,James Ortega
CASE-0646,Reviewed,2025-05-08 23:07:50,Marcus Chen
CASE-0646,Approved,2025-05-10 00:23:46,Robert Dawson
CASE-0646,Completed,2025-05-10 04:11:07,Diana Vasquez
CASE-0647,Submitted,2025-05-09 12:19:00,Sarah Mitchell
CASE-0647,Reviewed,2025-05-09 15:51:16,Marcus Chen
CASE-0647,Approved,2025-05-11 21:24:59,Diana Vasquez
CASE-0647,Completed,2025-05-12 01:15:00,Christopher Hall
CASE-0648,Submitted,2025-05-01 13:55:00,James Ortega
CASE-0648,Reviewed,2025-05-01 17:10:01,Marcus Chen
CASE-0648,Sent Back for Correction,2025-05-01 21:03:29,Marcus Chen
CASE-0648,Reviewed,2025-05-02 00:49:59,Marcus Chen
CASE-0648,Approved,2025-05-03 16:12:01,Robert Dawson
CASE-0648,Completed,2025-05-03 20:38:24,Diana Vasquez
CASE-0649,Submitted,2025-05-14 12:21:00,Priya Sharma
CASE-0649,Reviewed,2025-05-14 14:16:22,Aisha Patel
CASE-0649,Approved,2025-05-16 04:12:16,Linda Park
CASE-0649,Completed,2025-05-16 07:50:53,Robert Dawson
CASE-0650,Submitted,2025-04-21 10:27:00,Sarah Mitchell
CASE-0650,Reviewed,2025-04-21 13:32:09,Rachel Goldman
CASE-0650,Approved,2025-04-22 20:20:26,Christopher Hall
CASE-0650,Completed,2025-04-23 00:13:24,Diana Vasquez
CASE-0651,Submitted,2025-04-24 18:01:00,James Ortega
CASE-0651,Reviewed,2025-04-24 20:22:51,Rachel Goldman
CASE-0651,Approved,2025-04-25 23:13:38,Robert Dawson
CASE-0651,Completed,2025-04-26 00:35:54,Robert Dawson
CASE-0652,Submitted,2025-04-25 12:47:00,Sarah Mitchell
CASE-0652,Reviewed,2025-04-25 18:19:14,Tom Henderson
CASE-0652,Approved,2025-04-28 04:01:37,Diana Vasquez
CASE-0652,Completed,2025-04-28 05:16:06,Linda Park
CASE-0653,Submitted,2025-05-07 08:11:00,Kevin Nguyen
CASE-0653,Reviewed,2025-05-07 09:54:57,Aisha Patel
CASE-0653,Approved,2025-05-08 09:31:36,Linda Park
CASE-0653,Completed,2025-05-08 12:40:36,Robert Dawson
CASE-0654,Submitted,2025-04-30 12:31:00,Sarah Mitchell
CASE-0654,Reviewed,2025-04-30 14:18:54,Tom Henderson
CASE-0654,Sent Back for Correction,2025-04-30 17:17:20,Rachel Goldman
CASE-0654,Reviewed,2025-04-30 22:15:07,Rachel Goldman
CASE-0654,Approved,2025-05-02 13:39:06,Robert Dawson
CASE-0654,Completed,2025-05-02 16:24:56,Linda Park
CASE-0655,Submitted,2025-04-21 09:29:00,Priya Sharma
CASE-0655,Reviewed,2025-04-21 14:52:09,Marcus Chen
CASE-0655,Sent Back for Correction,2025-04-21 18:35:15,Rachel Goldman
CASE-0655,Reviewed,2025-04-21 21:11:57,Tom Henderson
CASE-0655,Approved,2025-04-22 19:06:31,Robert Dawson
CASE-0655,Completed,2025-04-22 22:22:48,Diana Vasquez
CASE-0656,Submitted,2025-05-08 16:07:00,Kevin Nguyen
CASE-0656,Reviewed,2025-05-08 20:18:46,Rachel Goldman
CASE-0656,Approved,2025-05-10 04:14:01,Linda Park
CASE-0656,Completed,2025-05-10 08:00:48,Linda Park
CASE-0657,Submitted,2025-05-12 18:20:00,Priya Sharma
CASE-0657,Reviewed,2025-05-12 22:10:33,Rachel Goldman
CASE-0657,Approved,2025-05-14 16:30:05,Diana Vasquez
CASE-0657,Completed,2025-05-14 21:44:12,Robert Dawson
CASE-0658,Submitted,2025-04-21 08:17:00,Priya Sharma
CASE-0658,Reviewed,2025-04-21 12:49:04,Aisha Patel
CASE-0658,Approved,2025-04-22 21:15:46,Robert Dawson
CASE-0658,Completed,2025-04-22 23:32:26,Christopher Hall
CASE-0659,Submitted,2025-04-23 16:59:00,James Ortega
CASE-0659,Reviewed,2025-04-23 21:18:26,Rachel Goldman
CASE-0659,Approved,2025-04-25 02:33:38,Diana Vasquez
CASE-0659,Completed,2025-04-25 04:06:34,Diana Vasquez
CASE-0660,Submitted,2025-04-30 10:33:00,Priya Sharma
CASE-0660,Reviewed,2025-04-30 15:41:10,Rachel Goldman
CASE-0660,Approved,2025-05-02 06:48:38,Robert Dawson
CASE-0660,Completed,2025-05-02 10:14:29,Linda Park
CASE-0661,Submitted,2025-05-02 13:28:00,Sarah Mitchell
CASE-0661,Reviewed,2025-05-02 18:48:19,Tom Henderson
CASE-0661,Approved,2025-05-05 06:56:41,Christopher Hall
CASE-0661,Completed,2025-05-05 10:16:20,Linda Park
CASE-0662,Submitted,2025-05-12 12:07:00,James Ortega
CASE-0662,Reviewed,2025-05-12 17:49:57,Aisha Patel
CASE-0662,Sent Back for Correction,2025-05-12 21:42:29,Rachel Goldman
CASE-0662,Reviewed,2025-05-13 03:46:28,Rachel Goldman
CASE-0662,Approved,2025-05-14 21:06:11,Linda Park
CASE-0662,Completed,2025-05-15 00:17:45,Robert Dawson
CASE-0663,Submitted,2025-04-23 09:23:00,James Ortega
CASE-0663,Reviewed,2025-04-23 12:44:36,Rachel Goldman
CASE-0663,Approved,2025-04-24 16:43:08,Linda Park
CASE-0663,Completed,2025-04-24 19:01:53,Linda Park
CASE-0664,Submitted,2025-05-16 13:20:00,Priya Sharma
CASE-0664,Reviewed,2025-05-16 16:36:36,Tom Henderson
CASE-0664,Approved,2025-05-18 21:01:40,Robert Dawson
CASE-0664,Completed,2025-05-18 22:09:12,Robert Dawson
CASE-0665,Submitted,2025-04-21 07:53:00,Sarah Mitchell
CASE-0665,Reviewed,2025-04-21 12:44:00,Aisha Patel
CASE-0665,Approved,2025-04-22 18:17:36,Diana Vasquez
CASE-0665,Completed,2025-04-22 20:14:54,Diana Vasquez
CASE-0666,Submitted,2025-04-23 15:07:00,Sarah Mitchell
CASE-0666,Reviewed,2025-04-23 20:57:33,Rachel Goldman
CASE-0666,Approved,2025-04-25 13:54:14,Robert Dawson
CASE-0666,Completed,2025-04-25 17:54:18,Linda Park
CASE-0667,Submitted,2025-04-21 13:40:00,James Ortega
CASE-0667,Reviewed,2025-04-21 18:32:47,Rachel Goldman
CASE-0667,Approved,2025-04-22 17:08:29,Linda Park
CASE-0667,Completed,2025-04-22 20:28:50,Diana Vasquez
CASE-0668,Submitted,2025-04-25 11:37:00,Priya Sharma
CASE-0668,Reviewed,2025-04-25 14:29:01,Rachel Goldman
CASE-0668,Approved,2025-04-28 06:48:54,Linda Park
CASE-0668,Completed,2025-04-28 09:57:07,Linda Park
CASE-0669,Submitted,2025-05-02 15:19:00,Sarah Mitchell
CASE-0669,Reviewed,2025-05-02 18:53:32,Marcus Chen
CASE-0669,Approved,2025-05-05 06:51:47,Linda Park
CASE-0669,Completed,2025-05-05 11:10:45,Linda Park
CASE-0670,Submitted,2025-05-07 13:51:00,Priya Sharma
CASE-0670,Reviewed,2025-05-07 18:43:40,Rachel Goldman
CASE-0670,Approved,2025-05-09 04:33:52,Linda Park
CASE-0670,Completed,2025-05-09 07:25:24,Linda Park
CASE-0671,Submitted,2025-05-06 08:30:00,Priya Sharma
CASE-0671,Reviewed,2025-05-06 12:50:55,Marcus Chen
CASE-0671,Sent Back for Correction,2025-05-06 15:57:36,Rachel Goldman
CASE-0671,Reviewed,2025-05-06 19:24:16,Tom Henderson
CASE-0671,Approved,2025-05-08 02:48:46,Diana Vasquez
CASE-0671,Completed,2025-05-08 05:07:26,Linda Park
CASE-0672,Submitted,2025-05-05 10:54:00,Priya Sharma
CASE-0672,Reviewed,2025-05-05 15:52:28,Rachel Goldman
CASE-0672,Approved,2025-05-07 03:01:42,Linda Park
CASE-0672,Completed,2025-05-07 04:52:14,Linda Park
CASE-0673,Submitted,2025-05-15 07:57:00,Sarah Mitchell
CASE-0673,Reviewed,2025-05-15 12:24:43,Rachel Goldman
CASE-0673,Approved,2025-05-16 18:47:45,Diana Vasquez
CASE-0673,Completed,2025-05-16 23:49:19,Robert Dawson
CASE-0674,Submitted,2025-04-25 12:11:00,Sarah Mitchell
CASE-0674,Reviewed,2025-04-25 15:29:38,Aisha Patel
CASE-0674,Approved,2025-04-28 06:50:51,Linda Park
CASE-0674,Completed,2025-04-28 11:10:00,Robert Dawson
CASE-0675,Submitted,2025-04-28 15:10:00,Priya Sharma
CASE-0675,Reviewed,2025-04-28 17:00:15,Rachel Goldman
CASE-0675,Approved,2025-04-29 14:07:21,Diana Vasquez
CASE-0675,Completed,2025-04-29 16:07:18,Diana Vasquez
CASE-0676,Submitted,2025-05-05 10:40:00,James Ortega
CASE-0676,Reviewed,2025-05-05 12:45:44,Marcus Chen
CASE-0676,Approved,2025-05-06 08:03:42,Christopher Hall
CASE-0676,Completed,2025-05-06 10:59:05,Diana Vasquez
CASE-0677,Submitted,2025-04-21 17:21:00,Sarah Mitchell
CASE-0677,Reviewed,2025-04-21 21:55:53,Rachel Goldman
CASE-0677,Approved,2025-04-23 10:57:31,Diana Vasquez
CASE-0677,Completed,2025-04-23 16:17:07,Linda Park
CASE-0678,Submitted,2025-04-21 13:08:00,Sarah Mitchell
CASE-0678,Reviewed,2025-04-21 15:48:04,Rachel Goldman
CASE-0678,Approved,2025-04-23 09:30:01,Linda Park
CASE-0678,Completed,2025-04-23 11:07:52,Robert Dawson
CASE-0679,Submitted,2025-04-28 10:32:00,Priya Sharma
CASE-0679,Reviewed,2025-04-28 16:34:44,Marcus Chen
CASE-0679,Approved,2025-04-29 15:36:00,Robert Dawson
CASE-0679,Completed,2025-04-29 20:29:02,Linda Park
CASE-0680,Submitted,2025-05-12 13:16:00,Priya Sharma
CASE-0680,Reviewed,2025-05-12 17:59:12,Tom Henderson
CASE-0680,Approved,2025-05-14 02:00:47,Diana Vasquez
CASE-0680,Completed,2025-05-14 06:42:54,Robert Dawson
CASE-0681,Submitted,2025-04-24 14:36:00,Sarah Mitchell
CASE-0681,Reviewed,2025-04-24 19:16:43,Rachel Goldman
CASE-0681,Approved,2025-04-26 08:09:39,Robert Dawson
CASE-0681,Completed,2025-04-26 11:39:20,Diana Vasquez
CASE-0682,Submitted,2025-04-25 18:55:00,Kevin Nguyen
CASE-0682,Reviewed,2025-04-26 00:11:26,Marcus Chen
CASE-0682,Approved,2025-04-28 02:11:22,Robert Dawson
CASE-0682,Completed,2025-04-28 06:44:04,Diana Vasquez
CASE-0683,Submitted,2025-04-28 10:29:00,James Ortega
CASE-0683,Reviewed,2025-04-28 14:03:37,Marcus Chen
CASE-0683,Sent Back for Correction,2025-04-28 17:31:49,Marcus Chen
CASE-0683,Reviewed,2025-04-28 21:49:50,Rachel Goldman
CASE-0683,Approved,2025-04-29 22:16:51,Linda Park
CASE-0683,Completed,2025-04-30 02:05:54,Diana Vasquez
CASE-0684,Submitted,2025-05-08 12:21:00,Priya Sharma
CASE-0684,Reviewed,2025-05-08 15:51:13,Rachel Goldman
CASE-0684,Approved,2025-05-09 16:04:34,Diana Vasquez
CASE-0684,Completed,2025-05-09 19:21:03,Robert Dawson
CASE-0685,Submitted,2025-05-16 13:10:00,Kevin Nguyen
CASE-0685,Reviewed,2025-05-16 16:21:32,Aisha Patel
CASE-0685,Approved,2025-05-19 08:23:15,Diana Vasquez
CASE-0685,Completed,2025-05-19 13:08:35,Christopher Hall
CASE-0686,Submitted,2025-05-01 09:13:00,Sarah Mitchell
CASE-0686,Reviewed,2025-05-01 11:13:20,Tom Henderson
CASE-0686,Approved,2025-05-03 01:24:32,Diana Vasquez
CASE-0686,Completed,2025-05-03 03:54:53,Christopher Hall
CASE-0687,Submitted,2025-05-06 09:08:00,Sarah Mitchell
CASE-0687,Reviewed,2025-05-06 12:48:32,Tom Henderson
CASE-0687,Approved,2025-05-08 01:42:04,Robert Dawson
CASE-0687,Completed,2025-05-08 04:46:19,Diana Vasquez
CASE-0688,Submitted,2025-04-29 13:58:00,Kevin Nguyen
CASE-0688,Reviewed,2025-04-29 19:33:22,Rachel Goldman
CASE-0688,Approved,2025-04-30 18:10:07,Linda Park
CASE-0688,Completed,2025-04-30 23:13:03,Robert Dawson
CASE-0689,Submitted,2025-05-05 13:01:00,Kevin Nguyen
CASE-0689,Reviewed,2025-05-05 16:44:24,Rachel Goldman
CASE-0689,Approved,2025-05-07 01:00:05,Diana Vasquez
CASE-0689,Completed,2025-05-07 02:41:05,Linda Park
CASE-0690,Submitted,2025-04-28 10:46:00,Sarah Mitchell
CASE-0690,Reviewed,2025-04-28 13:03:04,Rachel Goldman
CASE-0690,Approved,2025-04-29 12:24:21,Robert Dawson
CASE-0690,Completed,2025-04-29 17:15:25,Robert Dawson
CASE-0691,Submitted,2025-05-05 15:13:00,Priya Sharma
CASE-0691,Reviewed,2025-05-05 21:26:43,Rachel Goldman
CASE-0691,Approved,2025-05-07 09:17:40,Linda Park
CASE-0691,Completed,2025-05-07 10:34:18,Robert Dawson
CASE-0692,Submitted,2025-05-05 14:13:00,Sarah Mitchell
CASE-0692,Reviewed,2025-05-05 18:25:56,Aisha Patel
CASE-0692,Approved,2025-05-07 05:02:23,Christopher Hall
CASE-0692,Completed,2025-05-07 08:00:19,Robert Dawson
CASE-0693,Submitted,2025-05-02 09:15:00,Sarah Mitchell
CASE-0693,Reviewed,2025-05-02 15:37:57,Rachel Goldman
CASE-0693,Approved,2025-05-05 04:07:38,Robert Dawson
CASE-0693,Completed,2025-05-05 08:48:58,Diana Vasquez
CASE-0694,Submitted,2025-05-05 12:58:00,Priya Sharma
CASE-0694,Reviewed,2025-05-05 17:18:39,Aisha Patel
CASE-0694,Approved,2025-05-07 03:40:14,Christopher Hall
CASE-0694,Completed,2025-05-07 08:19:39,Linda Park
CASE-0695,Submitted,2025-05-02 14:19:00,Kevin Nguyen
CASE-0695,Reviewed,2025-05-02 19:41:02,Rachel Goldman
CASE-0695,Approved,2025-05-04 21:36:56,Christopher Hall
CASE-0695,Completed,2025-05-04 23:47:09,Linda Park
CASE-0696,Submitted,2025-05-05 15:55:00,Priya Sharma
CASE-0696,Reviewed,2025-05-05 18:37:11,Rachel Goldman
CASE-0696,Approved,2025-05-06 20:11:48,Robert Dawson
CASE-0696,Completed,2025-05-06 21:34:05,Linda Park
CASE-0697,Submitted,2025-05-05 12:52:00,Sarah Mitchell
CASE-0697,Reviewed,2025-05-05 16:30:42,Aisha Patel
CASE-0697,Approved,2025-05-06 12:23:39,Robert Dawson
CASE-0697,Completed,2025-05-06 15:10:29,Robert Dawson
CASE-0698,Submitted,2025-04-30 12:25:00,Priya Sharma
CASE-0698,Reviewed,2025-04-30 17:08:55,Marcus Chen
CASE-0698,Approved,2025-05-01 23:38:45,Linda Park
CASE-0698,Completed,2025-05-02 04:46:14,Robert Dawson
CASE-0699,Submitted,2025-05-07 11:15:00,Sarah Mitchell
CASE-0699,Reviewed,2025-05-07 16:08:23,Marcus Chen
CASE-0699,Approved,2025-05-08 12:48:22,Linda Park
CASE-0699,Completed,2025-05-08 16:43:59,Christopher Hall
CASE-0700,Submitted,2025-05-08 14:01:00,James Ortega
CASE-0700,Reviewed,2025-05-08 18:39:16,Marcus Chen
CASE-0700,Approved,2025-05-10 11:54:59,Christopher Hall
CASE-0700,Completed,2025-05-10 14:08:02,Diana Vasquez
CASE-0701,Submitted,2025-05-26 14:52:00,Priya Sharma
CASE-0701,Reviewed,2025-05-26 19:18:58,Tom Henderson
CASE-0701,Approved,2025-05-28 01:38:51,Diana Vasquez
CASE-0701,Completed,2025-05-28 05:55:40,Robert Dawson
CASE-0702,Submitted,2025-04-24 13:10:00,James Ortega
CASE-0702,Reviewed,2025-04-24 17:27:30,Rachel Goldman
CASE-0702,Approved,2025-04-25 12:52:07,Robert Dawson
CASE-0702,Completed,2025-04-25 14:57:58,Robert Dawson
CASE-0703,Submitted,2025-05-05 11:55:00,James Ortega
CASE-0703,Reviewed,2025-05-05 14:16:12,Marcus Chen
CASE-0703,Approved,2025-05-06 20:08:50,Robert Dawson
CASE-0703,Completed,2025-05-06 22:19:52,Linda Park
CASE-0704,Submitted,2025-04-30 07:04:00,Kevin Nguyen
CASE-0704,Reviewed,2025-04-30 10:58:33,Aisha Patel
CASE-0704,Sent Back for Correction,2025-04-30 14:53:22,Marcus Chen
CASE-0704,Reviewed,2025-04-30 20:32:38,Tom Henderson
CASE-0704,Approved,2025-05-02 12:31:23,Robert Dawson
CASE-0704,Completed,2025-05-02 14:27:09,Robert Dawson
CASE-0705,Submitted,2025-04-24 12:18:00,James Ortega
CASE-0705,Reviewed,2025-04-24 18:13:13,Marcus Chen
CASE-0705,Approved,2025-04-26 04:51:06,Christopher Hall
CASE-0705,Completed,2025-04-26 09:52:34,Robert Dawson
CASE-0706,Submitted,2025-05-05 12:02:00,Sarah Mitchell
CASE-0706,Reviewed,2025-05-05 15:38:37,Aisha Patel
CASE-0706,Approved,2025-05-07 01:20:14,Robert Dawson
CASE-0706,Completed,2025-05-07 03:05:27,Linda Park
CASE-0707,Submitted,2025-05-05 08:19:00,Sarah Mitchell
CASE-0707,Reviewed,2025-05-05 13:48:01,Tom Henderson
CASE-0707,Sent Back for Correction,2025-05-05 16:47:19,Marcus Chen
CASE-0707,Reviewed,2025-05-05 19:53:19,Rachel Goldman
CASE-0707,Approved,2025-05-07 05:09:53,Christopher Hall
CASE-0707,Completed,2025-05-07 06:54:36,Robert Dawson
CASE-0708,Submitted,2025-05-05 10:51:00,Kevin Nguyen
CASE-0708,Reviewed,2025-05-05 15:36:27,Marcus Chen
CASE-0708,Approved,2025-05-07 00:34:15,Christopher Hall
CASE-0708,Completed,2025-05-07 03:05:12,Linda Park
CASE-0709,Submitted,2025-05-02 14:22:00,James Ortega
CASE-0709,Reviewed,2025-05-02 20:37:57,Rachel Goldman
CASE-0709,Approved,2025-05-05 02:07:39,Linda Park
CASE-0709,Completed,2025-05-05 03:55:07,Diana Vasquez
CASE-0710,Submitted,2025-04-28 12:17:00,Sarah Mitchell
CASE-0710,Reviewed,2025-04-28 16:36:14,Tom Henderson
CASE-0710,Approved,2025-04-29 16:13:30,Robert Dawson
CASE-0710,Completed,2025-04-29 20:57:23,Christopher Hall
CASE-0711,Submitted,2025-05-09 11:41:00,Sarah Mitchell
CASE-0711,Reviewed,2025-05-09 14:30:19,Aisha Patel
CASE-0711,Approved,2025-05-11 18:37:52,Linda Park
CASE-0711,Completed,2025-05-11 22:49:18,Linda Park
CASE-0712,Submitted,2025-05-05 09:46:00,Kevin Nguyen
CASE-0712,Reviewed,2025-05-05 15:02:15,Tom Henderson
CASE-0712,Approved,2025-05-07 02:54:41,Linda Park
CASE-0712,Completed,2025-05-07 06:53:20,Diana Vasquez
CASE-0713,Submitted,2025-04-29 10:01:00,James Ortega
CASE-0713,Reviewed,2025-04-29 12:07:14,Aisha Patel
CASE-0713,Approved,2025-05-01 05:08:36,Robert Dawson
CASE-0713,Completed,2025-05-01 10:24:57,Robert Dawson
CASE-0714,Submitted,2025-05-08 12:48:00,Kevin Nguyen
CASE-0714,Reviewed,2025-05-08 16:01:55,Marcus Chen
CASE-0714,Approved,2025-05-10 03:42:25,Diana Vasquez
CASE-0714,Completed,2025-05-10 05:48:33,Robert Dawson
CASE-0715,Submitted,2025-05-01 11:38:00,Kevin Nguyen
CASE-0715,Reviewed,2025-05-01 15:11:35,Marcus Chen
CASE-0715,Approved,2025-05-03 02:45:44,Diana Vasquez
CASE-0715,Completed,2025-05-03 04:41:44,Robert Dawson
CASE-0716,Submitted,2025-04-29 09:18:00,Sarah Mitchell
CASE-0716,Reviewed,2025-04-29 13:13:14,Marcus Chen
CASE-0716,Approved,2025-05-01 03:14:13,Robert Dawson
CASE-0716,Completed,2025-05-01 04:44:30,Linda Park
CASE-0717,Submitted,2025-05-06 16:14:00,Priya Sharma
CASE-0717,Reviewed,2025-05-06 20:00:56,Rachel Goldman
CASE-0717,Approved,2025-05-07 21:30:14,Diana Vasquez
CASE-0717,Completed,2025-05-08 01:05:36,Linda Park
CASE-0718,Submitted,2025-05-05 15:06:00,Kevin Nguyen
CASE-0718,Reviewed,2025-05-05 20:50:16,Aisha Patel
CASE-0718,Approved,2025-05-07 12:03:30,Robert Dawson
CASE-0718,Completed,2025-05-07 15:47:38,Linda Park
CASE-0719,Submitted,2025-04-30 09:01:00,Kevin Nguyen
CASE-0719,Reviewed,2025-04-30 14:01:07,Aisha Patel
CASE-0719,Approved,2025-05-01 14:45:06,Robert Dawson
CASE-0719,Completed,2025-05-01 16:37:55,Robert Dawson
CASE-0720,Submitted,2025-05-05 16:29:00,Priya Sharma
CASE-0720,Reviewed,2025-05-05 22:22:16,Marcus Chen
CASE-0720,Approved,2025-05-07 07:41:09,Diana Vasquez
CASE-0720,Completed,2025-05-07 11:16:54,Robert Dawson
CASE-0721,Submitted,2025-05-19 17:51:00,Kevin Nguyen
CASE-0721,Reviewed,2025-05-19 23:17:32,Rachel Goldman
CASE-0721,Approved,2025-05-21 07:01:28,Robert Dawson
CASE-0721,Completed,2025-05-21 09:02:08,Diana Vasquez
CASE-0722,Submitted,2025-05-01 13:01:00,James Ortega
CASE-0722,Reviewed,2025-05-01 15:43:12,Tom Henderson
CASE-0722,Approved,2025-05-03 06:05:51,Diana Vasquez
CASE-0722,Completed,2025-05-03 10:50:17,Robert Dawson
CASE-0723,Submitted,2025-05-12 18:58:00,Sarah Mitchell
CASE-0723,Reviewed,2025-05-12 20:40:26,Marcus Chen
CASE-0723,Approved,2025-05-13 20:59:33,Robert Dawson
CASE-0723,Completed,2025-05-13 22:27:46,Robert Dawson
CASE-0724,Submitted,2025-05-05 11:12:00,Sarah Mitchell
CASE-0724,Reviewed,2025-05-05 16:47:08,Aisha Patel
CASE-0724,Approved,2025-05-06 22:21:11,Linda Park
CASE-0724,Completed,2025-05-06 23:26:51,Linda Park
CASE-0725,Submitted,2025-05-26 11:29:00,Kevin Nguyen
CASE-0725,Reviewed,2025-05-26 17:18:34,Tom Henderson
CASE-0725,Approved,2025-05-27 18:42:42,Linda Park
CASE-0725,Completed,2025-05-27 23:18:03,Linda Park
CASE-0726,Submitted,2025-05-05 08:54:00,Kevin Nguyen
CASE-0726,Reviewed,2025-05-05 10:35:24,Marcus Chen
CASE-0726,Sent Back for Correction,2025-05-05 13:56:10,Tom Henderson
CASE-0726,Reviewed,2025-05-05 18:11:36,Rachel Goldman
CASE-0726,Approved,2025-05-07 07:46:26,Robert Dawson
CASE-0726,Completed,2025-05-07 09:36:19,Diana Vasquez
CASE-0727,Submitted,2025-05-27 14:30:00,Kevin Nguyen
CASE-0727,Reviewed,2025-05-27 17:34:31,Marcus Chen
CASE-0727,Approved,2025-05-28 23:24:14,Linda Park
CASE-0727,Completed,2025-05-29 00:30:05,Robert Dawson
CASE-0728,Submitted,2025-04-30 15:31:00,James Ortega
CASE-0728,Reviewed,2025-04-30 17:16:48,Rachel Goldman
CASE-0728,Approved,2025-05-01 18:55:32,Diana Vasquez
CASE-0728,Completed,2025-05-01 22:41:54,Robert Dawson
CASE-0729,Submitted,2025-05-08 12:29:00,Sarah Mitchell
CASE-0729,Reviewed,2025-05-08 18:23:52,Rachel Goldman
CASE-0729,Approved,2025-05-10 00:40:14,Linda Park
CASE-0729,Completed,2025-05-10 02:54:20,Linda Park
CASE-0730,Submitted,2025-05-12 11:37:00,James Ortega
CASE-0730,Reviewed,2025-05-12 17:27:25,Rachel Goldman
CASE-0730,Approved,2025-05-13 15:41:45,Linda Park
CASE-0730,Completed,2025-05-13 19:21:59,Robert Dawson
CASE-0731,Submitted,2025-05-05 11:58:00,James Ortega
CASE-0731,Reviewed,2025-05-05 13:56:01,Rachel Goldman
CASE-0731,Approved,2025-05-07 06:11:23,Robert Dawson
CASE-0731,Completed,2025-05-07 09:24:52,Diana Vasquez
CASE-0732,Submitted,2025-05-16 09:32:00,Kevin Nguyen
CASE-0732,Reviewed,2025-05-16 11:41:28,Aisha Patel
CASE-0732,Approved,2025-05-17 18:10:45,Diana Vasquez
CASE-0732,Completed,2025-05-17 23:28:04,Diana Vasquez
CASE-0733,Submitted,2025-05-13 10:04:00,James Ortega
CASE-0733,Reviewed,2025-05-13 12:44:15,Tom Henderson
CASE-0733,Approved,2025-05-15 00:22:46,Robert Dawson
CASE-0733,Completed,2025-05-15 02:33:39,Diana Vasquez
CASE-0734,Submitted,2025-05-02 10:45:00,James Ortega
CASE-0734,Reviewed,2025-05-02 16:42:45,Rachel Goldman
CASE-0734,Approved,2025-05-05 04:41:13,Linda Park
CASE-0734,Completed,2025-05-05 08:34:39,Diana Vasquez
CASE-0735,Submitted,2025-05-07 17:01:00,Priya Sharma
CASE-0735,Reviewed,2025-05-07 19:24:39,Rachel Goldman
CASE-0735,Approved,2025-05-09 07:10:07,Robert Dawson
CASE-0735,Completed,2025-05-09 11:49:09,Diana Vasquez
CASE-0736,Submitted,2025-05-22 11:09:00,Priya Sharma
CASE-0736,Reviewed,2025-05-22 17:11:33,Marcus Chen
CASE-0736,Approved,2025-05-23 18:19:27,Diana Vasquez
CASE-0736,Completed,2025-05-23 20:03:12,Linda Park
CASE-0737,Submitted,2025-05-12 14:22:00,Kevin Nguyen
CASE-0737,Reviewed,2025-05-12 16:38:18,Tom Henderson
CASE-0737,Approved,2025-05-13 21:45:54,Diana Vasquez
CASE-0737,Completed,2025-05-14 01:53:06,Robert Dawson
CASE-0738,Submitted,2025-05-12 16:51:00,Priya Sharma
CASE-0738,Reviewed,2025-05-12 20:45:07,Marcus Chen
CASE-0738,Approved,2025-05-13 19:15:31,Linda Park
CASE-0738,Completed,2025-05-13 22:34:46,Linda Park
CASE-0739,Submitted,2025-05-29 14:46:00,Sarah Mitchell
CASE-0739,Reviewed,2025-05-29 20:48:47,Tom Henderson
CASE-0739,Approved,2025-05-31 00:41:22,Diana Vasquez
CASE-0739,Completed,2025-05-31 04:15:00,Linda Park
CASE-0740,Submitted,2025-05-08 07:05:00,Priya Sharma
CASE-0740,Reviewed,2025-05-08 10:19:05,Marcus Chen
CASE-0740,Approved,2025-05-09 17:31:49,Robert Dawson
CASE-0740,Completed,2025-05-09 21:49:09,Linda Park
CASE-0741,Submitted,2025-05-05 10:50:00,Sarah Mitchell
CASE-0741,Reviewed,2025-05-05 14:01:36,Aisha Patel
CASE-0741,Approved,2025-05-06 17:48:11,Robert Dawson
CASE-0741,Completed,2025-05-06 21:12:13,Linda Park
CASE-0742,Submitted,2025-05-02 13:04:00,Sarah Mitchell
CASE-0742,Reviewed,2025-05-02 17:33:50,Rachel Goldman
CASE-0742,Approved,2025-05-04 19:16:40,Diana Vasquez
CASE-0742,Completed,2025-05-04 23:05:11,Linda Park
CASE-0743,Submitted,2025-05-07 17:24:00,Sarah Mitchell
CASE-0743,Reviewed,2025-05-07 21:33:25,Rachel Goldman
CASE-0743,Approved,2025-05-08 23:42:30,Robert Dawson
CASE-0743,Completed,2025-05-09 02:10:52,Diana Vasquez
CASE-0744,Submitted,2025-05-28 12:53:00,Priya Sharma
CASE-0744,Reviewed,2025-05-28 16:48:41,Rachel Goldman
CASE-0744,Approved,2025-05-30 07:40:18,Diana Vasquez
CASE-0744,Completed,2025-05-30 12:25:19,Diana Vasquez
CASE-0745,Submitted,2025-05-22 16:03:00,James Ortega
CASE-0745,Reviewed,2025-05-22 22:03:35,Marcus Chen
CASE-0745,Approved,2025-05-24 06:05:33,Robert Dawson
CASE-0745,Completed,2025-05-24 08:28:08,Robert Dawson
CASE-0746,Submitted,2025-05-12 16:55:00,Sarah Mitchell
CASE-0746,Reviewed,2025-05-12 22:52:18,Marcus Chen
CASE-0746,Approved,2025-05-14 08:38:52,Linda Park
CASE-0746,Completed,2025-05-14 09:45:33,Christopher Hall
CASE-0747,Submitted,2025-05-12 15:09:00,Kevin Nguyen
CASE-0747,Reviewed,2025-05-12 17:54:50,Aisha Patel
CASE-0747,Approved,2025-05-14 08:52:49,Linda Park
CASE-0747,Completed,2025-05-14 10:17:38,Christopher Hall
CASE-0748,Submitted,2025-05-14 14:54:00,James Ortega
CASE-0748,Reviewed,2025-05-14 17:47:26,Tom Henderson
CASE-0748,Sent Back for Correction,2025-05-14 19:12:50,Tom Henderson
CASE-0748,Reviewed,2025-05-14 22:56:20,Tom Henderson
CASE-0748,Approved,2025-05-16 15:56:52,Linda Park
CASE-0748,Completed,2025-05-16 20:07:56,Christopher Hall
CASE-0749,Submitted,2025-05-12 12:29:00,Priya Sharma
CASE-0749,Reviewed,2025-05-12 18:43:52,Rachel Goldman
CASE-0749,Approved,2025-05-14 11:50:07,Linda Park
CASE-0749,Completed,2025-05-14 15:56:53,Linda Park
CASE-0750,Submitted,2025-05-16 10:09:00,Kevin Nguyen
CASE-0750,Reviewed,2025-05-16 14:39:42,Marcus Chen
CASE-0750,Approved,2025-05-18 15:04:41,Robert Dawson
CASE-0750,Completed,2025-05-18 19:08:58,Robert Dawson
CASE-0751,Submitted,2025-05-21 08:28:00,Sarah Mitchell
CASE-0751,Reviewed,2025-05-21 10:45:51,Marcus Chen
CASE-0751,Approved,2025-05-22 22:06:31,Christopher Hall
CASE-0751,Completed,2025-05-23 02:51:08,Robert Dawson
CASE-0752,Submitted,2025-05-12 13:37:00,James Ortega
CASE-0752,Reviewed,2025-05-12 18:33:21,Rachel Goldman
CASE-0752,Approved,2025-05-13 21:46:18,Christopher Hall
CASE-0752,Completed,2025-05-13 23:19:01,Linda Park
CASE-0753,Submitted,2025-05-21 16:45:00,Sarah Mitchell
CASE-0753,Reviewed,2025-05-21 19:34:29,Aisha Patel
CASE-0753,Approved,2025-05-22 14:29:28,Robert Dawson
CASE-0753,Completed,2025-05-22 17:24:18,Linda Park
CASE-0754,Submitted,2025-05-19 09:23:00,Priya Sharma
CASE-0754,Reviewed,2025-05-19 13:48:19,Aisha Patel
CASE-0754,Approved,2025-05-20 13:56:58,Linda Park
CASE-0754,Completed,2025-05-20 15:46:00,Linda Park
CASE-0755,Submitted,2025-05-12 09:44:00,Kevin Nguyen
CASE-0755,Reviewed,2025-05-12 15:47:55,Aisha Patel
CASE-0755,Approved,2025-05-13 21:29:33,Diana Vasquez
CASE-0755,Completed,2025-05-14 00:15:21,Diana Vasquez
CASE-0756,Submitted,2025-05-12 17:38:00,Sarah Mitchell
CASE-0756,Reviewed,2025-05-12 23:24:24,Aisha Patel
CASE-0756,Approved,2025-05-14 08:08:15,Robert Dawson
CASE-0756,Completed,2025-05-14 11:04:17,Diana Vasquez
CASE-0757,Submitted,2025-05-06 12:23:00,Kevin Nguyen
CASE-0757,Reviewed,2025-05-06 18:01:53,Tom Henderson
CASE-0757,Approved,2025-05-08 06:31:10,Robert Dawson
CASE-0757,Completed,2025-05-08 08:07:54,Robert Dawson
CASE-0758,Submitted,2025-05-19 10:26:00,Sarah Mitchell
CASE-0758,Reviewed,2025-05-19 16:10:14,Marcus Chen
CASE-0758,Approved,2025-05-20 13:00:26,Robert Dawson
CASE-0758,Completed,2025-05-20 17:57:45,Linda Park
CASE-0759,Submitted,2025-05-08 15:52:00,James Ortega
CASE-0759,Reviewed,2025-05-08 19:58:28,Marcus Chen
CASE-0759,Approved,2025-05-09 20:05:42,Linda Park
CASE-0759,Completed,2025-05-10 00:32:42,Robert Dawson
CASE-0760,Submitted,2025-05-05 09:52:00,James Ortega
CASE-0760,Reviewed,2025-05-05 13:58:13,Tom Henderson
CASE-0760,Approved,2025-05-06 21:10:07,Linda Park
CASE-0760,Completed,2025-05-06 23:46:51,Linda Park
CASE-0761,Submitted,2025-05-09 12:47:00,Priya Sharma
CASE-0761,Reviewed,2025-05-09 17:47:23,Aisha Patel
CASE-0761,Approved,2025-05-11 18:53:48,Linda Park
CASE-0761,Completed,2025-05-11 23:43:15,Diana Vasquez
CASE-0762,Submitted,2025-05-30 13:26:00,Priya Sharma
CASE-0762,Reviewed,2025-05-30 16:20:06,Rachel Goldman
CASE-0762,Approved,2025-06-02 00:56:35,Christopher Hall
CASE-0762,Completed,2025-06-02 05:09:42,Robert Dawson
CASE-0763,Submitted,2025-05-20 12:48:00,James Ortega
CASE-0763,Reviewed,2025-05-20 16:37:17,Rachel Goldman
CASE-0763,Approved,2025-05-21 16:42:38,Linda Park
CASE-0763,Completed,2025-05-21 18:35:20,Robert Dawson
CASE-0764,Submitted,2025-05-08 15:50:00,Priya Sharma
CASE-0764,Reviewed,2025-05-08 21:15:46,Aisha Patel
CASE-0764,Approved,2025-05-10 02:00:28,Linda Park
CASE-0764,Completed,2025-05-10 04:16:35,Diana Vasquez
CASE-0765,Submitted,2025-06-05 08:18:00,James Ortega
CASE-0765,Reviewed,2025-06-05 12:28:38,Aisha Patel
CASE-0765,Approved,2025-06-07 04:00:52,Robert Dawson
CASE-0765,Completed,2025-06-07 08:42:00,Diana Vasquez
CASE-0766,Submitted,2025-05-12 13:35:00,Sarah Mitchell
CASE-0766,Reviewed,2025-05-12 17:40:00,Marcus Chen
CASE-0766,Approved,2025-05-13 19:24:32,Linda Park
CASE-0766,Completed,2025-05-13 22:28:05,Linda Park
CASE-0767,Submitted,2025-05-21 07:30:00,James Ortega
CASE-0767,Reviewed,2025-05-21 11:09:37,Rachel Goldman
CASE-0767,Sent Back for Correction,2025-05-21 12:47:25,Marcus Chen
CASE-0767,Reviewed,2025-05-21 14:37:56,Marcus Chen
CASE-0767,Approved,2025-05-23 01:59:00,Diana Vasquez
CASE-0767,Completed,2025-05-23 06:30:41,Robert Dawson
CASE-0768,Submitted,2025-05-15 10:57:00,Sarah Mitchell
CASE-0768,Reviewed,2025-05-15 15:54:52,Rachel Goldman
CASE-0768,Approved,2025-05-17 02:04:11,Linda Park
CASE-0768,Completed,2025-05-17 04:53:28,Christopher Hall
CASE-0769,Submitted,2025-05-15 15:40:00,Kevin Nguyen
CASE-0769,Reviewed,2025-05-15 18:31:56,Tom Henderson
CASE-0769,Approved,2025-05-16 15:04:16,Linda Park
CASE-0769,Completed,2025-05-16 16:37:03,Diana Vasquez
CASE-0770,Submitted,2025-05-16 10:47:00,Sarah Mitchell
CASE-0770,Reviewed,2025-05-16 16:37:58,Tom Henderson
CASE-0770,Approved,2025-05-18 19:38:52,Christopher Hall
CASE-0770,Completed,2025-05-18 22:45:10,Robert Dawson
CASE-0771,Submitted,2025-05-19 14:22:00,Kevin Nguyen
CASE-0771,Reviewed,2025-05-19 19:15:36,Rachel Goldman
CASE-0771,Approved,2025-05-21 07:32:53,Robert Dawson
CASE-0771,Completed,2025-05-21 11:18:40,Robert Dawson
CASE-0772,Submitted,2025-06-02 09:56:00,Sarah Mitchell
CASE-0772,Reviewed,2025-06-02 15:10:57,Tom Henderson
CASE-0772,Approved,2025-06-04 00:03:54,Diana Vasquez
CASE-0772,Completed,2025-06-04 04:16:22,Christopher Hall
CASE-0773,Submitted,2025-05-16 11:30:00,James Ortega
CASE-0773,Reviewed,2025-05-16 14:32:30,Tom Henderson
CASE-0773,Approved,2025-05-18 21:22:48,Linda Park
CASE-0773,Completed,2025-05-18 22:38:09,Linda Park
CASE-0774,Submitted,2025-05-12 14:16:00,Priya Sharma
CASE-0774,Reviewed,2025-05-12 16:26:16,Rachel Goldman
CASE-0774,Approved,2025-05-14 05:48:53,Christopher Hall
CASE-0774,Completed,2025-05-14 07:19:23,Robert Dawson
CASE-0775,Submitted,2025-05-15 12:45:00,Sarah Mitchell
CASE-0775,Reviewed,2025-05-15 18:26:25,Marcus Chen
CASE-0775,Approved,2025-05-17 00:02:48,Diana Vasquez
CASE-0775,Completed,2025-05-17 04:19:08,Robert Dawson
CASE-0776,Submitted,2025-05-09 13:59:00,Priya Sharma
CASE-0776,Reviewed,2025-05-09 18:58:55,Aisha Patel
CASE-0776,Sent Back for Correction,2025-05-09 20:24:38,Rachel Goldman
CASE-0776,Reviewed,2025-05-09 22:58:51,Aisha Patel
CASE-0776,Approved,2025-05-12 12:32:09,Linda Park
CASE-0776,Completed,2025-05-12 14:28:06,Linda Park
CASE-0777,Submitted,2025-05-21 09:55:00,Sarah Mitchell
CASE-0777,Reviewed,2025-05-21 14:05:54,Marcus Chen
CASE-0777,Sent Back for Correction,2025-05-21 17:11:37,Tom Henderson
CASE-0777,Reviewed,2025-05-21 19:40:24,Rachel Goldman
CASE-0777,Approved,2025-05-22 23:12:04,Robert Dawson
CASE-0777,Completed,2025-05-23 04:12:36,Linda Park
CASE-0778,Submitted,2025-05-19 12:26:00,Kevin Nguyen
CASE-0778,Reviewed,2025-05-19 18:44:48,Rachel Goldman
CASE-0778,Approved,2025-05-20 18:15:14,Linda Park
CASE-0778,Completed,2025-05-20 22:11:57,Christopher Hall
CASE-0779,Submitted,2025-05-16 17:21:00,Sarah Mitchell
CASE-0779,Reviewed,2025-05-16 20:49:37,Marcus Chen
CASE-0779,Approved,2025-05-19 08:40:06,Christopher Hall
CASE-0779,Completed,2025-05-19 11:04:20,Diana Vasquez
CASE-0780,Submitted,2025-05-22 10:21:00,Kevin Nguyen
CASE-0780,Reviewed,2025-05-22 16:39:59,Rachel Goldman
CASE-0780,Approved,2025-05-23 20:42:26,Robert Dawson
CASE-0780,Completed,2025-05-23 21:54:41,Diana Vasquez
CASE-0781,Submitted,2025-05-22 15:43:00,Priya Sharma
CASE-0781,Reviewed,2025-05-22 19:30:01,Rachel Goldman
CASE-0781,Approved,2025-05-24 07:05:38,Linda Park
CASE-0781,Completed,2025-05-24 12:10:39,Linda Park
CASE-0782,Submitted,2025-05-19 13:27:00,James Ortega
CASE-0782,Reviewed,2025-05-19 15:24:40,Aisha Patel
CASE-0782,Approved,2025-05-20 15:45:56,Linda Park
CASE-0782,Completed,2025-05-20 19:29:10,Diana Vasquez
CASE-0783,Submitted,2025-05-12 17:23:00,Sarah Mitchell
CASE-0783,Reviewed,2025-05-12 21:17:27,Marcus Chen
CASE-0783,Approved,2025-05-13 17:09:42,Diana Vasquez
CASE-0783,Completed,2025-05-13 21:51:27,Robert Dawson
CASE-0784,Submitted,2025-05-27 13:07:00,Sarah Mitchell
CASE-0784,Reviewed,2025-05-27 18:51:02,Marcus Chen
CASE-0784,Sent Back for Correction,2025-05-27 22:14:36,Marcus Chen
CASE-0784,Reviewed,2025-05-28 00:41:43,Rachel Goldman
CASE-0784,Approved,2025-05-29 10:30:42,Diana Vasquez
CASE-0784,Completed,2025-05-29 13:07:10,Christopher Hall
CASE-0785,Submitted,2025-05-16 13:12:00,James Ortega
CASE-0785,Reviewed,2025-05-16 17:43:21,Marcus Chen
CASE-0785,Approved,2025-05-19 04:43:35,Christopher Hall
CASE-0785,Completed,2025-05-19 06:46:16,Linda Park
CASE-0786,Submitted,2025-05-19 13:28:00,James Ortega
CASE-0786,Reviewed,2025-05-19 18:20:32,Tom Henderson
CASE-0786,Sent Back for Correction,2025-05-19 20:13:19,Marcus Chen
CASE-0786,Reviewed,2025-05-20 00:09:17,Aisha Patel
CASE-0786,Approved,2025-05-21 10:09:33,Robert Dawson
CASE-0786,Completed,2025-05-21 14:44:18,Linda Park
CASE-0787,Submitted,2025-05-19 09:46:00,Sarah Mitchell
CASE-0787,Reviewed,2025-05-19 12:08:02,Tom Henderson
CASE-0787,Approved,2025-05-20 17:33:18,Robert Dawson
CASE-0787,Completed,2025-05-20 19:10:04,Linda Park
CASE-0788,Submitted,2025-05-15 13:12:00,James Ortega
CASE-0788,Reviewed,2025-05-15 16:58:49,Rachel Goldman
CASE-0788,Approved,2025-05-16 14:18:28,Linda Park
CASE-0788,Completed,2025-05-16 19:03:56,Robert Dawson
CASE-0789,Submitted,2025-05-26 14:22:00,Priya Sharma
CASE-0789,Reviewed,2025-05-26 20:11:18,Aisha Patel
CASE-0789,Sent Back for Correction,2025-05-26 23:16:34,Tom Henderson
CASE-0789,Reviewed,2025-05-27 04:35:10,Marcus Chen
CASE-0789,Approved,2025-05-28 20:19:53,Robert Dawson
CASE-0789,Completed,2025-05-28 21:58:29,Linda Park
CASE-0790,Submitted,2025-05-13 10:53:00,Sarah Mitchell
CASE-0790,Reviewed,2025-05-13 14:08:39,Aisha Patel
CASE-0790,Approved,2025-05-14 17:05:57,Robert Dawson
CASE-0790,Completed,2025-05-14 21:24:28,Linda Park
CASE-0791,Submitted,2025-05-20 18:52:00,Kevin Nguyen
CASE-0791,Reviewed,2025-05-20 23:05:24,Rachel Goldman
CASE-0791,Approved,2025-05-22 03:30:02,Robert Dawson
CASE-0791,Completed,2025-05-22 06:35:34,Robert Dawson
CASE-0792,Submitted,2025-05-12 13:34:00,Sarah Mitchell
CASE-0792,Reviewed,2025-05-12 18:21:52,Rachel Goldman
CASE-0792,Approved,2025-05-13 20:47:08,Robert Dawson
CASE-0792,Completed,2025-05-14 00:44:33,Robert Dawson
CASE-0793,Submitted,2025-05-14 08:04:00,Priya Sharma
CASE-0793,Reviewed,2025-05-14 12:36:53,Rachel Goldman
CASE-0793,Approved,2025-05-15 08:18:37,Diana Vasquez
CASE-0793,Completed,2025-05-15 09:58:33,Robert Dawson
CASE-0794,Submitted,2025-05-20 12:18:00,Priya Sharma
CASE-0794,Reviewed,2025-05-20 13:51:28,Tom Henderson
CASE-0794,Approved,2025-05-22 03:42:38,Linda Park
CASE-0794,Completed,2025-05-22 06:59:56,Linda Park
CASE-0795,Submitted,2025-05-23 15:17:00,Kevin Nguyen
CASE-0795,Reviewed,2025-05-23 20:22:12,Rachel Goldman
CASE-0795,Approved,2025-05-26 00:08:28,Diana Vasquez
CASE-0795,Completed,2025-05-26 03:39:30,Christopher Hall
CASE-0796,Submitted,2025-05-13 11:19:00,Sarah Mitchell
CASE-0796,Reviewed,2025-05-13 16:35:10,Aisha Patel
CASE-0796,Approved,2025-05-15 09:33:22,Robert Dawson
CASE-0796,Completed,2025-05-15 11:48:15,Linda Park
CASE-0797,Submitted,2025-05-26 12:56:00,Kevin Nguyen
CASE-0797,Reviewed,2025-05-26 16:06:23,Marcus Chen
CASE-0797,Approved,2025-05-27 22:57:36,Christopher Hall
CASE-0797,Completed,2025-05-28 00:58:06,Robert Dawson
CASE-0798,Submitted,2025-05-15 13:53:00,Kevin Nguyen
CASE-0798,Reviewed,2025-05-15 18:20:54,Marcus Chen
CASE-0798,Sent Back for Correction,2025-05-15 20:49:58,Rachel Goldman
CASE-0798,Reviewed,2025-05-16 00:59:59,Marcus Chen
CASE-0798,Approved,2025-05-17 04:27:00,Christopher Hall
CASE-0798,Completed,2025-05-17 07:20:29,Christopher Hall
CASE-0799,Submitted,2025-05-16 12:05:00,Priya Sharma
CASE-0799,Reviewed,2025-05-16 18:03:48,Marcus Chen
CASE-0799,Approved,2025-05-19 03:19:37,Robert Dawson
CASE-0799,Completed,2025-05-19 04:47:47,Diana Vasquez
CASE-0800,Submitted,2025-05-26 14:30:00,Sarah Mitchell
CASE-0800,Reviewed,2025-05-26 18:44:58,Rachel Goldman
CASE-0800,Approved,2025-05-27 18:15:19,Linda Park
CASE-0800,Completed,2025-05-27 22:39:55,Christopher Hall
CASE-0801,Submitted,2025-05-19 17:04:00,James Ortega
CASE-0801,Reviewed,2025-05-19 21:45:19,Rachel Goldman
CASE-0801,Sent Back for Correction,2025-05-20 00:00:13,Marcus Chen
CASE-0801,Reviewed,2025-05-20 05:45:22,Tom Henderson
CASE-0801,Approved,2025-05-21 03:07:15,Linda Park
CASE-0801,Completed,2025-05-21 04:50:08,Robert Dawson
CASE-0802,Submitted,2025-05-21 15:14:00,James Ortega
CASE-0802,Reviewed,2025-05-21 19:41:23,Rachel Goldman
CASE-0802,Approved,2025-05-23 06:16:25,Linda Park
CASE-0802,Completed,2025-05-23 10:14:57,Linda Park
CASE-0803,Submitted,2025-05-27 07:56:00,Sarah Mitchell
CASE-0803,Reviewed,2025-05-27 12:30:29,Rachel Goldman
CASE-0803,Approved,2025-05-28 19:25:01,Linda Park
CASE-0803,Completed,2025-05-28 23:03:50,Robert Dawson
CASE-0804,Submitted,2025-05-26 10:24:00,Kevin Nguyen
CASE-0804,Reviewed,2025-05-26 12:54:14,Tom Henderson
CASE-0804,Sent Back for Correction,2025-05-26 15:01:52,Rachel Goldman
CASE-0804,Reviewed,2025-05-26 19:02:12,Aisha Patel
CASE-0804,Approved,2025-05-28 00:26:03,Robert Dawson
CASE-0804,Completed,2025-05-28 02:47:12,Diana Vasquez
CASE-0805,Submitted,2025-05-22 10:06:00,Priya Sharma
CASE-0805,Reviewed,2025-05-22 13:35:19,Rachel Goldman
CASE-0805,Sent Back for Correction,2025-05-22 17:46:13,Tom Henderson
CASE-0805,Reviewed,2025-05-22 21:11:38,Aisha Patel
CASE-0805,Approved,2025-05-24 01:08:09,Robert Dawson
CASE-0805,Completed,2025-05-24 03:47:04,Christopher Hall
CASE-0806,Submitted,2025-05-30 15:09:00,Sarah Mitchell
CASE-0806,Reviewed,2025-05-30 18:29:20,Aisha Patel
CASE-0806,Approved,2025-06-01 21:05:58,Linda Park
CASE-0806,Completed,2025-06-02 02:07:48,Linda Park
CASE-0807,Submitted,2025-05-19 14:52:00,Kevin Nguyen
CASE-0807,Reviewed,2025-05-19 17:18:30,Rachel Goldman
CASE-0807,Approved,2025-05-21 06:13:19,Robert Dawson
CASE-0807,Completed,2025-05-21 10:04:16,Diana Vasquez
CASE-0808,Submitted,2025-05-26 15:30:00,Kevin Nguyen
CASE-0808,Reviewed,2025-05-26 20:12:09,Rachel Goldman
CASE-0808,Approved,2025-05-28 06:42:44,Linda Park
CASE-0808,Completed,2025-05-28 08:40:23,Diana Vasquez
CASE-0809,Submitted,2025-05-22 12:38:00,James Ortega
CASE-0809,Reviewed,2025-05-22 17:48:54,Rachel Goldman
CASE-0809,Approved,2025-05-24 03:41:12,Diana Vasquez
CASE-0809,Completed,2025-05-24 05:36:42,Robert Dawson
CASE-0810,Submitted,2025-05-22 16:39:00,Priya Sharma
CASE-0810,Reviewed,2025-05-22 21:17:23,Aisha Patel
CASE-0810,Approved,2025-05-23 23:50:39,Linda Park
CASE-0810,Completed,2025-05-24 00:53:54,Linda Park
CASE-0811,Submitted,2025-05-26 12:58:00,Kevin Nguyen
CASE-0811,Reviewed,2025-05-26 17:55:05,Tom Henderson
CASE-0811,Approved,2025-05-28 10:36:42,Christopher Hall
CASE-0811,Completed,2025-05-28 14:15:48,Diana Vasquez
CASE-0812,Submitted,2025-06-09 14:09:00,Sarah Mitchell
CASE-0812,Reviewed,2025-06-09 16:57:45,Marcus Chen
CASE-0812,Approved,2025-06-10 15:30:08,Robert Dawson
CASE-0812,Completed,2025-06-10 19:06:56,Diana Vasquez
CASE-0813,Submitted,2025-05-23 10:11:00,Priya Sharma
CASE-0813,Reviewed,2025-05-23 16:21:44,Aisha Patel
CASE-0813,Approved,2025-05-25 20:48:17,Linda Park
CASE-0813,Completed,2025-05-25 23:08:28,Linda Park
CASE-0814,Submitted,2025-05-21 16:25:00,Priya Sharma
CASE-0814,Reviewed,2025-05-21 19:04:37,Tom Henderson
CASE-0814,Approved,2025-05-22 13:56:57,Linda Park
CASE-0814,Completed,2025-05-22 15:33:21,Christopher Hall
CASE-0815,Submitted,2025-05-21 12:42:00,Kevin Nguyen
CASE-0815,Reviewed,2025-05-21 16:00:44,Tom Henderson
CASE-0815,Approved,2025-05-22 22:43:52,Robert Dawson
CASE-0815,Completed,2025-05-23 00:23:54,Robert Dawson
CASE-0816,Submitted,2025-05-29 13:18:00,Priya Sharma
CASE-0816,Reviewed,2025-05-29 19:06:54,Marcus Chen
CASE-0816,Approved,2025-05-30 21:26:58,Robert Dawson
CASE-0816,Completed,2025-05-31 01:08:02,Diana Vasquez
CASE-0817,Submitted,2025-06-03 09:37:00,James Ortega
CASE-0817,Reviewed,2025-06-03 15:34:52,Tom Henderson
CASE-0817,Sent Back for Correction,2025-06-03 18:10:48,Rachel Goldman
CASE-0817,Reviewed,2025-06-03 22:18:20,Tom Henderson
CASE-0817,Approved,2025-06-04 16:38:34,Linda Park
CASE-0817,Completed,2025-06-04 21:28:53,Robert Dawson
CASE-0818,Submitted,2025-05-16 12:15:00,Sarah Mitchell
CASE-0818,Reviewed,2025-05-16 17:17:31,Marcus Chen
CASE-0818,Approved,2025-05-19 06:09:32,Robert Dawson
CASE-0818,Completed,2025-05-19 07:38:15,Linda Park
CASE-0819,Submitted,2025-05-19 13:48:00,James Ortega
CASE-0819,Reviewed,2025-05-19 17:08:00,Rachel Goldman
CASE-0819,Sent Back for Correction,2025-05-19 19:49:28,Marcus Chen
CASE-0819,Reviewed,2025-05-19 22:48:55,Marcus Chen
CASE-0819,Approved,2025-05-21 11:08:01,Robert Dawson
CASE-0819,Completed,2025-05-21 14:45:26,Robert Dawson
CASE-0820,Submitted,2025-05-23 15:18:00,James Ortega
CASE-0820,Reviewed,2025-05-23 16:59:23,Rachel Goldman
CASE-0820,Approved,2025-05-26 08:38:11,Robert Dawson
CASE-0820,Completed,2025-05-26 12:08:07,Linda Park
CASE-0821,Submitted,2025-05-15 16:29:00,Priya Sharma
CASE-0821,Reviewed,2025-05-15 20:47:23,Marcus Chen
CASE-0821,Approved,2025-05-16 16:06:56,Christopher Hall
CASE-0821,Completed,2025-05-16 21:06:27,Diana Vasquez
CASE-0822,Submitted,2025-05-16 12:54:00,Kevin Nguyen
CASE-0822,Reviewed,2025-05-16 15:50:29,Aisha Patel
CASE-0822,Approved,2025-05-19 03:36:04,Linda Park
CASE-0822,Completed,2025-05-19 05:44:41,Christopher Hall
CASE-0823,Submitted,2025-05-22 15:16:00,Sarah Mitchell
CASE-0823,Reviewed,2025-05-22 17:25:53,Marcus Chen
CASE-0823,Approved,2025-05-23 11:34:25,Linda Park
CASE-0823,Completed,2025-05-23 16:51:39,Christopher Hall
CASE-0824,Submitted,2025-05-22 10:48:00,Kevin Nguyen
CASE-0824,Reviewed,2025-05-22 16:47:22,Rachel Goldman
CASE-0824,Approved,2025-05-24 08:07:56,Linda Park
CASE-0824,Completed,2025-05-24 12:47:57,Robert Dawson
CASE-0825,Submitted,2025-05-29 13:43:00,James Ortega
CASE-0825,Reviewed,2025-05-29 16:57:50,Rachel Goldman
CASE-0825,Approved,2025-05-30 20:39:23,Robert Dawson
CASE-0825,Completed,2025-05-30 23:46:51,Diana Vasquez
CASE-0826,Submitted,2025-05-28 08:00:00,James Ortega
CASE-0826,Reviewed,2025-05-28 11:40:36,Tom Henderson
CASE-0826,Approved,2025-05-30 04:34:13,Linda Park
CASE-0826,Completed,2025-05-30 08:15:01,Robert Dawson
CASE-0827,Submitted,2025-05-26 11:21:00,James Ortega
CASE-0827,Reviewed,2025-05-26 16:33:53,Marcus Chen
CASE-0827,Approved,2025-05-28 02:14:35,Linda Park
CASE-0827,Completed,2025-05-28 03:36:44,Diana Vasquez
CASE-0828,Submitted,2025-06-06 11:56:00,Sarah Mitchell
CASE-0828,Reviewed,2025-06-06 16:42:31,Tom Henderson
CASE-0828,Approved,2025-06-08 22:46:18,Linda Park
CASE-0828,Completed,2025-06-09 01:55:32,Robert Dawson
CASE-0829,Submitted,2025-05-22 12:07:00,Priya Sharma
CASE-0829,Reviewed,2025-05-22 17:18:11,Marcus Chen
CASE-0829,Approved,2025-05-24 06:05:49,Linda Park
CASE-0829,Completed,2025-05-24 08:52:52,Linda Park
CASE-0830,Submitted,2025-05-22 13:02:00,Sarah Mitchell
CASE-0830,Reviewed,2025-05-22 17:04:04,Tom Henderson
CASE-0830,Approved,2025-05-24 08:04:12,Robert Dawson
CASE-0830,Completed,2025-05-24 12:46:26,Robert Dawson
CASE-0831,Submitted,2025-05-23 10:59:00,James Ortega
CASE-0831,Reviewed,2025-05-23 14:11:02,Marcus Chen
CASE-0831,Sent Back for Correction,2025-05-23 15:58:09,Aisha Patel
CASE-0831,Reviewed,2025-05-23 20:11:48,Marcus Chen
CASE-0831,Approved,2025-05-26 11:14:07,Diana Vasquez
CASE-0831,Completed,2025-05-26 13:03:53,Linda Park
CASE-0832,Submitted,2025-05-19 13:12:00,James Ortega
CASE-0832,Reviewed,2025-05-19 18:08:14,Marcus Chen
CASE-0832,Approved,2025-05-20 13:17:21,Linda Park
CASE-0832,Completed,2025-05-20 17:13:13,Linda Park
CASE-0833,Submitted,2025-05-21 07:40:00,Sarah Mitchell
CASE-0833,Reviewed,2025-05-21 11:42:33,Marcus Chen
CASE-0833,Sent Back for Correction,2025-05-21 13:27:31,Marcus Chen
CASE-0833,Reviewed,2025-05-21 19:03:22,Rachel Goldman
CASE-0833,Approved,2025-05-22 23:45:10,Diana Vasquez
CASE-0833,Completed,2025-05-23 04:36:02,Christopher Hall
CASE-0834,Submitted,2025-05-26 14:03:00,James Ortega
CASE-0834,Reviewed,2025-05-26 19:43:10,Marcus Chen
CASE-0834,Approved,2025-05-27 19:18:23,Linda Park
CASE-0834,Completed,2025-05-27 20:53:20,Diana Vasquez
CASE-0835,Submitted,2025-05-26 12:43:00,Kevin Nguyen
CASE-0835,Reviewed,2025-05-26 18:47:15,Tom Henderson
CASE-0835,Approved,2025-05-27 18:45:35,Robert Dawson
CASE-0835,Completed,2025-05-27 21:34:38,Christopher Hall
CASE-0836,Submitted,2025-05-26 08:05:00,Sarah Mitchell
CASE-0836,Reviewed,2025-05-26 10:16:12,Tom Henderson
CASE-0836,Approved,2025-05-27 11:42:20,Robert Dawson
CASE-0836,Completed,2025-05-27 14:37:41,Linda Park
CASE-0837,Submitted,2025-05-23 16:01:00,Priya Sharma
CASE-0837,Reviewed,2025-05-23 18:37:23,Aisha Patel
CASE-0837,Approved,2025-05-25 21:34:11,Linda Park
CASE-0837,Completed,2025-05-25 22:56:17,Diana Vasquez
CASE-0838,Submitted,2025-06-05 10:25:00,James Ortega
CASE-0838,Reviewed,2025-06-05 13:23:30,Rachel Goldman
CASE-0838,Approved,2025-06-06 15:49:31,Linda Park
CASE-0838,Completed,2025-06-06 20:37:45,Robert Dawson
CASE-0839,Submitted,2025-05-22 08:16:00,Priya Sharma
CASE-0839,Reviewed,2025-05-22 12:43:30,Rachel Goldman
CASE-0839,Approved,2025-05-24 02:20:50,Linda Park
CASE-0839,Completed,2025-05-24 05:12:22,Diana Vasquez
CASE-0840,Submitted,2025-05-26 09:42:00,Priya Sharma
CASE-0840,Reviewed,2025-05-26 13:30:01,Aisha Patel
CASE-0840,Approved,2025-05-28 02:19:31,Robert Dawson
CASE-0840,Completed,2025-05-28 06:05:59,Linda Park
CASE-0841,Submitted,2025-06-11 13:57:00,Priya Sharma
CASE-0841,Reviewed,2025-06-11 19:02:02,Tom Henderson
CASE-0841,Approved,2025-06-12 20:54:52,Diana Vasquez
CASE-0841,Completed,2025-06-13 01:19:40,Robert Dawson
CASE-0842,Submitted,2025-05-28 13:51:00,Priya Sharma
CASE-0842,Reviewed,2025-05-28 17:27:08,Tom Henderson
CASE-0842,Approved,2025-05-30 09:35:03,Robert Dawson
CASE-0842,Completed,2025-05-30 14:13:03,Christopher Hall
CASE-0843,Submitted,2025-06-04 12:06:00,James Ortega
CASE-0843,Reviewed,2025-06-04 13:44:07,Tom Henderson
CASE-0843,Sent Back for Correction,2025-06-04 15:16:00,Aisha Patel
CASE-0843,Reviewed,2025-06-04 17:37:20,Rachel Goldman
CASE-0843,Approved,2025-06-05 12:21:32,Christopher Hall
CASE-0843,Completed,2025-06-05 15:53:20,Christopher Hall
CASE-0844,Submitted,2025-05-30 18:33:00,Priya Sharma
CASE-0844,Reviewed,2025-05-30 20:58:40,Marcus Chen
CASE-0844,Approved,2025-06-02 09:31:51,Robert Dawson
CASE-0844,Completed,2025-06-02 13:26:42,Christopher Hall
CASE-0845,Submitted,2025-05-23 13:42:00,Kevin Nguyen
CASE-0845,Reviewed,2025-05-23 18:42:06,Aisha Patel
CASE-0845,Approved,2025-05-26 04:21:20,Diana Vasquez
CASE-0845,Completed,2025-05-26 07:18:49,Robert Dawson
CASE-0846,Submitted,2025-06-03 15:07:00,Kevin Nguyen
CASE-0846,Reviewed,2025-06-03 19:49:42,Marcus Chen
CASE-0846,Sent Back for Correction,2025-06-03 21:47:31,Rachel Goldman
CASE-0846,Reviewed,2025-06-04 01:12:08,Tom Henderson
CASE-0846,Approved,2025-06-05 13:18:58,Linda Park
CASE-0846,Completed,2025-06-05 16:04:07,Diana Vasquez
CASE-0847,Submitted,2025-05-29 12:25:00,Sarah Mitchell
CASE-0847,Reviewed,2025-05-29 18:08:11,Rachel Goldman
CASE-0847,Approved,2025-05-31 11:07:31,Linda Park
CASE-0847,Completed,2025-05-31 15:49:26,Diana Vasquez
CASE-0848,Submitted,2025-06-03 11:05:00,James Ortega
CASE-0848,Reviewed,2025-06-03 12:50:00,Rachel Goldman
CASE-0848,Approved,2025-06-04 22:40:36,Robert Dawson
CASE-0848,Completed,2025-06-05 00:08:58,Linda Park
CASE-0849,Submitted,2025-05-30 10:02:00,Kevin Nguyen
CASE-0849,Reviewed,2025-05-30 14:26:36,Marcus Chen
CASE-0849,Sent Back for Correction,2025-05-30 18:02:58,Rachel Goldman
CASE-0849,Reviewed,2025-05-30 23:26:27,Tom Henderson
CASE-0849,Approved,2025-06-02 03:26:18,Robert Dawson
CASE-0849,Completed,2025-06-02 07:29:26,Christopher Hall
CASE-0850,Submitted,2025-06-02 17:28:00,Priya Sharma
CASE-0850,Reviewed,2025-06-02 20:47:36,Marcus Chen
CASE-0850,Approved,2025-06-04 14:46:49,Robert Dawson
CASE-0850,Completed,2025-06-04 17:18:09,Linda Park
CASE-0851,Submitted,2025-05-30 14:14:00,Sarah Mitchell
CASE-0851,Reviewed,2025-05-30 16:15:19,Tom Henderson
CASE-0851,Approved,2025-06-01 18:04:49,Diana Vasquez
CASE-0851,Completed,2025-06-01 19:45:14,Robert Dawson
CASE-0852,Submitted,2025-06-02 10:59:00,Sarah Mitchell
CASE-0852,Reviewed,2025-06-02 13:29:21,Rachel Goldman
CASE-0852,Approved,2025-06-03 17:51:45,Linda Park
CASE-0852,Completed,2025-06-03 21:46:10,Robert Dawson
CASE-0853,Submitted,2025-05-20 07:39:00,James Ortega
CASE-0853,Reviewed,2025-05-20 13:47:13,Rachel Goldman
CASE-0853,Approved,2025-05-22 04:54:00,Robert Dawson
CASE-0853,Completed,2025-05-22 09:05:04,Diana Vasquez
CASE-0854,Submitted,2025-05-29 16:47:00,Sarah Mitchell
CASE-0854,Reviewed,2025-05-29 19:22:17,Aisha Patel
CASE-0854,Approved,2025-05-31 13:06:06,Linda Park
CASE-0854,Completed,2025-05-31 17:25:57,Diana Vasquez
CASE-0855,Submitted,2025-06-05 16:15:00,Kevin Nguyen
CASE-0855,Reviewed,2025-06-05 19:33:52,Rachel Goldman
CASE-0855,Approved,2025-06-06 15:11:51,Linda Park
CASE-0855,Completed,2025-06-06 18:44:50,Robert Dawson
CASE-0856,Submitted,2025-05-28 13:08:00,Sarah Mitchell
CASE-0856,Reviewed,2025-05-28 17:28:24,Rachel Goldman
CASE-0856,Approved,2025-05-29 12:48:15,Robert Dawson
CASE-0856,Completed,2025-05-29 16:17:24,Linda Park
CASE-0857,Submitted,2025-05-28 11:58:00,Sarah Mitchell
CASE-0857,Reviewed,2025-05-28 14:01:06,Marcus Chen
CASE-0857,Approved,2025-05-29 23:19:25,Christopher Hall
CASE-0857,Completed,2025-05-30 00:44:31,Linda Park
CASE-0858,Submitted,2025-06-04 11:36:00,Kevin Nguyen
CASE-0858,Reviewed,2025-06-04 17:37:12,Marcus Chen
CASE-0858,Sent Back for Correction,2025-06-04 21:03:08,Tom Henderson
CASE-0858,Reviewed,2025-06-04 22:53:39,Rachel Goldman
CASE-0858,Approved,2025-06-06 11:10:21,Linda Park
CASE-0858,Completed,2025-06-06 15:27:57,Christopher Hall
CASE-0859,Submitted,2025-06-10 14:58:00,Sarah Mitchell
CASE-0859,Reviewed,2025-06-10 20:22:58,Aisha Patel
CASE-0859,Approved,2025-06-12 01:14:30,Christopher Hall
CASE-0859,Completed,2025-06-12 03:55:46,Robert Dawson
CASE-0860,Submitted,2025-06-04 09:16:00,James Ortega
CASE-0860,Reviewed,2025-06-04 12:06:34,Tom Henderson
CASE-0860,Sent Back for Correction,2025-06-04 15:22:27,Marcus Chen
CASE-0860,Reviewed,2025-06-04 21:24:27,Marcus Chen
CASE-0860,Approved,2025-06-05 22:57:15,Diana Vasquez
CASE-0860,Completed,2025-06-06 03:34:37,Robert Dawson
CASE-0861,Submitted,2025-06-02 11:19:00,James Ortega
CASE-0861,Reviewed,2025-06-02 15:03:01,Marcus Chen
CASE-0861,Approved,2025-06-04 08:21:29,Linda Park
CASE-0861,Completed,2025-06-04 11:17:27,Diana Vasquez
CASE-0862,Submitted,2025-06-09 10:31:00,Priya Sharma
CASE-0862,Reviewed,2025-06-09 15:15:45,Marcus Chen
CASE-0862,Approved,2025-06-10 16:13:18,Linda Park
CASE-0862,Completed,2025-06-10 18:12:48,Robert Dawson
CASE-0863,Submitted,2025-05-26 10:43:00,Kevin Nguyen
CASE-0863,Reviewed,2025-05-26 14:35:09,Aisha Patel
CASE-0863,Approved,2025-05-28 06:48:25,Linda Park
CASE-0863,Completed,2025-05-28 11:12:13,Linda Park
CASE-0864,Submitted,2025-05-27 12:29:00,Kevin Nguyen
CASE-0864,Reviewed,2025-05-27 18:44:31,Marcus Chen
CASE-0864,Approved,2025-05-29 10:31:07,Linda Park
CASE-0864,Completed,2025-05-29 15:18:48,Christopher Hall
CASE-0865,Submitted,2025-06-09 13:48:00,James Ortega
CASE-0865,Reviewed,2025-06-09 18:29:32,Aisha Patel
CASE-0865,Approved,2025-06-10 14:41:07,Diana Vasquez
CASE-0865,Completed,2025-06-10 18:27:30,Robert Dawson
CASE-0866,Submitted,2025-06-02 11:50:00,Sarah Mitchell
CASE-0866,Reviewed,2025-06-02 14:12:41,Aisha Patel
CASE-0866,Approved,2025-06-03 09:31:25,Robert Dawson
CASE-0866,Completed,2025-06-03 12:03:27,Linda Park
CASE-0867,Submitted,2025-06-03 11:16:00,James Ortega
CASE-0867,Reviewed,2025-06-03 14:12:22,Rachel Goldman
CASE-0867,Approved,2025-06-05 01:49:49,Linda Park
CASE-0867,Completed,2025-06-05 06:31:34,Robert Dawson
CASE-0868,Submitted,2025-05-28 09:48:00,Kevin Nguyen
CASE-0868,Reviewed,2025-05-28 14:40:22,Marcus Chen
CASE-0868,Approved,2025-05-29 14:51:19,Diana Vasquez
CASE-0868,Completed,2025-05-29 18:13:12,Diana Vasquez
CASE-0869,Submitted,2025-05-26 09:16:00,James Ortega
CASE-0869,Reviewed,2025-05-26 15:14:16,Tom Henderson
CASE-0869,Approved,2025-05-28 04:29:03,Robert Dawson
CASE-0869,Completed,2025-05-28 06:45:31,Robert Dawson
CASE-0870,Submitted,2025-06-02 10:22:00,Sarah Mitchell
CASE-0870,Reviewed,2025-06-02 13:30:59,Rachel Goldman
CASE-0870,Approved,2025-06-04 00:39:22,Robert Dawson
CASE-0870,Completed,2025-06-04 02:32:52,Diana Vasquez
CASE-0871,Submitted,2025-06-02 15:28:00,Kevin Nguyen
CASE-0871,Reviewed,2025-06-02 18:58:58,Rachel Goldman
CASE-0871,Approved,2025-06-03 14:24:04,Linda Park
CASE-0871,Completed,2025-06-03 17:54:19,Diana Vasquez
CASE-0872,Submitted,2025-06-09 18:42:00,Sarah Mitchell
CASE-0872,Reviewed,2025-06-09 20:33:19,Tom Henderson
CASE-0872,Approved,2025-06-10 18:27:01,Robert Dawson
CASE-0872,Completed,2025-06-10 21:33:53,Christopher Hall
CASE-0873,Submitted,2025-06-05 11:58:00,Priya Sharma
CASE-0873,Reviewed,2025-06-05 14:15:38,Rachel Goldman
CASE-0873,Approved,2025-06-06 15:37:18,Robert Dawson
CASE-0873,Completed,2025-06-06 19:21:31,Robert Dawson
CASE-0874,Submitted,2025-06-03 10:56:00,Sarah Mitchell
CASE-0874,Reviewed,2025-06-03 14:25:24,Marcus Chen
CASE-0874,Approved,2025-06-04 21:31:45,Christopher Hall
CASE-0874,Completed,2025-06-04 23:40:25,Linda Park
CASE-0875,Submitted,2025-05-30 10:26:00,James Ortega
CASE-0875,Reviewed,2025-05-30 15:45:48,Rachel Goldman
CASE-0875,Sent Back for Correction,2025-05-30 19:39:43,Marcus Chen
CASE-0875,Reviewed,2025-05-31 00:25:03,Aisha Patel
CASE-0875,Approved,2025-06-02 04:04:10,Linda Park
CASE-0875,Completed,2025-06-02 09:06:20,Diana Vasquez
CASE-0876,Submitted,2025-06-06 14:59:00,Sarah Mitchell
CASE-0876,Reviewed,2025-06-06 17:17:28,Tom Henderson
CASE-0876,Sent Back for Correction,2025-06-06 18:38:20,Aisha Patel
CASE-0876,Reviewed,2025-06-06 20:49:38,Aisha Patel
CASE-0876,Approved,2025-06-08 23:02:00,Robert Dawson
CASE-0876,Completed,2025-06-09 03:11:37,Linda Park
CASE-0877,Submitted,2025-06-13 09:11:00,Sarah Mitchell
CASE-0877,Reviewed,2025-06-13 14:17:17,Marcus Chen
CASE-0877,Approved,2025-06-16 03:45:20,Diana Vasquez
CASE-0877,Completed,2025-06-16 05:41:13,Robert Dawson
CASE-0878,Submitted,2025-06-16 12:41:00,Priya Sharma
CASE-0878,Reviewed,2025-06-16 18:24:20,Rachel Goldman
CASE-0878,Approved,2025-06-17 17:30:45,Robert Dawson
CASE-0878,Completed,2025-06-17 19:27:15,Robert Dawson
CASE-0879,Submitted,2025-06-02 12:50:00,Kevin Nguyen
CASE-0879,Reviewed,2025-06-02 18:55:59,Rachel Goldman
CASE-0879,Approved,2025-06-04 10:46:33,Diana Vasquez
CASE-0879,Completed,2025-06-04 15:42:19,Christopher Hall
CASE-0880,Submitted,2025-06-02 14:50:00,Kevin Nguyen
CASE-0880,Reviewed,2025-06-02 18:18:28,Rachel Goldman
CASE-0880,Approved,2025-06-04 00:19:44,Robert Dawson
CASE-0880,Completed,2025-06-04 01:47:15,Linda Park
CASE-0881,Submitted,2025-05-26 18:33:00,Kevin Nguyen
CASE-0881,Reviewed,2025-05-26 23:37:57,Marcus Chen
CASE-0881,Approved,2025-05-28 09:36:05,Diana Vasquez
CASE-0881,Completed,2025-05-28 13:16:09,Robert Dawson
CASE-0882,Submitted,2025-06-02 18:02:00,James Ortega
CASE-0882,Reviewed,2025-06-02 21:18:57,Rachel Goldman
CASE-0882,Approved,2025-06-03 19:36:32,Diana Vasquez
CASE-0882,Completed,2025-06-04 00:11:38,Robert Dawson
CASE-0883,Submitted,2025-06-02 15:47:00,James Ortega
CASE-0883,Reviewed,2025-06-02 21:47:31,Aisha Patel
CASE-0883,Approved,2025-06-04 12:09:43,Diana Vasquez
CASE-0883,Completed,2025-06-04 16:02:24,Linda Park
CASE-0884,Submitted,2025-05-30 13:02:00,Kevin Nguyen
CASE-0884,Reviewed,2025-05-30 16:21:21,Aisha Patel
CASE-0884,Approved,2025-06-01 18:43:54,Diana Vasquez
CASE-0884,Completed,2025-06-01 21:37:05,Robert Dawson
CASE-0885,Submitted,2025-06-05 16:26:00,Priya Sharma
CASE-0885,Reviewed,2025-06-05 21:38:04,Aisha Patel
CASE-0885,Approved,2025-06-06 21:48:30,Robert Dawson
CASE-0885,Completed,2025-06-07 01:38:11,Robert Dawson
CASE-0886,Submitted,2025-06-23 09:16:00,Sarah Mitchell
CASE-0886,Reviewed,2025-06-23 15:00:34,Marcus Chen
CASE-0886,Approved,2025-06-24 22:53:57,Linda Park
CASE-0886,Completed,2025-06-25 01:08:26,Robert Dawson
CASE-0887,Submitted,2025-06-09 17:06:00,Kevin Nguyen
CASE-0887,Reviewed,2025-06-09 22:05:47,Rachel Goldman
CASE-0887,Approved,2025-06-11 01:05:35,Diana Vasquez
CASE-0887,Completed,2025-06-11 05:36:11,Diana Vasquez
CASE-0888,Submitted,2025-06-13 08:51:00,Priya Sharma
CASE-0888,Reviewed,2025-06-13 13:53:15,Aisha Patel
CASE-0888,Approved,2025-06-14 16:52:05,Diana Vasquez
CASE-0888,Completed,2025-06-14 18:42:32,Robert Dawson
CASE-0889,Submitted,2025-06-06 10:23:00,James Ortega
CASE-0889,Reviewed,2025-06-06 12:29:41,Marcus Chen
CASE-0889,Approved,2025-06-07 21:41:05,Linda Park
CASE-0889,Completed,2025-06-07 23:29:12,Linda Park
CASE-0890,Submitted,2025-06-02 13:59:00,Kevin Nguyen
CASE-0890,Reviewed,2025-06-02 17:14:43,Marcus Chen
CASE-0890,Approved,2025-06-04 01:41:35,Linda Park
CASE-0890,Completed,2025-06-04 03:35:45,Robert Dawson
CASE-0891,Submitted,2025-06-02 10:47:00,Kevin Nguyen
CASE-0891,Reviewed,2025-06-02 16:36:46,Rachel Goldman
CASE-0891,Approved,2025-06-03 22:41:48,Linda Park
CASE-0891,Completed,2025-06-04 03:16:05,Robert Dawson
CASE-0892,Submitted,2025-06-17 14:21:00,Priya Sharma
CASE-0892,Reviewed,2025-06-17 17:21:47,Rachel Goldman
CASE-0892,Approved,2025-06-18 16:43:19,Robert Dawson
CASE-0892,Completed,2025-06-18 19:30:53,Linda Park
CASE-0893,Submitted,2025-06-12 15:23:00,Priya Sharma
CASE-0893,Reviewed,2025-06-12 20:43:49,Tom Henderson
CASE-0893,Approved,2025-06-14 01:23:20,Diana Vasquez
CASE-0893,Completed,2025-06-14 06:07:14,Robert Dawson
CASE-0894,Submitted,2025-06-02 13:24:00,Kevin Nguyen
CASE-0894,Reviewed,2025-06-02 15:52:48,Rachel Goldman
CASE-0894,Approved,2025-06-04 09:26:07,Diana Vasquez
CASE-0894,Completed,2025-06-04 11:44:37,Linda Park
CASE-0895,Submitted,2025-06-19 13:29:00,Kevin Nguyen
CASE-0895,Reviewed,2025-06-19 15:49:56,Rachel Goldman
CASE-0895,Approved,2025-06-21 08:22:39,Linda Park
CASE-0895,Completed,2025-06-21 13:02:51,Linda Park
CASE-0896,Submitted,2025-06-12 10:32:00,James Ortega
CASE-0896,Reviewed,2025-06-12 16:27:38,Rachel Goldman
CASE-0896,Approved,2025-06-14 03:22:01,Linda Park
CASE-0896,Completed,2025-06-14 05:05:07,Christopher Hall
CASE-0897,Submitted,2025-06-20 08:45:00,Priya Sharma
CASE-0897,Reviewed,2025-06-20 12:00:54,Marcus Chen
CASE-0897,Approved,2025-06-21 12:13:11,Robert Dawson
CASE-0897,Completed,2025-06-21 15:49:56,Christopher Hall
CASE-0898,Submitted,2025-05-30 18:06:00,Sarah Mitchell
CASE-0898,Reviewed,2025-05-30 22:56:39,Rachel Goldman
CASE-0898,Approved,2025-06-02 02:41:53,Linda Park
CASE-0898,Completed,2025-06-02 07:43:55,Diana Vasquez
CASE-0899,Submitted,2025-06-16 08:35:00,Sarah Mitchell
CASE-0899,Reviewed,2025-06-16 10:57:56,Marcus Chen
CASE-0899,Approved,2025-06-17 05:27:53,Diana Vasquez
CASE-0899,Completed,2025-06-17 08:20:52,Robert Dawson
CASE-0900,Submitted,2025-06-17 15:52:00,Priya Sharma
CASE-0900,Reviewed,2025-06-17 18:10:45,Rachel Goldman
CASE-0900,Approved,2025-06-19 11:08:49,Robert Dawson
CASE-0900,Completed,2025-06-19 13:40:25,Robert Dawson
CASE-0901,Submitted,2025-06-12 07:19:00,Sarah Mitchell
CASE-0901,Reviewed,2025-06-12 12:04:54,Tom Henderson
CASE-0901,Approved,2025-06-13 17:00:26,Robert Dawson
CASE-0901,Completed,2025-06-13 21:39:13,Diana Vasquez
CASE-0902,Submitted,2025-06-05 09:40:00,Priya Sharma
CASE-0902,Reviewed,2025-06-05 11:34:38,Marcus Chen
CASE-0902,Approved,2025-06-06 17:02:33,Christopher Hall
CASE-0902,Completed,2025-06-06 20:41:28,Linda Park
CASE-0903,Submitted,2025-06-11 10:55:00,James Ortega
CASE-0903,Reviewed,2025-06-11 14:20:09,Rachel Goldman
CASE-0903,Approved,2025-06-12 10:49:08,Diana Vasquez
CASE-0903,Completed,2025-06-12 14:13:18,Linda Park
CASE-0904,Submitted,2025-06-11 18:40:00,James Ortega
CASE-0904,Reviewed,2025-06-11 22:16:33,Rachel Goldman
CASE-0904,Approved,2025-06-13 12:37:53,Robert Dawson
CASE-0904,Completed,2025-06-13 14:37:52,Linda Park
CASE-0905,Submitted,2025-05-30 10:11:00,James Ortega
CASE-0905,Reviewed,2025-05-30 14:23:02,Marcus Chen
CASE-0905,Approved,2025-06-01 20:36:47,Linda Park
CASE-0905,Completed,2025-06-01 23:25:56,Linda Park
CASE-0906,Submitted,2025-06-09 11:05:00,Kevin Nguyen
CASE-0906,Reviewed,2025-06-09 16:28:39,Rachel Goldman
CASE-0906,Approved,2025-06-10 17:42:50,Diana Vasquez
CASE-0906,Completed,2025-06-10 20:26:53,Linda Park
CASE-0907,Submitted,2025-06-03 12:50:00,Kevin Nguyen
CASE-0907,Reviewed,2025-06-03 14:46:29,Rachel Goldman
CASE-0907,Approved,2025-06-05 06:46:19,Robert Dawson
CASE-0907,Completed,2025-06-05 08:04:22,Robert Dawson
CASE-0908,Submitted,2025-06-09 09:54:00,James Ortega
CASE-0908,Reviewed,2025-06-09 14:41:26,Rachel Goldman
CASE-0908,Approved,2025-06-11 00:20:35,Christopher Hall
CASE-0908,Completed,2025-06-11 03:10:33,Christopher Hall
CASE-0909,Submitted,2025-06-23 18:42:00,Kevin Nguyen
CASE-0909,Reviewed,2025-06-23 22:51:16,Rachel Goldman
CASE-0909,Sent Back for Correction,2025-06-24 02:19:53,Marcus Chen
CASE-0909,Reviewed,2025-06-24 04:37:49,Marcus Chen
CASE-0909,Approved,2025-06-25 09:41:35,Diana Vasquez
CASE-0909,Completed,2025-06-25 14:11:57,Diana Vasquez
CASE-0910,Submitted,2025-06-03 13:00:00,James Ortega
CASE-0910,Reviewed,2025-06-03 16:16:52,Tom Henderson
CASE-0910,Approved,2025-06-05 02:57:16,Linda Park
CASE-0910,Completed,2025-06-05 07:03:48,Robert Dawson
CASE-0911,Submitted,2025-06-16 08:18:00,Priya Sharma
CASE-0911,Reviewed,2025-06-16 10:31:28,Rachel Goldman
CASE-0911,Approved,2025-06-17 16:14:13,Linda Park
CASE-0911,Completed,2025-06-17 20:28:23,Christopher Hall
CASE-0912,Submitted,2025-06-09 13:09:00,Sarah Mitchell
CASE-0912,Reviewed,2025-06-09 17:19:24,Tom Henderson
CASE-0912,Approved,2025-06-11 10:34:14,Linda Park
CASE-0912,Completed,2025-06-11 13:14:49,Diana Vasquez
CASE-0913,Submitted,2025-06-16 10:36:00,Priya Sharma
CASE-0913,Reviewed,2025-06-16 14:57:23,Tom Henderson
CASE-0913,Approved,2025-06-17 14:16:22,Robert Dawson
CASE-0913,Completed,2025-06-17 15:51:02,Diana Vasquez
CASE-0914,Submitted,2025-06-06 08:41:00,Priya Sharma
CASE-0914,Reviewed,2025-06-06 13:18:18,Aisha Patel
CASE-0914,Approved,2025-06-07 18:18:32,Linda Park
CASE-0914,Completed,2025-06-07 20:40:45,Robert Dawson
CASE-0915,Submitted,2025-06-16 09:33:00,Sarah Mitchell
CASE-0915,Reviewed,2025-06-16 15:19:21,Rachel Goldman
CASE-0915,Approved,2025-06-17 18:48:48,Robert Dawson
CASE-0915,Completed,2025-06-17 23:45:48,Linda Park
CASE-0916,Submitted,2025-06-09 08:59:00,Sarah Mitchell
CASE-0916,Reviewed,2025-06-09 11:31:05,Rachel Goldman
CASE-0916,Approved,2025-06-11 01:19:15,Robert Dawson
CASE-0916,Completed,2025-06-11 02:40:13,Robert Dawson
CASE-0917,Submitted,2025-06-02 12:28:00,Priya Sharma
CASE-0917,Reviewed,2025-06-02 14:08:47,Aisha Patel
CASE-0917,Approved,2025-06-03 14:15:35,Linda Park
CASE-0917,Completed,2025-06-03 15:57:06,Linda Park
CASE-0918,Submitted,2025-06-05 18:25:00,Kevin Nguyen
CASE-0918,Reviewed,2025-06-05 23:10:28,Aisha Patel
CASE-0918,Approved,2025-06-07 06:19:00,Linda Park
CASE-0918,Completed,2025-06-07 09:40:33,Linda Park
CASE-0919,Submitted,2025-06-16 14:51:00,James Ortega
CASE-0919,Reviewed,2025-06-16 19:55:23,Rachel Goldman
CASE-0919,Approved,2025-06-17 20:59:10,Diana Vasquez
CASE-0919,Completed,2025-06-18 00:20:19,Linda Park
CASE-0920,Submitted,2025-06-13 12:42:00,Priya Sharma
CASE-0920,Reviewed,2025-06-13 18:41:47,Aisha Patel
CASE-0920,Approved,2025-06-16 10:08:59,Linda Park
CASE-0920,Completed,2025-06-16 12:34:18,Christopher Hall
CASE-0921,Submitted,2025-06-12 10:19:00,James Ortega
CASE-0921,Reviewed,2025-06-12 12:39:59,Rachel Goldman
CASE-0921,Approved,2025-06-13 23:20:06,Linda Park
CASE-0921,Completed,2025-06-14 01:18:28,Linda Park
CASE-0922,Submitted,2025-06-16 12:07:00,Kevin Nguyen
CASE-0922,Reviewed,2025-06-16 16:50:52,Tom Henderson
CASE-0922,Approved,2025-06-18 04:39:26,Linda Park
CASE-0922,Completed,2025-06-18 07:33:09,Diana Vasquez
CASE-0923,Submitted,2025-06-04 15:29:00,Kevin Nguyen
CASE-0923,Reviewed,2025-06-04 18:23:13,Marcus Chen
CASE-0923,Sent Back for Correction,2025-06-04 22:29:25,Marcus Chen
CASE-0923,Reviewed,2025-06-05 00:25:49,Aisha Patel
CASE-0923,Approved,2025-06-06 09:16:08,Diana Vasquez
CASE-0923,Completed,2025-06-06 11:46:53,Linda Park
CASE-0924,Submitted,2025-06-09 11:21:00,James Ortega
CASE-0924,Reviewed,2025-06-09 13:40:48,Rachel Goldman
CASE-0924,Approved,2025-06-10 22:57:09,Robert Dawson
CASE-0924,Completed,2025-06-11 04:08:29,Christopher Hall
CASE-0925,Submitted,2025-06-23 10:26:00,Sarah Mitchell
CASE-0925,Reviewed,2025-06-23 14:33:11,Marcus Chen
CASE-0925,Approved,2025-06-25 01:37:58,Diana Vasquez
CASE-0925,Completed,2025-06-25 03:27:58,Robert Dawson
CASE-0926,Submitted,2025-06-03 16:18:00,Kevin Nguyen
CASE-0926,Reviewed,2025-06-03 19:23:26,Rachel Goldman
CASE-0926,Approved,2025-06-05 03:24:37,Linda Park
CASE-0926,Completed,2025-06-05 05:00:24,Linda Park
CASE-0927,Submitted,2025-06-10 09:30:00,Sarah Mitchell
CASE-0927,Reviewed,2025-06-10 13:48:42,Marcus Chen
CASE-0927,Approved,2025-06-12 03:53:42,Robert Dawson
CASE-0927,Completed,2025-06-12 05:25:14,Robert Dawson
CASE-0928,Submitted,2025-06-30 10:06:00,James Ortega
CASE-0928,Reviewed,2025-06-30 13:24:01,Rachel Goldman
CASE-0928,Sent Back for Correction,2025-06-30 14:35:57,Tom Henderson
CASE-0928,Reviewed,2025-06-30 16:53:08,Aisha Patel
CASE-0928,Approved,2025-07-02 03:03:37,Linda Park
CASE-0928,Completed,2025-07-02 04:52:25,Robert Dawson
CASE-0929,Submitted,2025-06-10 08:56:00,Kevin Nguyen
CASE-0929,Reviewed,2025-06-10 11:22:46,Rachel Goldman
CASE-0929,Approved,2025-06-12 03:07:01,Diana Vasquez
CASE-0929,Completed,2025-06-12 05:16:23,Robert Dawson
CASE-0930,Submitted,2025-06-05 17:52:00,Priya Sharma
CASE-0930,Reviewed,2025-06-05 21:48:27,Aisha Patel
CASE-0930,Approved,2025-06-06 23:02:34,Diana Vasquez
CASE-0930,Completed,2025-06-07 00:36:03,Linda Park
CASE-0931,Submitted,2025-06-16 14:37:00,Priya Sharma
CASE-0931,Reviewed,2025-06-16 16:48:58,Aisha Patel
CASE-0931,Approved,2025-06-18 09:04:17,Christopher Hall
CASE-0931,Completed,2025-06-18 11:24:17,Christopher Hall
CASE-0932,Submitted,2025-06-09 11:01:00,Priya Sharma
CASE-0932,Reviewed,2025-06-09 16:37:18,Marcus Chen
CASE-0932,Approved,2025-06-10 13:33:22,Linda Park
CASE-0932,Completed,2025-06-10 16:31:55,Robert Dawson
CASE-0933,Submitted,2025-06-09 11:06:00,James Ortega
CASE-0933,Reviewed,2025-06-09 14:38:34,Rachel Goldman
CASE-0933,Approved,2025-06-10 12:22:00,Linda Park
CASE-0933,Completed,2025-06-10 16:22:57,Christopher Hall
CASE-0934,Submitted,2025-06-06 15:46:00,Priya Sharma
CASE-0934,Reviewed,2025-06-06 21:17:03,Aisha Patel
CASE-0934,Approved,2025-06-09 00:29:15,Linda Park
CASE-0934,Completed,2025-06-09 05:25:22,Robert Dawson
CASE-0935,Submitted,2025-06-09 13:57:00,Kevin Nguyen
CASE-0935,Reviewed,2025-06-09 18:37:06,Rachel Goldman
CASE-0935,Sent Back for Correction,2025-06-09 22:34:00,Rachel Goldman
CASE-0935,Reviewed,2025-06-10 03:32:56,Rachel Goldman
CASE-0935,Approved,2025-06-11 01:25:28,Diana Vasquez
CASE-0935,Completed,2025-06-11 05:59:03,Robert Dawson
CASE-0936,Submitted,2025-06-18 18:20:00,Sarah Mitchell
CASE-0936,Reviewed,2025-06-18 22:16:39,Tom Henderson
CASE-0936,Approved,2025-06-20 05:43:35,Linda Park
CASE-0936,Completed,2025-06-20 08:56:30,Robert Dawson
CASE-0937,Submitted,2025-06-23 13:07:00,James Ortega
CASE-0937,Reviewed,2025-06-23 18:51:52,Marcus Chen
CASE-0937,Approved,2025-06-25 00:06:42,Diana Vasquez
CASE-0937,Completed,2025-06-25 02:01:29,Robert Dawson
CASE-0938,Submitted,2025-06-16 08:22:00,James Ortega
CASE-0938,Reviewed,2025-06-16 10:37:58,Rachel Goldman
CASE-0938,Approved,2025-06-17 14:08:35,Robert Dawson
CASE-0938,Completed,2025-06-17 17:30:18,Linda Park
CASE-0939,Submitted,2025-06-19 13:27:00,Priya Sharma
CASE-0939,Reviewed,2025-06-19 19:39:29,Rachel Goldman
CASE-0939,Approved,2025-06-21 05:57:11,Robert Dawson
CASE-0939,Completed,2025-06-21 07:51:52,Robert Dawson
CASE-0940,Submitted,2025-06-16 11:41:00,Priya Sharma
CASE-0940,Reviewed,2025-06-16 15:19:59,Rachel Goldman
CASE-0940,Approved,2025-06-18 05:15:43,Robert Dawson
CASE-0940,Completed,2025-06-18 09:47:19,Christopher Hall
CASE-0941,Submitted,2025-06-18 15:19:00,James Ortega
CASE-0941,Reviewed,2025-06-18 18:05:01,Rachel Goldman
CASE-0941,Approved,2025-06-19 23:07:08,Linda Park
CASE-0941,Completed,2025-06-20 00:22:21,Robert Dawson
CASE-0942,Submitted,2025-06-12 12:39:00,Priya Sharma
CASE-0942,Reviewed,2025-06-12 14:34:52,Marcus Chen
CASE-0942,Approved,2025-06-14 05:57:37,Diana Vasquez
CASE-0942,Completed,2025-06-14 10:39:54,Linda Park
CASE-0943,Submitted,2025-06-17 11:13:00,Sarah Mitchell
CASE-0943,Reviewed,2025-06-17 15:07:41,Tom Henderson
CASE-0943,Approved,2025-06-18 16:19:23,Robert Dawson
CASE-0943,Completed,2025-06-18 17:49:05,Christopher Hall
CASE-0944,Submitted,2025-06-13 10:19:00,Kevin Nguyen
CASE-0944,Reviewed,2025-06-13 14:13:53,Aisha Patel
CASE-0944,Sent Back for Correction,2025-06-13 18:01:23,Rachel Goldman
CASE-0944,Reviewed,2025-06-13 20:42:08,Rachel Goldman
CASE-0944,Approved,2025-06-15 22:44:17,Linda Park
CASE-0944,Completed,2025-06-16 02:25:06,Diana Vasquez
CASE-0945,Submitted,2025-06-12 11:31:00,Kevin Nguyen
CASE-0945,Reviewed,2025-06-12 15:48:52,Rachel Goldman
CASE-0945,Approved,2025-06-14 04:25:22,Christopher Hall
CASE-0945,Completed,2025-06-14 05:27:37,Christopher Hall
CASE-0946,Submitted,2025-06-12 12:57:00,James Ortega
CASE-0946,Reviewed,2025-06-12 16:43:32,Aisha Patel
CASE-0946,Approved,2025-06-14 08:40:52,Christopher Hall
CASE-0946,Completed,2025-06-14 12:17:20,Christopher Hall
CASE-0947,Submitted,2025-06-17 16:34:00,Priya Sharma
CASE-0947,Reviewed,2025-06-17 21:35:30,Rachel Goldman
CASE-0947,Approved,2025-06-19 13:58:38,Christopher Hall
CASE-0947,Completed,2025-06-19 17:30:20,Robert Dawson
CASE-0948,Submitted,2025-06-05 11:32:00,James Ortega
CASE-0948,Reviewed,2025-06-05 17:43:55,Rachel Goldman
CASE-0948,Approved,2025-06-06 23:45:14,Christopher Hall
CASE-0948,Completed,2025-06-07 02:08:50,Diana Vasquez
CASE-0949,Submitted,2025-06-13 17:36:00,James Ortega
CASE-0949,Reviewed,2025-06-13 23:41:56,Rachel Goldman
CASE-0949,Approved,2025-06-16 08:42:41,Robert Dawson
CASE-0949,Completed,2025-06-16 13:44:04,Robert Dawson
CASE-0950,Submitted,2025-06-10 15:29:00,Priya Sharma
CASE-0950,Reviewed,2025-06-10 18:30:23,Rachel Goldman
CASE-0950,Approved,2025-06-12 11:21:40,Linda Park
CASE-0950,Completed,2025-06-12 14:22:13,Christopher Hall
CASE-0951,Submitted,2025-06-12 14:36:00,James Ortega
CASE-0951,Reviewed,2025-06-12 20:32:19,Marcus Chen
CASE-0951,Approved,2025-06-13 23:40:56,Diana Vasquez
CASE-0951,Completed,2025-06-14 02:08:49,Diana Vasquez
CASE-0952,Submitted,2025-06-12 16:25:00,Kevin Nguyen
CASE-0952,Reviewed,2025-06-12 19:19:34,Aisha Patel
CASE-0952,Approved,2025-06-14 05:10:56,Robert Dawson
CASE-0952,Completed,2025-06-14 08:35:43,Robert Dawson
CASE-0953,Submitted,2025-06-13 17:31:00,James Ortega
CASE-0953,Reviewed,2025-06-13 22:46:17,Tom Henderson
CASE-0953,Approved,2025-06-15 23:26:20,Diana Vasquez
CASE-0953,Completed,2025-06-16 02:23:54,Robert Dawson
CASE-0954,Submitted,2025-06-24 17:19:00,Priya Sharma
CASE-0954,Reviewed,2025-06-24 20:25:00,Marcus Chen
CASE-0954,Approved,2025-06-26 02:09:02,Linda Park
CASE-0954,Completed,2025-06-26 04:02:07,Linda Park
CASE-0955,Submitted,2025-06-16 10:38:00,Kevin Nguyen
CASE-0955,Reviewed,2025-06-16 12:58:32,Rachel Goldman
CASE-0955,Approved,2025-06-17 20:48:36,Robert Dawson
CASE-0955,Completed,2025-06-18 01:48:57,Robert Dawson
CASE-0956,Submitted,2025-06-20 11:00:00,Sarah Mitchell
CASE-0956,Reviewed,2025-06-20 17:00:46,Tom Henderson
CASE-0956,Approved,2025-06-22 18:30:40,Diana Vasquez
CASE-0956,Completed,2025-06-22 22:52:11,Diana Vasquez
CASE-0957,Submitted,2025-06-12 10:29:00,Priya Sharma
CASE-0957,Reviewed,2025-06-12 12:54:09,Marcus Chen
CASE-0957,Sent Back for Correction,2025-06-12 16:12:09,Rachel Goldman
CASE-0957,Reviewed,2025-06-12 21:47:49,Rachel Goldman
CASE-0957,Approved,2025-06-14 13:01:41,Christopher Hall
CASE-0957,Completed,2025-06-14 16:40:39,Linda Park
CASE-0958,Submitted,2025-06-09 15:00:00,Sarah Mitchell
CASE-0958,Reviewed,2025-06-09 18:05:24,Marcus Chen
CASE-0958,Sent Back for Correction,2025-06-09 21:22:47,Rachel Goldman
CASE-0958,Reviewed,2025-06-09 23:16:12,Rachel Goldman
CASE-0958,Approved,2025-06-11 03:25:35,Linda Park
CASE-0958,Completed,2025-06-11 04:31:02,Robert Dawson
CASE-0959,Submitted,2025-06-16 07:27:00,Priya Sharma
CASE-0959,Reviewed,2025-06-16 11:20:32,Rachel Goldman
CASE-0959,Approved,2025-06-17 17:45:44,Christopher Hall
CASE-0959,Completed,2025-06-17 19:20:13,Linda Park
CASE-0960,Submitted,2025-06-19 09:56:00,Priya Sharma
CASE-0960,Reviewed,2025-06-19 14:08:54,Rachel Goldman
CASE-0960,Approved,2025-06-21 05:50:51,Christopher Hall
CASE-0960,Completed,2025-06-21 10:35:58,Christopher Hall
CASE-0961,Submitted,2025-06-20 12:00:00,Kevin Nguyen
CASE-0961,Reviewed,2025-06-20 15:17:57,Tom Henderson
CASE-0961,Approved,2025-06-23 01:19:16,Robert Dawson
CASE-0961,Completed,2025-06-23 04:56:27,Diana Vasquez
CASE-0962,Submitted,2025-06-17 15:24:00,James Ortega
CASE-0962,Reviewed,2025-06-17 17:13:07,Marcus Chen
CASE-0962,Approved,2025-06-18 15:54:53,Linda Park
CASE-0962,Completed,2025-06-18 18:13:31,Linda Park
CASE-0963,Submitted,2025-06-30 08:35:00,Priya Sharma
CASE-0963,Reviewed,2025-06-30 10:45:39,Rachel Goldman
CASE-0963,Approved,2025-07-01 05:28:05,Robert Dawson
CASE-0963,Completed,2025-07-01 10:35:20,Robert Dawson
CASE-0964,Submitted,2025-06-16 14:14:00,James Ortega
CASE-0964,Reviewed,2025-06-16 19:49:05,Rachel Goldman
CASE-0964,Approved,2025-06-17 18:44:34,Robert Dawson
CASE-0964,Completed,2025-06-17 21:04:06,Robert Dawson
CASE-0965,Submitted,2025-06-27 10:19:00,Priya Sharma
CASE-0965,Reviewed,2025-06-27 14:22:02,Rachel Goldman
CASE-0965,Approved,2025-06-29 21:19:21,Linda Park
CASE-0965,Completed,2025-06-29 22:32:16,Linda Park
CASE-0966,Submitted,2025-06-23 11:12:00,Kevin Nguyen
CASE-0966,Reviewed,2025-06-23 15:46:20,Aisha Patel
CASE-0966,Approved,2025-06-25 03:44:48,Robert Dawson
CASE-0966,Completed,2025-06-25 08:46:35,Robert Dawson
CASE-0967,Submitted,2025-06-19 15:15:00,Priya Sharma
CASE-0967,Reviewed,2025-06-19 20:31:50,Tom Henderson
CASE-0967,Approved,2025-06-20 16:23:34,Robert Dawson
CASE-0967,Completed,2025-06-20 18:54:52,Diana Vasquez
CASE-0968,Submitted,2025-06-27 11:17:00,Sarah Mitchell
CASE-0968,Reviewed,2025-06-27 16:00:09,Marcus Chen
CASE-0968,Approved,2025-06-30 01:27:41,Robert Dawson
CASE-0968,Completed,2025-06-30 05:02:02,Linda Park
CASE-0969,Submitted,2025-06-23 17:46:00,James Ortega
CASE-0969,Reviewed,2025-06-23 22:25:47,Tom Henderson
CASE-0969,Approved,2025-06-24 21:43:55,Christopher Hall
CASE-0969,Completed,2025-06-24 23:34:42,Robert Dawson
CASE-0970,Submitted,2025-06-25 12:59:00,Kevin Nguyen
CASE-0970,Reviewed,2025-06-25 18:14:04,Rachel Goldman
CASE-0970,Sent Back for Correction,2025-06-25 20:15:14,Marcus Chen
CASE-0970,Reviewed,2025-06-26 01:36:02,Marcus Chen
CASE-0970,Approved,2025-06-27 10:35:34,Robert Dawson
CASE-0970,Completed,2025-06-27 13:20:57,Linda Park
CASE-0971,Submitted,2025-06-25 13:04:00,James Ortega
CASE-0971,Reviewed,2025-06-25 15:24:05,Rachel Goldman
CASE-0971,Approved,2025-06-26 12:12:12,Robert Dawson
CASE-0971,Completed,2025-06-26 15:09:09,Christopher Hall
CASE-0972,Submitted,2025-06-26 07:42:00,James Ortega
CASE-0972,Reviewed,2025-06-26 13:01:22,Aisha Patel
CASE-0972,Approved,2025-06-27 20:52:08,Linda Park
CASE-0972,Completed,2025-06-28 00:33:37,Robert Dawson
CASE-0973,Submitted,2025-06-13 15:27:00,James Ortega
CASE-0973,Reviewed,2025-06-13 19:25:48,Marcus Chen
CASE-0973,Sent Back for Correction,2025-06-13 21:44:45,Rachel Goldman
CASE-0973,Reviewed,2025-06-14 00:57:06,Rachel Goldman
CASE-0973,Approved,2025-06-16 07:16:12,Diana Vasquez
CASE-0973,Completed,2025-06-16 10:03:46,Christopher Hall
CASE-0974,Submitted,2025-06-30 10:27:00,Kevin Nguyen
CASE-0974,Reviewed,2025-06-30 14:57:58,Rachel Goldman
CASE-0974,Approved,2025-07-01 20:53:18,Robert Dawson
CASE-0974,Completed,2025-07-02 00:19:49,Linda Park
CASE-0975,Submitted,2025-06-23 12:05:00,Sarah Mitchell
CASE-0975,Reviewed,2025-06-23 18:07:57,Rachel Goldman
CASE-0975,Approved,2025-06-25 03:15:04,Robert Dawson
CASE-0975,Completed,2025-06-25 06:05:25,Linda Park
CASE-0976,Submitted,2025-06-13 18:22:00,Sarah Mitchell
CASE-0976,Reviewed,2025-06-13 23:12:35,Marcus Chen
CASE-0976,Approved,2025-06-16 09:15:54,Linda Park
CASE-0976,Completed,2025-06-16 11:37:45,Christopher Hall
CASE-0977,Submitted,2025-06-30 08:37:00,Priya Sharma
CASE-0977,Reviewed,2025-06-30 12:27:09,Rachel Goldman
CASE-0977,Approved,2025-07-02 00:55:54,Linda Park
CASE-0977,Completed,2025-07-02 02:16:40,Linda Park
CASE-0978,Submitted,2025-06-16 08:16:00,Priya Sharma
CASE-0978,Reviewed,2025-06-16 11:52:39,Aisha Patel
CASE-0978,Approved,2025-06-17 06:46:13,Diana Vasquez
CASE-0978,Completed,2025-06-17 09:48:05,Christopher Hall
CASE-0979,Submitted,2025-06-23 12:32:00,Sarah Mitchell
CASE-0979,Reviewed,2025-06-23 16:50:45,Marcus Chen
CASE-0979,Approved,2025-06-24 16:05:43,Linda Park
CASE-0979,Completed,2025-06-24 21:11:15,Diana Vasquez
CASE-0980,Submitted,2025-06-25 10:51:00,James Ortega
CASE-0980,Reviewed,2025-06-25 16:45:02,Tom Henderson
CASE-0980,Approved,2025-06-26 17:14:43,Linda Park
CASE-0980,Completed,2025-06-26 20:41:14,Linda Park
CASE-0981,Submitted,2025-06-16 12:10:00,Priya Sharma
CASE-0981,Reviewed,2025-06-16 15:16:52,Aisha Patel
CASE-0981,Approved,2025-06-17 16:36:47,Linda Park
CASE-0981,Completed,2025-06-17 19:23:42,Christopher Hall
CASE-0982,Submitted,2025-06-19 13:01:00,Sarah Mitchell
CASE-0982,Reviewed,2025-06-19 17:36:39,Rachel Goldman
CASE-0982,Approved,2025-06-21 09:15:03,Christopher Hall
CASE-0982,Completed,2025-06-21 11:10:54,Linda Park
CASE-0983,Submitted,2025-06-16 11:55:00,James Ortega
CASE-0983,Reviewed,2025-06-16 14:32:11,Rachel Goldman
CASE-0983,Approved,2025-06-17 14:57:38,Linda Park
CASE-0983,Completed,2025-06-17 19:05:43,Linda Park
CASE-0984,Submitted,2025-06-18 08:03:00,Kevin Nguyen
CASE-0984,Reviewed,2025-06-18 11:14:14,Rachel Goldman
CASE-0984,Approved,2025-06-19 14:49:39,Diana Vasquez
CASE-0984,Completed,2025-06-19 19:32:40,Linda Park
CASE-0985,Submitted,2025-06-23 16:11:00,Sarah Mitchell
CASE-0985,Reviewed,2025-06-23 18:34:01,Rachel Goldman
CASE-0985,Approved,2025-06-25 01:21:59,Diana Vasquez
CASE-0985,Completed,2025-06-25 03:44:33,Linda Park
CASE-0986,Submitted,2025-06-16 11:07:00,Priya Sharma
CASE-0986,Reviewed,2025-06-16 13:54:01,Rachel Goldman
CASE-0986,Approved,2025-06-17 13:19:18,Robert Dawson
CASE-0986,Completed,2025-06-17 17:47:04,Robert Dawson
CASE-0987,Submitted,2025-06-19 15:43:00,Priya Sharma
CASE-0987,Reviewed,2025-06-19 21:22:36,Tom Henderson
CASE-0987,Approved,2025-06-20 20:56:08,Robert Dawson
CASE-0987,Completed,2025-06-21 00:33:52,Robert Dawson
CASE-0988,Submitted,2025-06-16 15:46:00,Sarah Mitchell
CASE-0988,Reviewed,2025-06-16 21:09:35,Tom Henderson
CASE-0988,Approved,2025-06-18 04:14:03,Linda Park
CASE-0988,Completed,2025-06-18 09:27:50,Linda Park
CASE-0989,Submitted,2025-06-23 15:53:00,Priya Sharma
CASE-0989,Reviewed,2025-06-23 18:02:31,Rachel Goldman
CASE-0989,Approved,2025-06-24 21:47:20,Diana Vasquez
CASE-0989,Completed,2025-06-25 00:43:40,Linda Park
CASE-0990,Submitted,2025-06-30 11:28:00,Sarah Mitchell
CASE-0990,Reviewed,2025-06-30 15:10:17,Aisha Patel
CASE-0990,Sent Back for Correction,2025-06-30 18:51:41,Rachel Goldman
CASE-0990,Reviewed,2025-06-30 21:52:11,Tom Henderson
CASE-0990,Approved,2025-07-02 06:36:42,Linda Park
CASE-0990,Completed,2025-07-02 09:28:50,Linda Park
CASE-0991,Submitted,2025-06-24 09:37:00,Priya Sharma
CASE-0991,Reviewed,2025-06-24 12:00:34,Rachel Goldman
CASE-0991,Approved,2025-06-25 06:42:31,Linda Park
CASE-0991,Completed,2025-06-25 08:52:02,Diana Vasquez
CASE-0992,Submitted,2025-06-30 10:13:00,Sarah Mitchell
CASE-0992,Reviewed,2025-06-30 12:58:54,Tom Henderson
CASE-0992,Sent Back for Correction,2025-06-30 14:23:48,Rachel Goldman
CASE-0992,Reviewed,2025-06-30 19:02:26,Tom Henderson
CASE-0992,Approved,2025-07-01 13:36:52,Diana Vasquez
CASE-0992,Completed,2025-07-01 17:50:57,Robert Dawson
CASE-0993,Submitted,2025-06-27 12:07:00,Priya Sharma
CASE-0993,Reviewed,2025-06-27 16:11:27,Marcus Chen
CASE-0993,Approved,2025-06-29 21:02:38,Linda Park
CASE-0993,Completed,2025-06-30 00:14:38,Christopher Hall
CASE-0994,Submitted,2025-06-19 11:56:00,Sarah Mitchell
CASE-0994,Reviewed,2025-06-19 17:59:34,Rachel Goldman
CASE-0994,Approved,2025-06-21 01:26:10,Linda Park
CASE-0994,Completed,2025-06-21 05:19:35,Robert Dawson
CASE-0995,Submitted,2025-06-19 09:01:00,Sarah Mitchell
CASE-0995,Reviewed,2025-06-19 10:40:36,Tom Henderson
CASE-0995,Approved,2025-06-20 14:50:01,Linda Park
CASE-0995,Completed,2025-06-20 17:27:14,Robert Dawson
CASE-0996,Submitted,2025-06-26 12:37:00,Kevin Nguyen
CASE-0996,Reviewed,2025-06-26 14:55:19,Marcus Chen
CASE-0996,Approved,2025-06-27 19:50:54,Linda Park
CASE-0996,Completed,2025-06-27 22:32:59,Diana Vasquez
CASE-0997,Submitted,2025-06-27 15:40:00,James Ortega
CASE-0997,Reviewed,2025-06-27 20:54:51,Marcus Chen
CASE-0997,Approved,2025-06-30 09:06:23,Linda Park
CASE-0997,Completed,2025-06-30 11:55:57,Diana Vasquez
CASE-0998,Submitted,2025-06-23 15:41:00,Kevin Nguyen
CASE-0998,Reviewed,2025-06-23 20:27:59,Marcus Chen
CASE-0998,Approved,2025-06-25 06:31:43,Diana Vasquez
CASE-0998,Completed,2025-06-25 10:46:53,Linda Park
CASE-0999,Submitted,2025-06-18 10:32:00,Kevin Nguyen
CASE-0999,Reviewed,2025-06-18 13:21:59,Rachel Goldman
CASE-0999,Approved,2025-06-20 02:18:26,Linda Park
CASE-0999,Completed,2025-06-20 05:46:11,Christopher Hall
CASE-1000,Submitted,2025-06-19 13:59:00,Priya Sharma
CASE-1000,Reviewed,2025-06-19 17:44:07,Rachel Goldman
CASE-1000,Sent Back for Correction,2025-06-19 19:34:59,Rachel Goldman
CASE-1000,Reviewed,2025-06-19 21:57:36,Marcus Chen
CASE-1000,Approved,2025-06-20 18:33:53,Diana Vasquez
CASE-1000,Completed,2025-06-20 23:17:18,Robert Dawson
